branch_key,generation,action_type,operator_id,action_sha256,parent_candidate_id,parent_sequence_sha256,parent_sequence,rescue_endpoint,rescue_metric,parent_rescue_metric_value,family_key_80_80,family_representative_sequence,new_family_relative_to_all_references,diversity_qualified,edit_position_1based,edit,sequence,sequence_sha256,candidate_id,guruprasad_instability_index,maximum_hydrophobic_run,hydrophobic_fraction,net_charge_ph7_4,historical_exact_replay,score_all_status,molecular_weight_da,isoelectric_point,hydrophobic_ratio_modlamp,hydrophobic_moment_eisenberg,macrel_amp_probability,macrel_hemolysis_probability,macrel_hemolysis_label,toxinpred3_ml_score,toxinpred3_hybrid_score,toxinpred3_label,rescue_metric_improvement,safety_hard_gate_pass,rescue_gain_positive,full_score_shortlist,llamp_log10_mic_um,llamp_predicted_mic_um,amp_read_log10_mic_um,amp_read_predicted_mic_um,amp_read_cnn_log10_mic_um,amp_read_transformer_log10_mic_um,amp_read_attention_log10_mic_um,amp_read_lstm_log10_mic_um,formal_metric_count,formal_12_complete,display_eligible,activity_model_support_count,excellent_sequence_stage,structure_md_status,amp_read_log10_mic_um__parent_benefit_percentile,llamp_log10_mic_um__parent_benefit_percentile,macrel_amp_probability__parent_benefit_percentile,activity_model_support_count_calibrated,excellent_sequence_stage_calibrated,activity_support_semantics
gyra,14,masked_substitution,autoresearch-macrel-endpoint-rescue-v1,71ef2b8665b36e3585c04baad7d887e0f31c8de147bdf5d0f9cb9607beeea799,7a0b80d8c18a317d4d021865a7dc9e9c64aad3bda60ebb11f4bd1934a53f7d27,7a0b80d8c18a317d4d021865a7dc9e9c64aad3bda60ebb11f4bd1934a53f7d27,RLGKTKKEGKGKKDARGKHRNKFTKH,macrel,macrel_amp_probability,0.135,seqfam80_7a0b80d8c18a317d4d02,RLGKTKKEGKGKKDARGKHRNKFTKH,true,true,1,R1A,ALGKTKKEGKGKKDARGKHRNKFTKH,19977390cc9c6613123fb43bc8373e54a133ce6007c91d33f71fe8f35aa7af03,proposal-19977390cc9c6613123f,3.876923076923075,2,0.15384615384615385,9.069,false,search_prefilter,2949.43,11.4267578125,0.15384615384615385,0.11987906461475623,0.277,0.386,low,0.42,0.0,Non-Toxin,0.14200000000000002,true,true,true,1.1766966581344604,15.020924324098246,1.8182868141543924,65.80923072452353,2.3089990615844727,2.0058555603027344,0.8626769781112671,2.09564471244812,12,true,true,0,false,not_started,0.942217,0.962264,0.949292,3,true,at_or_above_parent_run_top_quartile_per_independent_model
gyra,14,masked_substitution,autoresearch-macrel-endpoint-rescue-v1,bf677e824ed86e14d14c35b1f850930447483375879f2f383797a5b757bd8d65,7a0b80d8c18a317d4d021865a7dc9e9c64aad3bda60ebb11f4bd1934a53f7d27,7a0b80d8c18a317d4d021865a7dc9e9c64aad3bda60ebb11f4bd1934a53f7d27,RLGKTKKEGKGKKDARGKHRNKFTKH,macrel,macrel_amp_probability,0.135,seqfam80_7a0b80d8c18a317d4d02,RLGKTKKEGKGKKDARGKHRNKFTKH,true,true,1,R1I,ILGKTKKEGKGKKDARGKHRNKFTKH,9ddb126168fb715b34eb57d709a68d30f0dfe00d6aecd08a931f58f62ebdd28f,proposal-9ddb126168fb715b34eb,11.284615384615387,2,0.15384615384615385,9.069,false,search_prefilter,2991.51,11.4267578125,0.15384615384615385,0.14483798946037835,0.297,0.406,low,0.425,0.0,Non-Toxin,0.16199999999999998,true,true,true,0.9087529182434082,8.104998116191291,2.1904803636693693,155.0530679015631,3.6351284980773926,1.7474249601364136,1.0803580284118652,2.2990195751190186,12,true,true,1,false,not_started,0.813679,0.968160,0.956368,3,true,at_or_above_parent_run_top_quartile_per_independent_model
gyra,14,masked_substitution,autoresearch-macrel-endpoint-rescue-v1,a28c21e7ecf2f330e2b2194a4004dad1479bbd8c300664594686616844030965,7a0b80d8c18a317d4d021865a7dc9e9c64aad3bda60ebb11f4bd1934a53f7d27,7a0b80d8c18a317d4d021865a7dc9e9c64aad3bda60ebb11f4bd1934a53f7d27,RLGKTKKEGKGKKDARGKHRNKFTKH,macrel,macrel_amp_probability,0.135,seqfam80_7a0b80d8c18a317d4d02,RLGKTKKEGKGKKDARGKHRNKFTKH,true,true,1,R1L,LLGKTKKEGKGKKDARGKHRNKFTKH,9c9c9a37eeaa3d111b6b79b89884f2c7463fc111354e0e1d5fcf9b50b83c79cd,proposal-9c9c9a37eeaa3d111b6b,3.876923076923075,2,0.15384615384615385,9.069,false,search_prefilter,2991.51,11.4267578125,0.15384615384615385,0.134995745067622,0.297,0.416,low,0.42,0.0,Non-Toxin,0.16199999999999998,true,true,true,1.0156407356262207,10.366704890434338,1.8866757024087393,77.03280327404461,2.9600892066955566,1.7655161619186401,0.7810581922531128,2.040055990219116,12,true,true,0,false,not_started,0.931604,0.968160,0.956368,3,true,at_or_above_parent_run_top_quartile_per_independent_model
gyra,14,masked_substitution,autoresearch-macrel-endpoint-rescue-v1,8fb7636fa92980643ed4ca7fe4cc1df9d731c1dc20a188247fda59cfa9355ee7,7a0b80d8c18a317d4d021865a7dc9e9c64aad3bda60ebb11f4bd1934a53f7d27,7a0b80d8c18a317d4d021865a7dc9e9c64aad3bda60ebb11f4bd1934a53f7d27,RLGKTKKEGKGKKDARGKHRNKFTKH,macrel,macrel_amp_probability,0.135,seqfam80_7a0b80d8c18a317d4d02,RLGKTKKEGKGKKDARGKHRNKFTKH,true,true,3,G3F,RLFKTKKEGKGKKDARGKHRNKFTKH,dd7ba50d972e2a6c50f53ca3cbbd9236634c465b82548b68578b36978e37791d,proposal-dd7ba50d972e2a6c50f5,1.3615384615384598,2,0.15384615384615385,10.069,false,search_prefilter,3124.66,11.67333984375,0.15384615384615385,0.08137885736609649,0.178,0.455,low,0.4,0.0,Non-Toxin,0.04299999999999998,true,true,true,0.9971275329589844,9.934077252251324,1.6657367850612008,46.31661213407352,2.132331371307373,1.6088873147964478,0.892478346824646,2.029284954071045,12,true,true,1,false,not_started,0.958726,0.968160,0.829009,3,true,at_or_above_parent_run_top_quartile_per_independent_model
gyra,14,masked_substitution,autoresearch-macrel-endpoint-rescue-v1,e24de6c8d3bd0ab58ac58c13d41839ec38f9e1d36f8514a1fb35ee50302fdbf6,7a0b80d8c18a317d4d021865a7dc9e9c64aad3bda60ebb11f4bd1934a53f7d27,7a0b80d8c18a317d4d021865a7dc9e9c64aad3bda60ebb11f4bd1934a53f7d27,RLGKTKKEGKGKKDARGKHRNKFTKH,macrel,macrel_amp_probability,0.135,seqfam80_7a0b80d8c18a317d4d02,RLGKTKKEGKGKKDARGKHRNKFTKH,true,true,5,T5A,RLGKAKKEGKGKKDARGKHRNKFTKH,f7c15bc3bad05b55afd86ca06586c9cd108a8f7714f9e6c81d55239ff3615fb0,proposal-f7c15bc3bad05b55afd8,3.876923076923075,1,0.15384615384615385,10.069,false,search_prefilter,3004.51,11.67333984375,0.15384615384615385,0.08967497962313625,0.293,0.446,low,0.47,0.0,Non-Toxin,0.15799999999999997,true,true,true,1.246355414390564,17.6341858824425,1.513243005400969,32.601907088660255,1.7310374975204468,1.732762336730957,0.7483443021774292,1.8408613204956055,12,true,true,0,false,not_started,0.966981,0.956368,0.951651,3,true,at_or_above_parent_run_top_quartile_per_independent_model
gyra,14,masked_substitution,autoresearch-macrel-endpoint-rescue-v1,4e2bdc49b936ae44fda6960148b1aa097219265698feabb2f85b646e2b72c2a7,7a0b80d8c18a317d4d021865a7dc9e9c64aad3bda60ebb11f4bd1934a53f7d27,7a0b80d8c18a317d4d021865a7dc9e9c64aad3bda60ebb11f4bd1934a53f7d27,RLGKTKKEGKGKKDARGKHRNKFTKH,macrel,macrel_amp_probability,0.135,seqfam80_7a0b80d8c18a317d4d02,RLGKTKKEGKGKKDARGKHRNKFTKH,true,true,6,K6I,RLGKTIKEGKGKKDARGKHRNKFTKH,2980c9ae0ece1c9ac0da429c6405eaa71ea835b039d14efd6d18e82625f9936b,proposal-2980c9ae0ece1c9ac0da,0.6115384615384588,1,0.15384615384615385,9.07,false,search_prefilter,3019.52,11.642578125,0.15384615384615385,0.18192848698999423,0.204,0.386,low,0.43,0.0,Non-Toxin,0.06899999999999998,true,true,true,1.3273156881332397,21.24788406907602,1.5850031580665518,38.459457869810784,1.91660737991333,1.719341516494751,0.7653942108154297,1.9387052059173584,12,true,true,0,false,not_started,0.962264,0.931604,0.877358,3,true,at_or_above_parent_run_top_quartile_per_independent_model
gyra,14,masked_substitution,autoresearch-macrel-endpoint-rescue-v1,8350bf0116f71d2eaa322ca9b7b8819e5af3336f45945bad6df9ea87d4c00ee0,7a0b80d8c18a317d4d021865a7dc9e9c64aad3bda60ebb11f4bd1934a53f7d27,7a0b80d8c18a317d4d021865a7dc9e9c64aad3bda60ebb11f4bd1934a53f7d27,RLGKTKKEGKGKKDARGKHRNKFTKH,macrel,macrel_amp_probability,0.135,seqfam80_7a0b80d8c18a317d4d02,RLGKTKKEGKGKKDARGKHRNKFTKH,true,true,9,G9F,RLGKTKKEFKGKKDARGKHRNKFTKH,fa234d49ddbac1a6ee1bc945b50c9803cd9aa8e61fb343571ebe7d863c34302a,proposal-fa234d49ddbac1a6ee1b,1.3615384615384598,1,0.15384615384615385,10.069,false,search_prefilter,3124.66,11.67333984375,0.15384615384615385,0.10222518087445615,0.178,0.455,low,0.41,0.0,Non-Toxin,0.04299999999999998,true,true,true,1.3958131074905396,24.877865040341717,1.599613872290774,39.77533739920734,1.8990368843078613,1.60679030418396,0.6067736744880676,2.2859227657318115,12,true,true,0,false,not_started,0.962264,0.905660,0.829009,3,true,at_or_above_parent_run_top_quartile_per_independent_model
gyra,14,masked_substitution,autoresearch-macrel-endpoint-rescue-v1,3b8591b3badf10bd28c7e04ed0a342685d0c9e877cb82f601493e33d5ac2fefd,7a0b80d8c18a317d4d021865a7dc9e9c64aad3bda60ebb11f4bd1934a53f7d27,7a0b80d8c18a317d4d021865a7dc9e9c64aad3bda60ebb11f4bd1934a53f7d27,RLGKTKKEGKGKKDARGKHRNKFTKH,macrel,macrel_amp_probability,0.135,seqfam80_7a0b80d8c18a317d4d02,RLGKTKKEGKGKKDARGKHRNKFTKH,true,true,12,K12I,RLGKTKKEGKGIKDARGKHRNKFTKH,2a26c98f156190439a44bf2673a39fb72cabad64e2529cd8d1c293e851c50cf5,proposal-2a26c98f156190439a44,0.6115384615384588,1,0.15384615384615385,9.07,false,search_prefilter,3019.52,11.642578125,0.15384615384615385,0.1368741024333663,0.214,0.386,low,0.45,0.0,Non-Toxin,0.07899999999999999,true,true,true,0.9675956964492798,9.281019741413793,1.629562795808419,42.615029734707775,1.7377240657806396,1.7082509994506836,1.2522648572921753,1.8200268745422363,12,true,true,1,false,not_started,0.959906,0.968160,0.895047,3,true,at_or_above_parent_run_top_quartile_per_independent_model
gyra,14,masked_substitution,autoresearch-macrel-endpoint-rescue-v1,89373635fc5451bbecab9a0224d5ee07711db9da50b92312bacae2a15c905496,7a0b80d8c18a317d4d021865a7dc9e9c64aad3bda60ebb11f4bd1934a53f7d27,7a0b80d8c18a317d4d021865a7dc9e9c64aad3bda60ebb11f4bd1934a53f7d27,RLGKTKKEGKGKKDARGKHRNKFTKH,macrel,macrel_amp_probability,0.135,seqfam80_7a0b80d8c18a317d4d02,RLGKTKKEGKGKKDARGKHRNKFTKH,true,true,13,K13A,RLGKTKKEGKGKADARGKHRNKFTKH,eec43b08c61f5608388220b8c2e068edc6771946be5df104f0c55ca28b6d000d,proposal-eec43b08c61f56083882,0.6115384615384588,1,0.15384615384615385,9.07,false,search_prefilter,2977.44,11.642578125,0.15384615384615385,0.1578755522783098,0.204,0.317,low,0.375,0.0,Non-Toxin,0.06899999999999998,true,true,true,1.0495253801345825,11.207929232710711,1.6982799521793879,49.92061789150572,2.097569465637207,1.9184589385986328,0.9167088270187378,1.8603997230529785,12,true,true,0,false,not_started,0.955189,0.965802,0.877358,3,true,at_or_above_parent_run_top_quartile_per_independent_model
gyra,14,masked_substitution,autoresearch-macrel-endpoint-rescue-v1,f181490683ef062068b0b9ac02f14fb0a482924a25273d42ae4bdcd26a331bbf,7a0b80d8c18a317d4d021865a7dc9e9c64aad3bda60ebb11f4bd1934a53f7d27,7a0b80d8c18a317d4d021865a7dc9e9c64aad3bda60ebb11f4bd1934a53f7d27,RLGKTKKEGKGKKDARGKHRNKFTKH,macrel,macrel_amp_probability,0.135,seqfam80_7a0b80d8c18a317d4d02,RLGKTKKEGKGKKDARGKHRNKFTKH,true,true,13,K13F,RLGKTKKEGKGKFDARGKHRNKFTKH,76eccf327d7384995a9bc0077aa2eb62b5d7b65ef0b5ca4794f70abddc24edc2,proposal-76eccf327d7384995a9b,8.623076923076923,1,0.15384615384615385,9.07,false,search_prefilter,3053.54,11.642578125,0.15384615384615385,0.18009559319257085,0.178,0.347,low,0.355,0.0,Non-Toxin,0.04299999999999998,true,true,true,1.1213114261627197,13.22243455577074,1.8908763845768832,77.78151260964859,2.1408751010894775,1.724021315574646,2.0899839401245117,1.6085882186889648,12,true,true,0,false,not_started,0.931604,0.963443,0.829009,3,true,at_or_above_parent_run_top_quartile_per_independent_model
gyra,14,masked_substitution,autoresearch-macrel-endpoint-rescue-v1,f1737df30133b0034daf3f2f1597ebe10a21f3b3b7a2bb64a8d3e1e4505f514f,7a0b80d8c18a317d4d021865a7dc9e9c64aad3bda60ebb11f4bd1934a53f7d27,7a0b80d8c18a317d4d021865a7dc9e9c64aad3bda60ebb11f4bd1934a53f7d27,RLGKTKKEGKGKKDARGKHRNKFTKH,macrel,macrel_amp_probability,0.135,seqfam80_7a0b80d8c18a317d4d02,RLGKTKKEGKGKKDARGKHRNKFTKH,true,true,13,K13I,RLGKTKKEGKGKIDARGKHRNKFTKH,33995fef02fbcbea1736359e19e2fba76eacd40e226cd4c6895d6985d32c71de,proposal-33995fef02fbcbea1736,0.6115384615384588,1,0.15384615384615385,9.07,false,search_prefilter,3019.52,11.642578125,0.15384615384615385,0.18776249601911063,0.194,0.356,low,0.35,0.0,Non-Toxin,0.059,true,true,true,0.7900447845458984,6.166585885570044,1.557611974623822,36.10871010697992,2.015624523162842,1.7116591930389404,0.8943604230880737,1.608809471130371,12,true,true,1,false,not_started,0.963443,0.971698,0.853774,3,true,at_or_above_parent_run_top_quartile_per_independent_model
gyra,14,masked_substitution,autoresearch-macrel-endpoint-rescue-v1,2cc99fcfaf5f997ffe9fccedd90b82fbaafb5f490391ce5aae67ebec2c592e5a,7a0b80d8c18a317d4d021865a7dc9e9c64aad3bda60ebb11f4bd1934a53f7d27,7a0b80d8c18a317d4d021865a7dc9e9c64aad3bda60ebb11f4bd1934a53f7d27,RLGKTKKEGKGKKDARGKHRNKFTKH,macrel,macrel_amp_probability,0.135,seqfam80_7a0b80d8c18a317d4d02,RLGKTKKEGKGKKDARGKHRNKFTKH,true,true,16,R16F,RLGKTKKEGKGKKDAFGKHRNKFTKH,bdc46f425a326ee3d6345915f323272ace44f0e16ac554d9d1240b12cb14fcfa,proposal-bdc46f425a326ee3d634,7.142307692307692,2,0.15384615384615385,9.069,false,search_prefilter,3025.53,11.4267578125,0.15384615384615385,0.20158766816955687,0.188,0.366,low,0.41,0.0,Non-Toxin,0.05299999999999999,true,true,true,1.108535885810852,12.839138560623203,1.4510521993072796,28.25219527099767,1.7525081634521484,1.3241751194000244,1.018561840057373,1.7089858055114746,12,true,true,0,false,not_started,0.969340,0.964623,0.853774,3,true,at_or_above_parent_run_top_quartile_per_independent_model
gyra,14,masked_substitution,autoresearch-macrel-endpoint-rescue-v1,76e9da404223bef2df70dafdfd65d7a3453c90b35be04310763dd16abc647378,7a0b80d8c18a317d4d021865a7dc9e9c64aad3bda60ebb11f4bd1934a53f7d27,7a0b80d8c18a317d4d021865a7dc9e9c64aad3bda60ebb11f4bd1934a53f7d27,RLGKTKKEGKGKKDARGKHRNKFTKH,macrel,macrel_amp_probability,0.135,seqfam80_7a0b80d8c18a317d4d02,RLGKTKKEGKGKKDARGKHRNKFTKH,true,true,16,R16I,RLGKTKKEGKGKKDAIGKHRNKFTKH,d03f7e12a0c24d28039b0b8431bdb6b136ec114243bbf0ac6c22298b9efa90ec,proposal-d03f7e12a0c24d28039b,7.142307692307692,2,0.15384615384615385,9.069,false,search_prefilter,2991.51,11.4267578125,0.15384615384615385,0.2089660959345133,0.174,0.376,low,0.44,0.0,Non-Toxin,0.03899999999999998,true,true,true,1.1720863580703735,14.862311452215906,1.4987509275536155,31.53195713852768,1.9104145765304565,1.335251808166504,0.9323222637176514,1.8170437812805176,12,true,true,0,false,not_started,0.969340,0.962264,0.811321,3,true,at_or_above_parent_run_top_quartile_per_independent_model
gyra,14,masked_substitution,autoresearch-macrel-endpoint-rescue-v1,c3c681c254ebb03fddaf0ed82948490223ae92d94e5d8f1ea4492b177d1b5a0a,7a0b80d8c18a317d4d021865a7dc9e9c64aad3bda60ebb11f4bd1934a53f7d27,7a0b80d8c18a317d4d021865a7dc9e9c64aad3bda60ebb11f4bd1934a53f7d27,RLGKTKKEGKGKKDARGKHRNKFTKH,macrel,macrel_amp_probability,0.135,seqfam80_7a0b80d8c18a317d4d02,RLGKTKKEGKGKKDARGKHRNKFTKH,true,true,16,R16L,RLGKTKKEGKGKKDALGKHRNKFTKH,871a37b3a272c37670c1bde69b1e600169882af8a43f61025b945e05f7c326c1,proposal-871a37b3a272c37670c1,7.142307692307692,2,0.15384615384615385,9.069,false,search_prefilter,2991.51,11.4267578125,0.15384615384615385,0.19790741777464488,0.174,0.366,low,0.43,0.0,Non-Toxin,0.03899999999999998,true,true,true,1.1504403352737427,14.139704560681666,1.4662367629683146,29.257469634940943,1.8724219799041748,1.3931350708007812,0.9308332204818726,1.6685748100280762,12,true,true,0,false,not_started,0.969340,0.962264,0.811321,3,true,at_or_above_parent_run_top_quartile_per_independent_model
gyra,14,masked_substitution,autoresearch-macrel-endpoint-rescue-v1,ca645efe546e27dfda67e2cf858fcd1464a31a161fde2f612dc0ecbafa5cd250,7a0b80d8c18a317d4d021865a7dc9e9c64aad3bda60ebb11f4bd1934a53f7d27,7a0b80d8c18a317d4d021865a7dc9e9c64aad3bda60ebb11f4bd1934a53f7d27,RLGKTKKEGKGKKDARGKHRNKFTKH,macrel,macrel_amp_probability,0.135,seqfam80_7a0b80d8c18a317d4d02,RLGKTKKEGKGKKDARGKHRNKFTKH,true,true,17,G17F,RLGKTKKEGKGKKDARFKHRNKFTKH,f07d9b78d09c624fd6eaa0e7d0827b811cd62fa6a4b1b2bf3d44c02aab4aba91,proposal-f07d9b78d09c624fd6ea,4.6269230769230765,1,0.15384615384615385,10.069,false,search_prefilter,3124.66,11.67333984375,0.15384615384615385,0.096885267916503,0.184,0.465,low,0.395,0.0,Non-Toxin,0.04899999999999999,true,true,true,1.0123295783996582,10.287967376029416,1.6634419141025867,46.07251436310609,1.9493697881698608,1.6083900928497314,0.8874605894088745,2.208599328994751,12,true,true,0,false,not_started,0.958726,0.968160,0.829009,3,true,at_or_above_parent_run_top_quartile_per_independent_model
gyra,14,masked_substitution,autoresearch-macrel-endpoint-rescue-v1,1d1f1c985ac7d9fbe4345d3ba727952bd16c415c4917db8aa73a432924d384bc,7a0b80d8c18a317d4d021865a7dc9e9c64aad3bda60ebb11f4bd1934a53f7d27,7a0b80d8c18a317d4d021865a7dc9e9c64aad3bda60ebb11f4bd1934a53f7d27,RLGKTKKEGKGKKDARGKHRNKFTKH,macrel,macrel_amp_probability,0.135,seqfam80_7a0b80d8c18a317d4d02,RLGKTKKEGKGKKDARGKHRNKFTKH,true,true,18,K18A,RLGKTKKEGKGKKDARGAHRNKFTKH,8ba978ba4df8ccc3dc273ebf611b0c40a3222fdb19d9413ed086f9c4f98c16ed,proposal-8ba978ba4df8ccc3dc27,0.6115384615384588,1,0.15384615384615385,9.07,false,search_prefilter,2977.44,11.642578125,0.15384615384615385,0.03972478072672719,0.194,0.416,low,0.405,0.0,Non-Toxin,0.059,true,true,true,1.2318917512893677,17.05657197773717,1.8169377025591313,65.60511521913344,2.0486278533935547,2.1036972999572754,1.0776969194412231,2.0377509593963623,12,true,true,0,false,not_started,0.942217,0.958726,0.853774,3,true,at_or_above_parent_run_top_quartile_per_independent_model
gyra,14,masked_substitution,autoresearch-macrel-endpoint-rescue-v1,5c44fc010a2ecf36b1bb227fa9bdde9249004e3e4969e1d6321791cbd6c1fe8e,7a0b80d8c18a317d4d021865a7dc9e9c64aad3bda60ebb11f4bd1934a53f7d27,7a0b80d8c18a317d4d021865a7dc9e9c64aad3bda60ebb11f4bd1934a53f7d27,RLGKTKKEGKGKKDARGKHRNKFTKH,macrel,macrel_amp_probability,0.135,seqfam80_7a0b80d8c18a317d4d02,RLGKTKKEGKGKKDARGKHRNKFTKH,true,true,20,R20A,RLGKTKKEGKGKKDARGKHANKFTKH,d68a7e1ad84a3831334e5377c2a8a0ff9cef9e38773c59f356f48025c6d9aeac,proposal-d68a7e1ad84a3831334e,-0.8692307692307712,1,0.15384615384615385,9.069,false,search_prefilter,2949.43,11.4267578125,0.15384615384615385,0.196532244567997,0.253,0.337,low,0.4,0.0,Non-Toxin,0.118,true,true,true,0.8973907232284546,7.895701534991852,1.682912616950711,48.1850836154575,1.9965171813964844,1.7530767917633057,0.9075182676315308,2.0745763778686523,12,true,true,1,false,not_started,0.955189,0.969340,0.931604,3,true,at_or_above_parent_run_top_quartile_per_independent_model
gyra,14,masked_substitution,autoresearch-macrel-endpoint-rescue-v1,c64d4526cc84c3efe936ed33a884e6b2d64b4f1546d5f35a6f4dcbac1e79cf9e,7a0b80d8c18a317d4d021865a7dc9e9c64aad3bda60ebb11f4bd1934a53f7d27,7a0b80d8c18a317d4d021865a7dc9e9c64aad3bda60ebb11f4bd1934a53f7d27,RLGKTKKEGKGKKDARGKHRNKFTKH,macrel,macrel_amp_probability,0.135,seqfam80_7a0b80d8c18a317d4d02,RLGKTKKEGKGKKDARGKHRNKFTKH,true,true,20,R20F,RLGKTKKEGKGKKDARGKHFNKFTKH,9115fdfbe8927790b18ff71723ec5445f6a57aaae7be63d508fc07f123e40eb6,proposal-9115fdfbe8927790b18f,-4.857692307692309,1,0.15384615384615385,9.069,false,search_prefilter,3025.53,11.4267578125,0.15384615384615385,0.21880357942756667,0.224,0.386,low,0.37,0.0,Non-Toxin,0.089,true,true,true,0.9042023420333862,8.020516600379839,1.6132943424928903,41.04822124915601,1.948403239250183,1.3722519874572754,0.9402735233306885,2.1923022270202637,12,true,true,1,false,not_started,0.959906,0.969340,0.906840,3,true,at_or_above_parent_run_top_quartile_per_independent_model
gyra,14,masked_substitution,autoresearch-macrel-endpoint-rescue-v1,516eeda78eebca2d439973df58d45085e4cda017f6c08e52cdaf1bda6fbac293,7a0b80d8c18a317d4d021865a7dc9e9c64aad3bda60ebb11f4bd1934a53f7d27,7a0b80d8c18a317d4d021865a7dc9e9c64aad3bda60ebb11f4bd1934a53f7d27,RLGKTKKEGKGKKDARGKHRNKFTKH,macrel,macrel_amp_probability,0.135,seqfam80_7a0b80d8c18a317d4d02,RLGKTKKEGKGKKDARGKHRNKFTKH,true,true,20,R20L,RLGKTKKEGKGKKDARGKHLNKFTKH,c7de38b8d892c728404135cc0ead6595a43b3222c545fd8f8e9f8b02ef3d7818,proposal-c7de38b8d892c7284041,-0.8692307692307712,1,0.15384615384615385,9.069,false,search_prefilter,2991.51,11.4267578125,0.15384615384615385,0.21496315619070497,0.253,0.376,low,0.425,0.0,Non-Toxin,0.118,true,true,true,1.1113835573196411,12.923601478070145,1.6023314058839215,40.02500601742824,1.9351096153259277,1.4690135717391968,0.907694935798645,2.0975539684295654,12,true,true,0,false,not_started,0.962264,0.964623,0.931604,3,true,at_or_above_parent_run_top_quartile_per_independent_model
gyra,14,masked_substitution,autoresearch-macrel-endpoint-rescue-v1,6d319d683420bf4a953811133dd33a9c39300a217b2e2786a65659b8a286d483,7a0b80d8c18a317d4d021865a7dc9e9c64aad3bda60ebb11f4bd1934a53f7d27,7a0b80d8c18a317d4d021865a7dc9e9c64aad3bda60ebb11f4bd1934a53f7d27,RLGKTKKEGKGKKDARGKHRNKFTKH,macrel,macrel_amp_probability,0.135,seqfam80_7a0b80d8c18a317d4d02,RLGKTKKEGKGKKDARGKHRNKFTKH,true,true,21,N21A,RLGKTKKEGKGKKDARGKHRAKFTKH,712a4100a46db49af66b7265a2beef7ec4a6b7c4b7e81532d235e7bcf5c53b92,proposal-712a4100a46db49af66b,-9.976923076923079,1,0.15384615384615385,10.069,false,search_prefilter,2991.51,11.67333984375,0.15384615384615385,0.09312775962475114,0.263,0.416,low,0.395,0.0,Non-Toxin,0.128,true,true,true,1.1871354579925537,15.386344710290976,1.624127621217091,42.08502807368458,1.845430850982666,1.7356901168823242,0.9015882015228271,2.0138392448425293,12,true,true,0,false,not_started,0.959906,0.959906,0.939858,3,true,at_or_above_parent_run_top_quartile_per_independent_model
gyra,14,masked_substitution,autoresearch-macrel-endpoint-rescue-v1,9d5cc5e153d65da97e1dabbfae4a212bf1c3c753c16a11f4919b0548df3401e7,7a0b80d8c18a317d4d021865a7dc9e9c64aad3bda60ebb11f4bd1934a53f7d27,7a0b80d8c18a317d4d021865a7dc9e9c64aad3bda60ebb11f4bd1934a53f7d27,RLGKTKKEGKGKKDARGKHRNKFTKH,macrel,macrel_amp_probability,0.135,seqfam80_7a0b80d8c18a317d4d02,RLGKTKKEGKGKKDARGKHRNKFTKH,true,true,21,N21F,RLGKTKKEGKGKKDARGKHRFKFTKH,4015001d9a73d9cad96752d89b9781462ff0d4202dcbb25110d34c3066dcbb03,proposal-4015001d9a73d9cad967,-15.757692307692311,1,0.15384615384615385,10.069,false,search_prefilter,3067.61,11.67333984375,0.15384615384615385,0.10725016032612739,0.283,0.455,low,0.365,0.0,Non-Toxin,0.14799999999999996,true,true,true,1.611915111541748,40.91806722727472,1.657009695832802,45.39517512278497,1.8936195373535156,1.4056589603424072,1.211168646812439,2.117631673812866,12,true,true,0,false,not_started,0.958726,0.768868,0.949292,3,true,at_or_above_parent_run_top_quartile_per_independent_model
gyra,14,masked_substitution,autoresearch-macrel-endpoint-rescue-v1,09f1ffa931848ef3e761d0cea4a1713f25b997815c0bd09eb3e85cb93dbff6f2,7a0b80d8c18a317d4d021865a7dc9e9c64aad3bda60ebb11f4bd1934a53f7d27,7a0b80d8c18a317d4d021865a7dc9e9c64aad3bda60ebb11f4bd1934a53f7d27,RLGKTKKEGKGKKDARGKHRNKFTKH,macrel,macrel_amp_probability,0.135,seqfam80_7a0b80d8c18a317d4d02,RLGKTKKEGKGKKDARGKHRNKFTKH,true,true,21,N21I,RLGKTKKEGKGKKDARGKHRIKFTKH,dcc78c95e0d34c230f0e2abef86278ed9ac187b5f0ef7e460537f5b87929fc79,proposal-dcc78c95e0d34c230f0e,-13.242307692307696,1,0.15384615384615385,10.069,false,search_prefilter,3033.59,11.67333984375,0.15384615384615385,0.11273493328100007,0.293,0.446,low,0.4,0.0,Non-Toxin,0.15799999999999997,true,true,true,1.6220964193344116,41.888655335804934,1.5535568223582077,35.773120246240666,1.8050988912582397,1.461326003074646,0.879507303237915,2.0683436393737793,12,true,true,0,false,not_started,0.963443,0.760613,0.951651,3,true,at_or_above_parent_run_top_quartile_per_independent_model
gyra,14,masked_substitution,autoresearch-macrel-endpoint-rescue-v1,4469c089da6aa6821d20a7ebd15267813e10d2f5a2bbd1a2b6b69d45e1441202,7a0b80d8c18a317d4d021865a7dc9e9c64aad3bda60ebb11f4bd1934a53f7d27,7a0b80d8c18a317d4d021865a7dc9e9c64aad3bda60ebb11f4bd1934a53f7d27,RLGKTKKEGKGKKDARGKHRNKFTKH,macrel,macrel_amp_probability,0.135,seqfam80_7a0b80d8c18a317d4d02,RLGKTKKEGKGKKDARGKHRNKFTKH,true,true,21,N21L,RLGKTKKEGKGKKDARGKHRLKFTKH,ac1ef3400936e5b5e5b3dbcccac4be0a5b33a72f384d23bb255903cdbb78cd20,proposal-ac1ef3400936e5b5e5b3,-13.242307692307696,1,0.15384615384615385,10.069,false,search_prefilter,3033.59,11.67333984375,0.15384615384615385,0.10461209988456942,0.283,0.446,low,0.37,0.0,Non-Toxin,0.14799999999999996,true,true,true,1.5034030675888062,31.871541390376635,1.6139307460441326,41.1084163111752,1.8278534412384033,1.495631217956543,0.8990769386291504,2.233219861984253,12,true,true,0,false,not_started,0.959906,0.851415,0.949292,3,true,at_or_above_parent_run_top_quartile_per_independent_model
gyra,14,masked_substitution,autoresearch-macrel-endpoint-rescue-v1,676c1051dcbd0df99ef9afa9f53683fda650bb2a719cfd8fc6d72088492f387e,7a0b80d8c18a317d4d021865a7dc9e9c64aad3bda60ebb11f4bd1934a53f7d27,7a0b80d8c18a317d4d021865a7dc9e9c64aad3bda60ebb11f4bd1934a53f7d27,RLGKTKKEGKGKKDARGKHRNKFTKH,macrel,macrel_amp_probability,0.135,seqfam80_7a0b80d8c18a317d4d02,RLGKTKKEGKGKKDARGKHRNKFTKH,true,true,22,K22A,RLGKTKKEGKGKKDARGKHRNAFTKH,f6ef3398aa2ae5d8e5bd1edff9f7c25180b6722cd18c1b383277cc52053029b7,proposal-f6ef3398aa2ae5d8e5bd,-5.230769230769233,2,0.15384615384615385,9.07,false,search_prefilter,2977.44,11.642578125,0.15384615384615385,0.016059489862030964,0.224,0.356,low,0.315,0.0,Non-Toxin,0.089,true,true,true,1.2364355325698853,17.23596218408478,1.8129098061510098,64.99946860704836,2.1713171005249023,1.899836778640747,0.9360367059707642,2.2444911003112793,12,true,true,0,false,not_started,0.943396,0.958726,0.906840,3,true,at_or_above_parent_run_top_quartile_per_independent_model
gyra,14,masked_substitution,autoresearch-macrel-endpoint-rescue-v1,3b65de5cedc7f4fea42cfc41eaa6715cb58be83e0f37eb09d523371083688f8d,7a0b80d8c18a317d4d021865a7dc9e9c64aad3bda60ebb11f4bd1934a53f7d27,7a0b80d8c18a317d4d021865a7dc9e9c64aad3bda60ebb11f4bd1934a53f7d27,RLGKTKKEGKGKKDARGKHRNKFTKH,macrel,macrel_amp_probability,0.135,seqfam80_7a0b80d8c18a317d4d02,RLGKTKKEGKGKKDARGKHRNKFTKH,true,true,22,K22F,RLGKTKKEGKGKKDARGKHRNFFTKH,6e066b03c888dd1cd37271e7aa1c9e34aa1579e75ce1b146daf79919bfd84f28,proposal-6e066b03c888dd1cd372,-11.011538461538462,2,0.15384615384615385,9.07,false,search_prefilter,3053.54,11.642578125,0.15384615384615385,0.03192460573892477,0.224,0.416,low,0.33,0.0,Non-Toxin,0.089,true,true,true,1.4158848524093628,26.05462653532727,1.8991004057741607,79.26845722941259,1.9985132217407227,1.6075243949890137,1.5469087362289429,2.4435012340545654,12,true,true,0,false,not_started,0.929245,0.896226,0.906840,3,true,at_or_above_parent_run_top_quartile_per_independent_model
gyra,14,masked_substitution,autoresearch-macrel-endpoint-rescue-v1,57ad95bb2a1c2cd382c36c7922cecdd9ba0af871679ecadecc416174e483803f,7a0b80d8c18a317d4d021865a7dc9e9c64aad3bda60ebb11f4bd1934a53f7d27,7a0b80d8c18a317d4d021865a7dc9e9c64aad3bda60ebb11f4bd1934a53f7d27,RLGKTKKEGKGKKDARGKHRNKFTKH,macrel,macrel_amp_probability,0.135,seqfam80_7a0b80d8c18a317d4d02,RLGKTKKEGKGKKDARGKHRNKFTKH,true,true,24,T24F,RLGKTKKEGKGKKDARGKHRNKFFKH,81d2fc27d2f30bd08212c06fa32061e70ce8b9a967801efbbe3e62debb382660,proposal-81d2fc27d2f30bd08212,-1.9038461538461557,2,0.15384615384615385,10.069,false,search_prefilter,3080.61,11.67333984375,0.15384615384615385,0.12081625911204201,0.273,0.465,low,0.445,0.0,Non-Toxin,0.138,true,true,true,1.292925477027893,19.630234019817113,1.516128496817398,32.819238262326536,1.994636058807373,1.5849087238311768,0.6191598176956177,1.8658453226089478,12,true,true,0,false,not_started,0.966981,0.942217,0.943396,3,true,at_or_above_parent_run_top_quartile_per_independent_model
gyra,14,masked_substitution,autoresearch-macrel-endpoint-rescue-v1,2552698eb5871bd66f6edb8e554ee0f07ea13f29a9cb3f66e05a8d793ed7f925,7a0b80d8c18a317d4d021865a7dc9e9c64aad3bda60ebb11f4bd1934a53f7d27,7a0b80d8c18a317d4d021865a7dc9e9c64aad3bda60ebb11f4bd1934a53f7d27,RLGKTKKEGKGKKDARGKHRNKFTKH,macrel,macrel_amp_probability,0.135,seqfam80_7a0b80d8c18a317d4d02,RLGKTKKEGKGKKDARGKHRNKFTKH,true,true,24,T24I,RLGKTKKEGKGKKDARGKHRNKFIKH,280d2070f9a2f21eaf2092a6b6f54521cb40b89af2671b36ee49f150ac89b0c5,proposal-280d2070f9a2f21eaf20,0.6115384615384595,2,0.15384615384615385,10.069,false,search_prefilter,3046.59,11.67333984375,0.15384615384615385,0.12810218202304544,0.204,0.455,low,0.465,0.0,Non-Toxin,0.06899999999999998,true,true,true,1.3648940324783325,23.16829276423156,1.4810474518949532,30.272441728634384,1.8813714981079102,1.6218115091323853,0.6593170166015625,1.761718988418579,12,true,true,0,false,not_started,0.969340,0.922170,0.877358,3,true,at_or_above_parent_run_top_quartile_per_independent_model
gyra,14,masked_substitution,autoresearch-macrel-endpoint-rescue-v1,0b08c1cc333760fd46214737e642eb4a684cfd46cef2035b4af7d73602c134d7,7a0b80d8c18a317d4d021865a7dc9e9c64aad3bda60ebb11f4bd1934a53f7d27,7a0b80d8c18a317d4d021865a7dc9e9c64aad3bda60ebb11f4bd1934a53f7d27,RLGKTKKEGKGKKDARGKHRNKFTKH,macrel,macrel_amp_probability,0.135,seqfam80_7a0b80d8c18a317d4d02,RLGKTKKEGKGKKDARGKHRNKFTKH,true,true,24,T24L,RLGKTKKEGKGKKDARGKHRNKFLKH,46d3cf23a31665ddd6fce6363c3f3294750cb839c577030b97b5aed0e3330e9a,proposal-46d3cf23a31665ddd6fc,0.6115384615384595,2,0.15384615384615385,10.069,false,search_prefilter,3046.59,11.67333984375,0.15384615384615385,0.1171927765582599,0.204,0.455,low,0.46,0.0,Non-Toxin,0.06899999999999998,true,true,true,1.313153624534607,20.566179621297472,1.5380228393577553,34.5161890772151,1.9034188985824585,1.6685377359390259,0.6904885768890381,1.8896820545196533,12,true,true,0,false,not_started,0.966981,0.935142,0.877358,3,true,at_or_above_parent_run_top_quartile_per_independent_model
gyra,14,masked_substitution,autoresearch-macrel-endpoint-rescue-v1,f5b6bd01d037399c819f25196ffe1db235068e4e381ccb80b964b806bff14779,7a0b80d8c18a317d4d021865a7dc9e9c64aad3bda60ebb11f4bd1934a53f7d27,7a0b80d8c18a317d4d021865a7dc9e9c64aad3bda60ebb11f4bd1934a53f7d27,RLGKTKKEGKGKKDARGKHRNKFTKH,macrel,macrel_amp_probability,0.135,seqfam80_7a0b80d8c18a317d4d02,RLGKTKKEGKGKKDARGKHRNKFTKH,true,true,25,K25A,RLGKTKKEGKGKKDARGKHRNKFTAH,0b80343968bf151f12897a7b59132a6ddc6ef62c268af91a9c1ef47259500197,proposal-0b80343968bf151f1289,0.6115384615384595,1,0.15384615384615385,9.07,false,search_prefilter,2977.44,11.642578125,0.15384615384615385,0.06569368646651043,0.194,0.356,low,0.42,0.0,Non-Toxin,0.059,true,true,true,1.0423147678375244,11.023379722975776,2.042701175567497,110.33191992761087,2.979191780090332,1.8685758113861084,1.0845445394515991,2.238511085510254,12,true,true,0,false,not_started,0.886792,0.966981,0.853774,3,true,at_or_above_parent_run_top_quartile_per_independent_model
gyra,14,masked_substitution,autoresearch-macrel-endpoint-rescue-v1,fa7c68e74b58fae24119052beac8eed5e9f11a6b41ec7bd9858af760873391ff,7a0b80d8c18a317d4d021865a7dc9e9c64aad3bda60ebb11f4bd1934a53f7d27,7a0b80d8c18a317d4d021865a7dc9e9c64aad3bda60ebb11f4bd1934a53f7d27,RLGKTKKEGKGKKDARGKHRNKFTKH,macrel,macrel_amp_probability,0.135,seqfam80_7a0b80d8c18a317d4d02,RLGKTKKEGKGKKDARGKHRNKFTKH,true,true,26,H26I,RLGKTKKEGKGKKDARGKHRNKFTKI,730af371b973fa373e87f087c88d6ca6fbe2a6e769927a8b63fd103d41986a56,proposal-730af371b973fa373e87,0.6115384615384595,1,0.15384615384615385,10.027,false,search_prefilter,3010.56,11.67333984375,0.15384615384615385,0.06358375560177795,0.214,0.386,low,0.405,0.0,Non-Toxin,0.07899999999999999,true,true,true,1.3930037021636963,24.717452154344322,1.7815989051345966,60.478206721173386,2.050753593444824,2.137200355529785,0.8379638195037842,2.1005117893218994,12,true,true,0,false,not_started,0.946934,0.908019,0.895047,3,true,at_or_above_parent_run_top_quartile_per_independent_model
gyra,14,masked_substitution,autoresearch-macrel-endpoint-rescue-v1,dd5985d7830dae81d49cdf3ae3de99197e320893f06b0237fcfbfcfa6c1b0d4e,7a0b80d8c18a317d4d021865a7dc9e9c64aad3bda60ebb11f4bd1934a53f7d27,7a0b80d8c18a317d4d021865a7dc9e9c64aad3bda60ebb11f4bd1934a53f7d27,RLGKTKKEGKGKKDARGKHRNKFTKH,macrel,macrel_amp_probability,0.135,seqfam80_7a0b80d8c18a317d4d02,RLGKTKKEGKGKKDARGKHRNKFTKH,true,true,26,H26L,RLGKTKKEGKGKKDARGKHRNKFTKL,bce6d73eb3db8b5bee47c71015d49055ccc2820f05bec3c0fd05a803898e0f8c,proposal-bce6d73eb3db8b5bee47,0.6115384615384595,1,0.15384615384615385,10.027,false,search_prefilter,3010.56,11.67333984375,0.15384615384615385,0.0607771406351959,0.214,0.386,low,0.42,0.0,Non-Toxin,0.07899999999999999,true,true,true,1.405763030052185,25.454409703510933,1.7350807311398078,54.33513258565312,1.9036613702774048,2.154223680496216,0.8714864253997803,2.0109810829162598,12,true,true,0,false,not_started,0.952830,0.902123,0.895047,3,true,at_or_above_parent_run_top_quartile_per_independent_model
gyra,14,masked_substitution,autoresearch-macrel-endpoint-rescue-v1,72014878cdad9c6767fc02aff331713e5c09b87e7150b586e4fdd92e33bc4c7d,7a0b80d8c18a317d4d021865a7dc9e9c64aad3bda60ebb11f4bd1934a53f7d27,7a0b80d8c18a317d4d021865a7dc9e9c64aad3bda60ebb11f4bd1934a53f7d27,RLGKTKKEGKGKKDARGKHRNKFTKH,macrel,macrel_amp_probability,0.135,seqfam80_7a0b80d8c18a317d4d02,RLGKTKKEGKGKKDARGKHRNKFTKH,true,true,26,H26V,RLGKTKKEGKGKKDARGKHRNKFTKV,75d24993ec0bdeb14b08398c3540f338e4f915d109b7b7926d36bccc13791f8b,proposal-75d24993ec0bdeb14b08,0.6115384615384595,1,0.15384615384615385,10.027,false,search_prefilter,2996.53,11.67333984375,0.15384615384615385,0.0607771406351959,0.214,0.347,low,0.41,0.0,Non-Toxin,0.07899999999999999,true,true,true,1.4543226957321167,28.465754252581295,1.6423892522983192,43.89239231315422,1.7930232286453247,2.132751226425171,0.7374796867370605,1.9063324928283691,12,true,true,0,false,not_started,0.959906,0.877358,0.895047,3,true,at_or_above_parent_run_top_quartile_per_independent_model
gyra,14,masked_substitution,autoresearch-macrel-endpoint-rescue-v1,5a36ffcdf20e3428f17c0cb7c7d9974c4ff944c9e47fdbbf506a025181fd55a4,7a0b80d8c18a317d4d021865a7dc9e9c64aad3bda60ebb11f4bd1934a53f7d27,7a0b80d8c18a317d4d021865a7dc9e9c64aad3bda60ebb11f4bd1934a53f7d27,RLGKTKKEGKGKKDARGKHRNKFTKH,macrel,macrel_amp_probability,0.135,seqfam80_7a0b80d8c18a317d4d02,RLGKTKKEGKGKKDARGKHRNKFTKH,true,true,24,T24Y,RLGKTKKEGKGKKDARGKHRNKFYKH,3a12957306cecbf8d3988f5c70db2b74af1a13e4ef0ce37ffc1249d3a65ca7c1,proposal-3a12957306cecbf8d398,16.415769230769232,2,0.15384615384615385,10.067,false,search_prefilter,3096.61,11.392333984375,0.11538461538461539,0.08750915879040336,0.204,0.436,low,0.415,0.0,Non-Toxin,0.06899999999999998,true,true,true,1.1727036237716675,14.883450375468714,1.6512846699550892,44.80068660590584,2.02099609375,1.9530988931655884,0.7047333717346191,1.9263403415679932,12,true,true,0,false,not_started,0.958726,0.962264,0.877358,3,true,at_or_above_parent_run_top_quartile_per_independent_model
gyra,14,masked_substitution,autoresearch-macrel-endpoint-rescue-v1,c61f4b38b06afe2f4196241e8ddd16aec23a42842254107cd4cac623257a0658,7a0b80d8c18a317d4d021865a7dc9e9c64aad3bda60ebb11f4bd1934a53f7d27,7a0b80d8c18a317d4d021865a7dc9e9c64aad3bda60ebb11f4bd1934a53f7d27,RLGKTKKEGKGKKDARGKHRNKFTKH,macrel,macrel_amp_probability,0.135,seqfam80_7a0b80d8c18a317d4d02,RLGKTKKEGKGKKDARGKHRNKFTKH,true,true,22,K22L,RLGKTKKEGKGKKDARGKHRNLFTKH,d4406fd8cf703e487e163b4d5b6e84acf5ec6ded2be49295a8cf875553933b3b,proposal-d4406fd8cf703e487e16,-5.230769230769233,2,0.15384615384615385,9.07,false,search_prefilter,3019.52,11.642578125,0.15384615384615385,0.028581821636384706,0.214,0.396,low,0.365,0.0,Non-Toxin,0.07899999999999999,true,true,true,1.4555381536483765,28.545532810488467,1.7556303614333357,56.96791980986723,2.044743061065674,1.7304743528366089,0.8892368078231812,2.3581254482269287,12,true,true,0,false,not_started,0.950472,0.877358,0.895047,3,true,at_or_above_parent_run_top_quartile_per_independent_model
gyra,14,masked_substitution,autoresearch-macrel-endpoint-rescue-v1,d5a2265367631aac844153a903768905f43f62952bd93aa32583f8cd63813f63,7a0b80d8c18a317d4d021865a7dc9e9c64aad3bda60ebb11f4bd1934a53f7d27,7a0b80d8c18a317d4d021865a7dc9e9c64aad3bda60ebb11f4bd1934a53f7d27,RLGKTKKEGKGKKDARGKHRNKFTKH,macrel,macrel_amp_probability,0.135,seqfam80_7a0b80d8c18a317d4d02,RLGKTKKEGKGKKDARGKHRNKFTKH,true,true,22,K22V,RLGKTKKEGKGKKDARGKHRNVFTKH,f4a242849c738f706e56ee71ea54799c55b6483ba66117190cecd3a3c2575ef5,proposal-f4a242849c738f706e56,-5.230769230769233,2,0.15384615384615385,9.07,false,search_prefilter,3005.5,11.642578125,0.15384615384615385,0.028581821636384706,0.214,0.366,low,0.31,0.0,Non-Toxin,0.07899999999999999,true,true,true,1.318926215171814,20.841367668386223,1.824451958674308,66.75010584201391,2.0902249813079834,1.8471132516860962,1.115845799446106,2.2446632385253906,12,true,true,0,false,not_started,0.942217,0.935142,0.895047,3,true,at_or_above_parent_run_top_quartile_per_independent_model
gyra,14,masked_substitution,autoresearch-macrel-endpoint-rescue-v1,1bccebdc63c206be5eb67cac02fc699451fd800b31ccc28a95e785009a08cf74,7a0b80d8c18a317d4d021865a7dc9e9c64aad3bda60ebb11f4bd1934a53f7d27,7a0b80d8c18a317d4d021865a7dc9e9c64aad3bda60ebb11f4bd1934a53f7d27,RLGKTKKEGKGKKDARGKHRNKFTKH,macrel,macrel_amp_probability,0.135,seqfam80_7a0b80d8c18a317d4d02,RLGKTKKEGKGKKDARGKHRNKFTKH,true,true,22,K22W,RLGKTKKEGKGKKDARGKHRNWFTKH,80cf7c26b33688f8a641db686d02a1126981a91574d645ff911b9d1909f6d332,proposal-80cf7c26b33688f8a641,-9.219230769230773,2,0.15384615384615385,9.07,false,search_prefilter,3092.58,11.642578125,0.11538461538461539,0.019941776303026047,0.224,0.406,low,0.315,0.0,Non-Toxin,0.089,true,true,true,1.397925853729248,24.999185189272133,1.7656110261889015,58.292277835317144,1.81492018699646,1.62693190574646,1.535812258720398,2.0848045349121094,12,true,true,0,false,not_started,0.948113,0.904481,0.906840,3,true,at_or_above_parent_run_top_quartile_per_independent_model
gyra,14,masked_substitution,autoresearch-macrel-endpoint-rescue-v1,6cb44a18b00f32cf73950cda7bda7c47455011f80e8a368f815b273417ce4616,7a0b80d8c18a317d4d021865a7dc9e9c64aad3bda60ebb11f4bd1934a53f7d27,7a0b80d8c18a317d4d021865a7dc9e9c64aad3bda60ebb11f4bd1934a53f7d27,RLGKTKKEGKGKKDARGKHRNKFTKH,macrel,macrel_amp_probability,0.135,seqfam80_7a0b80d8c18a317d4d02,RLGKTKKEGKGKKDARGKHRNKFTKH,true,true,22,K22Y,RLGKTKKEGKGKKDARGKHRNYFTKH,f8f811ec0112d07bdfce84ff8ddfd7697a9cf443608c216d8e09d6e278f13077,proposal-f8f811ec0112d07bdfce,-5.230769230769233,2,0.15384615384615385,9.068,false,search_prefilter,3069.54,11.34814453125,0.11538461538461539,0.016911076478631083,0.224,0.406,low,0.31,0.0,Non-Toxin,0.089,true,true,true,1.4326589107513428,27.08063918211958,1.8976529414490009,79.00470239293726,2.0908117294311523,1.926706075668335,1.4452605247497559,2.127852201461792,12,true,true,0,false,not_started,0.929245,0.885613,0.906840,3,true,at_or_above_parent_run_top_quartile_per_independent_model
gyra,14,masked_substitution,autoresearch-macrel-endpoint-rescue-v1,27d280a57a515e81bc47e5a61665c380036dae5358a329048aaf1b378d5d4793,7a0b80d8c18a317d4d021865a7dc9e9c64aad3bda60ebb11f4bd1934a53f7d27,7a0b80d8c18a317d4d021865a7dc9e9c64aad3bda60ebb11f4bd1934a53f7d27,RLGKTKKEGKGKKDARGKHRNKFTKH,macrel,macrel_amp_probability,0.135,seqfam80_7a0b80d8c18a317d4d02,RLGKTKKEGKGKKDARGKHRNKFTKH,true,true,21,N21V,RLGKTKKEGKGKKDARGKHRVKFTKH,a6a084f23fd5a6e89a51812aaac21a65d61153a8c21aef789284f222b6512542,proposal-a6a084f23fd5a6e89a51,-11.084615384615388,1,0.15384615384615385,10.069,false,search_prefilter,3019.57,11.67333984375,0.15384615384615385,0.10461209988456942,0.263,0.416,low,0.355,0.0,Non-Toxin,0.128,true,true,true,1.3354029655456543,21.647261603145765,1.6230915103984676,41.98474409268166,1.7629985809326172,1.671393632888794,0.9364210367202759,2.121600389480591,12,true,true,0,false,not_started,0.959906,0.929245,0.939858,3,true,at_or_above_parent_run_top_quartile_per_independent_model
gyra,14,masked_substitution,autoresearch-macrel-endpoint-rescue-v1,b298b949e7a0627dabdb0b787ece3934cc90b1834a0e5c15054492602673bcb8,7a0b80d8c18a317d4d021865a7dc9e9c64aad3bda60ebb11f4bd1934a53f7d27,7a0b80d8c18a317d4d021865a7dc9e9c64aad3bda60ebb11f4bd1934a53f7d27,RLGKTKKEGKGKKDARGKHRNKFTKH,macrel,macrel_amp_probability,0.135,seqfam80_7a0b80d8c18a317d4d02,RLGKTKKEGKGKKDARGKHRNKFTKH,true,true,21,N21W,RLGKTKKEGKGKKDARGKHRWKFTKH,b5b24c289bb7614c08161951cb2b27ed9a2f56afa5c43bac3014e6ead44d72c4,proposal-b5b24c289bb7614c0816,12.053846153846154,1,0.15384615384615385,10.069,false,search_prefilter,3106.65,11.67333984375,0.11538461538461539,0.09741752068378773,0.174,0.446,low,0.38,0.0,Non-Toxin,0.03899999999999998,true,true,true,1.4924627542495728,31.07869355741969,1.6301571718067822,42.67339264904684,1.7493972778320312,1.4862639904022217,1.2511245012283325,2.0338776111602783,12,true,true,0,false,not_started,0.959906,0.858491,0.811321,3,true,at_or_above_parent_run_top_quartile_per_independent_model
gyra,14,masked_substitution,autoresearch-macrel-endpoint-rescue-v1,69ead27cfb4129593eca3f93c329ce406f376a29bd56100aced0e67744cf146e,7a0b80d8c18a317d4d021865a7dc9e9c64aad3bda60ebb11f4bd1934a53f7d27,7a0b80d8c18a317d4d021865a7dc9e9c64aad3bda60ebb11f4bd1934a53f7d27,RLGKTKKEGKGKKDARGKHRNKFTKH,macrel,macrel_amp_probability,0.135,seqfam80_7a0b80d8c18a317d4d02,RLGKTKKEGKGKKDARGKHRNKFTKH,true,true,21,N21Y,RLGKTKKEGKGKKDARGKHRYKFTKH,d35905470904046c8931cc05e76de8b42512b8b40f163a61a06d56b3d837dc78,proposal-d35905470904046c8931,-12.87692307692308,1,0.15384615384615385,10.067,false,search_prefilter,3083.61,11.392333984375,0.11538461538461539,0.08612161760372168,0.273,0.475,low,0.36,0.0,Non-Toxin,0.138,true,true,true,1.5545140504837036,35.85205471013832,1.7101024646397542,51.29823994746479,1.8001714944839478,1.8709099292755127,1.2377288341522217,1.9316191673278809,12,true,true,0,false,not_started,0.954009,0.813679,0.943396,3,true,at_or_above_parent_run_top_quartile_per_independent_model
gyra,14,masked_substitution,autoresearch-macrel-endpoint-rescue-v1,a7191b813e2809eeb58d13d411a787fdba7083e817ff8615c34bfd0d536ad248,7a0b80d8c18a317d4d021865a7dc9e9c64aad3bda60ebb11f4bd1934a53f7d27,7a0b80d8c18a317d4d021865a7dc9e9c64aad3bda60ebb11f4bd1934a53f7d27,RLGKTKKEGKGKKDARGKHRNKFTKH,macrel,macrel_amp_probability,0.135,seqfam80_7a0b80d8c18a317d4d02,RLGKTKKEGKGKKDARGKHRNKFTKH,true,true,20,R20V,RLGKTKKEGKGKKDARGKHVNKFTKH,bda7b2d94ce039648bc02795748ec77ade8d0c2f5e5f9e7a2f7c6e8da1ce9a7e,proposal-bda7b2d94ce039648bc0,-0.8692307692307712,1,0.15384615384615385,9.069,false,search_prefilter,2977.48,11.4267578125,0.15384615384615385,0.21496315619070497,0.253,0.337,low,0.375,0.0,Non-Toxin,0.118,true,true,true,1.0552977323532104,11.35789193745451,1.6262947321694803,42.29555539418832,1.8753259181976318,1.6329220533370972,0.8739316463470459,2.123047113418579,12,true,true,0,false,not_started,0.959906,0.965802,0.931604,3,true,at_or_above_parent_run_top_quartile_per_independent_model
gyra,14,masked_substitution,autoresearch-macrel-endpoint-rescue-v1,8805f812d6263609e92f6bb6115267a9f3794cc0fe84c0dfabc5f5c347d42623,7a0b80d8c18a317d4d021865a7dc9e9c64aad3bda60ebb11f4bd1934a53f7d27,7a0b80d8c18a317d4d021865a7dc9e9c64aad3bda60ebb11f4bd1934a53f7d27,RLGKTKKEGKGKKDARGKHRNKFTKH,macrel,macrel_amp_probability,0.135,seqfam80_7a0b80d8c18a317d4d02,RLGKTKKEGKGKKDARGKHRNKFTKH,true,true,20,R20Y,RLGKTKKEGKGKKDARGKHYNKFTKH,a383194409fa5b8b65bc69968cf56fc98ab2fb3141dc8ea9897a92097f1b032e,proposal-a383194409fa5b8b65bc,16.030769230769227,1,0.15384615384615385,9.067,false,search_prefilter,3041.53,11.1806640625,0.11538461538461539,0.18271311915032445,0.184,0.366,low,0.39,0.0,Non-Toxin,0.04899999999999999,true,true,true,1.110007643699646,12.882722254311341,1.7611286212572979,57.69373046466221,2.1218984127044678,1.8058788776397705,1.0766987800598145,2.040064573287964,12,true,true,0,false,not_started,0.949292,0.964623,0.829009,3,true,at_or_above_parent_run_top_quartile_per_independent_model
gyra,14,masked_substitution,autoresearch-macrel-endpoint-rescue-v1,c5761c89b78f46c693ffcc12b4419e087fe438b4a0120ad9c4fa47420855a832,7a0b80d8c18a317d4d021865a7dc9e9c64aad3bda60ebb11f4bd1934a53f7d27,7a0b80d8c18a317d4d021865a7dc9e9c64aad3bda60ebb11f4bd1934a53f7d27,RLGKTKKEGKGKKDARGKHRNKFTKH,macrel,macrel_amp_probability,0.135,seqfam80_7a0b80d8c18a317d4d02,RLGKTKKEGKGKKDARGKHRNKFTKH,true,true,19,H19I,RLGKTKKEGKGKKDARGKIRNKFTKH,09812da8bbfea1a56eccee271b19aba500dc6828c300e6150ab0b8ad533eeaf5,proposal-09812da8bbfea1a56ecc,0.6115384615384588,1,0.15384615384615385,10.027,false,search_prefilter,3010.56,11.67333984375,0.15384615384615385,0.08538392785132383,0.234,0.376,low,0.425,0.0,Non-Toxin,0.099,true,true,true,1.1188530921936035,13.147800093191718,1.5087501152571012,32.2663704222626,1.8044532537460327,1.4071159362792969,0.9041616916656494,1.9193077087402344,12,true,true,0,false,not_started,0.968160,0.963443,0.913915,3,true,at_or_above_parent_run_top_quartile_per_independent_model
gyra,14,masked_substitution,autoresearch-macrel-endpoint-rescue-v1,16c8a5677fc8742a56aa95b8ecba2b02ee8d7835e922d177e84792d0c7b199ac,7a0b80d8c18a317d4d021865a7dc9e9c64aad3bda60ebb11f4bd1934a53f7d27,7a0b80d8c18a317d4d021865a7dc9e9c64aad3bda60ebb11f4bd1934a53f7d27,RLGKTKKEGKGKKDARGKHRNKFTKH,macrel,macrel_amp_probability,0.135,seqfam80_7a0b80d8c18a317d4d02,RLGKTKKEGKGKKDARGKHRNKFTKH,true,true,19,H19V,RLGKTKKEGKGKKDARGKVRNKFTKH,86abc5d5add6da3d68655784436b51647d1379fd279a35a5703e419b941d9659,proposal-86abc5d5add6da3d6865,0.6115384615384588,1,0.15384615384615385,10.027,false,search_prefilter,2996.53,11.67333984375,0.15384615384615385,0.0800008028472314,0.224,0.337,low,0.4,0.0,Non-Toxin,0.089,true,true,true,1.297419548034668,19.8344219510162,1.611812829246261,40.90843159702672,1.8365724086761475,1.5852932929992676,1.0123615264892578,2.013061285018921,12,true,true,0,false,not_started,0.959906,0.941038,0.906840,3,true,at_or_above_parent_run_top_quartile_per_independent_model
gyra,14,masked_substitution,autoresearch-macrel-endpoint-rescue-v1,2976b8e2a41f54560ecad0b763ee814cb446e69dea5c92c7fc8532aed50b4e9d,7a0b80d8c18a317d4d021865a7dc9e9c64aad3bda60ebb11f4bd1934a53f7d27,7a0b80d8c18a317d4d021865a7dc9e9c64aad3bda60ebb11f4bd1934a53f7d27,RLGKTKKEGKGKKDARGKHRNKFTKH,macrel,macrel_amp_probability,0.135,seqfam80_7a0b80d8c18a317d4d02,RLGKTKKEGKGKKDARGKHRNKFTKH,true,true,19,H19Y,RLGKTKKEGKGKKDARGKYRNKFTKH,2138aa23bf783b5b5c027b6c2c5371f918e044eaebebdf377df85f244519713b,proposal-2138aa23bf783b5b5c02,-2.626923076923079,1,0.15384615384615385,10.025,false,search_prefilter,3060.57,11.392333984375,0.11538461538461539,0.07296501765919815,0.253,0.386,low,0.38,0.0,Non-Toxin,0.118,true,true,true,1.2375577688217163,17.28055827107396,2.0458505450458953,111.13492098078615,2.1245017051696777,1.8254884481430054,2.2857019901275635,1.9476892948150635,12,true,true,0,false,not_started,0.884434,0.957547,0.931604,3,true,at_or_above_parent_run_top_quartile_per_independent_model
gyra,14,masked_substitution,autoresearch-macrel-endpoint-rescue-v1,af55ae74dfd60f976d69a53eae67f548230a96b3ac541707806bc5b1b022fb4f,7a0b80d8c18a317d4d021865a7dc9e9c64aad3bda60ebb11f4bd1934a53f7d27,7a0b80d8c18a317d4d021865a7dc9e9c64aad3bda60ebb11f4bd1934a53f7d27,RLGKTKKEGKGKKDARGKHRNKFTKH,macrel,macrel_amp_probability,0.135,seqfam80_7a0b80d8c18a317d4d02,RLGKTKKEGKGKKDARGKHRNKFTKH,true,true,17,G17W,RLGKTKKEGKGKKDARWKHRNKFTKH,fc21bd25d1f9a584975f411fe4916881402065d5a5599de74123a0ef72ce8be3,proposal-fc21bd25d1f9a584975f,32.43846153846154,1,0.15384615384615385,10.069,false,search_prefilter,3163.7,11.67333984375,0.11538461538461539,0.08562057494004757,0.194,0.436,low,0.42,0.0,Non-Toxin,0.059,true,true,true,1.1588627099990845,14.416595393160978,1.689326447603036,48.90198043976062,1.8876023292541504,1.6038720607757568,1.2743407487869263,1.99151611328125,12,true,true,0,false,not_started,0.955189,0.962264,0.853774,3,true,at_or_above_parent_run_top_quartile_per_independent_model
gyra,14,masked_substitution,autoresearch-macrel-endpoint-rescue-v1,62b1a29f98935d5cdcf327a9e9d8c89aa0acd809b34ff2d42395c45b768485cf,7a0b80d8c18a317d4d021865a7dc9e9c64aad3bda60ebb11f4bd1934a53f7d27,7a0b80d8c18a317d4d021865a7dc9e9c64aad3bda60ebb11f4bd1934a53f7d27,RLGKTKKEGKGKKDARGKHRNKFTKH,macrel,macrel_amp_probability,0.135,seqfam80_7a0b80d8c18a317d4d02,RLGKTKKEGKGKKDARGKHRNKFTKH,true,true,17,G17Y,RLGKTKKEGKGKKDARYKHRNKFTKH,4273b332498f20fe4e2387d2be90520c6b58f52aa991557eef13eb53abf2c7e5,proposal-4273b332498f20fe4e23,7.507692307692308,1,0.15384615384615385,10.067,false,search_prefilter,3140.66,11.392333984375,0.11538461538461539,0.07208584245333537,0.194,0.465,low,0.385,0.0,Non-Toxin,0.059,true,true,true,1.197426438331604,15.75529133864047,1.8654295291240839,73.35496751844327,2.1405632495880127,2.060171365737915,1.0526340007781982,2.208383321762085,12,true,true,0,false,not_started,0.936321,0.959906,0.853774,3,true,at_or_above_parent_run_top_quartile_per_independent_model
gyra,14,masked_substitution,autoresearch-macrel-endpoint-rescue-v1,5fc0e86d431bc330229108fbb1ac83e627d57b34bb71b83d17e4ceed2785a650,7a0b80d8c18a317d4d021865a7dc9e9c64aad3bda60ebb11f4bd1934a53f7d27,7a0b80d8c18a317d4d021865a7dc9e9c64aad3bda60ebb11f4bd1934a53f7d27,RLGKTKKEGKGKKDARGKHRNKFTKH,macrel,macrel_amp_probability,0.135,seqfam80_7a0b80d8c18a317d4d02,RLGKTKKEGKGKKDARGKHRNKFTKH,true,true,13,K13L,RLGKTKKEGKGKLDARGKHRNKFTKH,87095e73fdd879b8036829667cdbaf8dd31ecf7295e8149fee5ea20bcc7d4b83,proposal-87095e73fdd879b80368,0.6115384615384588,1,0.15384615384615385,9.07,false,search_prefilter,3019.52,11.642578125,0.15384615384615385,0.17626297193011795,0.194,0.356,low,0.37,0.0,Non-Toxin,0.059,true,true,true,0.9775304794311523,9.49577639631455,1.5726839208362222,37.38384099537425,2.110091209411621,1.7954471111297607,0.9461944103240967,1.4389910697937012,12,true,true,1,false,not_started,0.963443,0.968160,0.853774,3,true,at_or_above_parent_run_top_quartile_per_independent_model
gyra,14,masked_substitution,autoresearch-macrel-endpoint-rescue-v1,3f8ddd2d3684911e645656c1b39796fe6944917896af9124fd2e81f3855198d7,7a0b80d8c18a317d4d021865a7dc9e9c64aad3bda60ebb11f4bd1934a53f7d27,7a0b80d8c18a317d4d021865a7dc9e9c64aad3bda60ebb11f4bd1934a53f7d27,RLGKTKKEGKGKKDARGKHRNKFTKH,macrel,macrel_amp_probability,0.135,seqfam80_7a0b80d8c18a317d4d02,RLGKTKKEGKGKKDARGKHRNKFTKH,true,true,13,K13V,RLGKTKKEGKGKVDARGKHRNKFTKH,fccd7e69013ea52cd9b017b472d57cb1a2406d893a7be151ffc7ba8effb4e650,proposal-fccd7e69013ea52cd9b0,-5.169230769230771,1,0.15384615384615385,9.07,false,search_prefilter,3005.5,11.642578125,0.15384615384615385,0.17626297193011795,0.214,0.317,low,0.39,0.0,Non-Toxin,0.07899999999999999,true,true,true,0.9290457963943481,8.492700259195182,1.7221657529174186,52.743112247969975,2.084348201751709,1.8882122039794922,1.1109482049942017,1.8051620721817017,12,true,true,1,false,not_started,0.952830,0.968160,0.895047,3,true,at_or_above_parent_run_top_quartile_per_independent_model
gyra,14,masked_substitution,autoresearch-macrel-endpoint-rescue-v1,3f4ee0a13ccc9aa81c98a959e76845d72bf440f893c25e38271fcd9e02537f26,7a0b80d8c18a317d4d021865a7dc9e9c64aad3bda60ebb11f4bd1934a53f7d27,7a0b80d8c18a317d4d021865a7dc9e9c64aad3bda60ebb11f4bd1934a53f7d27,RLGKTKKEGKGKKDARGKHRNKFTKH,macrel,macrel_amp_probability,0.135,seqfam80_7a0b80d8c18a317d4d02,RLGKTKKEGKGKKDARGKHRNKFTKH,true,true,13,K13Y,RLGKTKKEGKGKYDARGKHRNKFTKH,102b324759c0212a082c799cbc43c3d9ef149e2c5e18bf4f0bb30e9d8f0e53ea,proposal-102b324759c0212a082c,12.984615384615385,1,0.15384615384615385,9.068,false,search_prefilter,3069.54,11.34814453125,0.11538461538461539,0.1440974265399826,0.198,0.356,low,0.37,0.0,Non-Toxin,0.063,true,true,true,1.164916753768921,14.618969289575201,2.1204418978238464,131.9598757107365,2.3577980995178223,2.1382791996002197,2.055441379547119,1.9302232265472412,12,true,true,0,false,not_started,0.851415,0.962264,0.876179,3,true,at_or_above_parent_run_top_quartile_per_independent_model
gyra,14,masked_substitution,autoresearch-macrel-endpoint-rescue-v1,90bb799d6e75769cb65ba309bc19dda530d36eaa2ddfb4eb02c8c739675540db,7a0b80d8c18a317d4d021865a7dc9e9c64aad3bda60ebb11f4bd1934a53f7d27,7a0b80d8c18a317d4d021865a7dc9e9c64aad3bda60ebb11f4bd1934a53f7d27,RLGKTKKEGKGKKDARGKHRNKFTKH,macrel,macrel_amp_probability,0.135,seqfam80_7a0b80d8c18a317d4d02,RLGKTKKEGKGKKDARGKHRNKFTKH,true,true,11,G11W,RLGKTKKEGKWKKDARGKHRNKFTKH,6963c1d566312f0dd0e8bf07fafb6a53aacd7e9ced85e7e3ed62eef22260116c,proposal-6963c1d566312f0dd0e8,10.407692307692308,1,0.15384615384615385,10.069,false,search_prefilter,3163.7,11.67333984375,0.11538461538461539,0.06457696288201925,0.174,0.465,low,0.415,0.0,Non-Toxin,0.03899999999999998,true,true,true,0.8554815053939819,7.169378438425138,1.6513057091587997,44.802857007885905,1.8176124095916748,1.9266650676727295,0.8842422962188721,1.976736068725586,12,true,true,1,false,not_started,0.958726,0.970519,0.811321,3,true,at_or_above_parent_run_top_quartile_per_independent_model
gyra,14,masked_substitution,autoresearch-macrel-endpoint-rescue-v1,4e3f99efa95273cb10cad238257d8c1b78f09b222e8065b47b43527aef9c4c5c,7a0b80d8c18a317d4d021865a7dc9e9c64aad3bda60ebb11f4bd1934a53f7d27,7a0b80d8c18a317d4d021865a7dc9e9c64aad3bda60ebb11f4bd1934a53f7d27,RLGKTKKEGKGKKDARGKHRNKFTKH,macrel,macrel_amp_probability,0.135,seqfam80_7a0b80d8c18a317d4d02,RLGKTKKEGKGKKDARGKHRNKFTKH,true,true,11,G11Y,RLGKTKKEGKYKKDARGKHRNKFTKH,7b694fe2bab9f7517e7908a7b264cbabc79e576571dbb033c03954e4067341b8,proposal-7b694fe2bab9f7517e79,10.407692307692308,1,0.15384615384615385,10.067,false,search_prefilter,3140.66,11.392333984375,0.11538461538461539,0.0854605239913308,0.188,0.446,low,0.365,0.0,Non-Toxin,0.05299999999999999,true,true,true,1.2030028104782104,15.958894747869765,2.003250516277208,100.75126698815406,2.175143241882324,2.369189500808716,0.979987382888794,2.488731622695923,12,true,true,0,false,not_started,0.905660,0.959906,0.853774,3,true,at_or_above_parent_run_top_quartile_per_independent_model
gyra,14,masked_substitution,autoresearch-macrel-endpoint-rescue-v1,b7b02f28841e87b1c2a591faf1dac4b4cd01f817a54d7c75a3e941520af3e868,7a0b80d8c18a317d4d021865a7dc9e9c64aad3bda60ebb11f4bd1934a53f7d27,7a0b80d8c18a317d4d021865a7dc9e9c64aad3bda60ebb11f4bd1934a53f7d27,RLGKTKKEGKGKKDARGKHRNKFTKH,macrel,macrel_amp_probability,0.135,seqfam80_7a0b80d8c18a317d4d02,RLGKTKKEGKGKKDARGKHRNKFTKH,true,true,9,G9W,RLGKTKKEWKGKKDARGKHRNKFTKH,7f0a7c720dc81ccd1e00bf36916ac8ba17a83c8ff85eb144a99e750f1819204a,proposal-7f0a7c720dc81ccd1e00,1.3615384615384598,1,0.15384615384615385,10.069,false,search_prefilter,3163.7,11.67333984375,0.11538461538461539,0.08842057301959695,0.194,0.465,low,0.45,0.0,Non-Toxin,0.059,true,true,true,1.4752269983291626,29.86943435438984,1.559577016467533,36.27246050240904,1.9053332805633545,1.6693260669708252,0.7769145965576172,1.8867669105529785,12,true,true,0,false,not_started,0.963443,0.869104,0.853774,3,true,at_or_above_parent_run_top_quartile_per_independent_model
gyra,14,masked_substitution,autoresearch-macrel-endpoint-rescue-v1,f212623ac297a1d5de152415bb7d5c3808a71468e20954c295a06c3a6d6925e4,7a0b80d8c18a317d4d021865a7dc9e9c64aad3bda60ebb11f4bd1934a53f7d27,7a0b80d8c18a317d4d021865a7dc9e9c64aad3bda60ebb11f4bd1934a53f7d27,RLGKTKKEGKGKKDARGKHRNKFTKH,macrel,macrel_amp_probability,0.135,seqfam80_7a0b80d8c18a317d4d02,RLGKTKKEGKGKKDARGKHRNKFTKH,true,true,9,G9Y,RLGKTKKEYKGKKDARGKHRNKFTKH,010c1ffeb5d6db47447e4629330b5025a64be698ea0cb4a3bbf9f05159926b86,proposal-010c1ffeb5d6db47447e,7.142307692307692,1,0.15384615384615385,10.067,false,search_prefilter,3140.66,11.392333984375,0.11538461538461539,0.06979607507236615,0.198,0.455,low,0.415,0.0,Non-Toxin,0.063,true,true,true,1.592015266418457,39.08546349619915,1.9357411906405533,86.24644256722743,1.9982502460479736,2.3638343811035156,0.8330937623977661,2.547849416732788,12,true,true,0,false,not_started,0.917453,0.785377,0.876179,3,true,at_or_above_parent_run_top_quartile_per_independent_model
gyra,14,masked_substitution,autoresearch-macrel-endpoint-rescue-v1,d9ca365f8e33614c8b8a9056346a4dee97e1fe1e5631c35022db9d515c0b8270,7a0b80d8c18a317d4d021865a7dc9e9c64aad3bda60ebb11f4bd1934a53f7d27,7a0b80d8c18a317d4d021865a7dc9e9c64aad3bda60ebb11f4bd1934a53f7d27,RLGKTKKEGKGKKDARGKHRNKFTKH,macrel,macrel_amp_probability,0.135,seqfam80_7a0b80d8c18a317d4d02,RLGKTKKEGKGKKDARGKHRNKFTKH,true,true,7,K7L,RLGKTKLEGKGKKDARGKHRNKFTKH,01890ca575d886c5e082cf5185b35479ecbe55fa928dfe8da7769165961d0093,proposal-01890ca575d886c5e082,0.6115384615384588,1,0.15384615384615385,9.07,false,search_prefilter,3019.52,11.642578125,0.15384615384615385,0.0761144554908476,0.184,0.396,low,0.4,0.0,Non-Toxin,0.04899999999999999,true,true,true,1.008541226387024,10.19861568118305,1.689475623545586,48.91878068096297,2.0201263427734375,1.8392479419708252,0.985312819480896,1.9132373332977295,12,true,true,0,false,not_started,0.955189,0.968160,0.829009,3,true,at_or_above_parent_run_top_quartile_per_independent_model
gyra,14,masked_substitution,autoresearch-macrel-endpoint-rescue-v1,3a79133e3c0fd4f8be38dd7249ab8015edc4aca038e1cb8a6ad9d7d49a13ee06,7a0b80d8c18a317d4d021865a7dc9e9c64aad3bda60ebb11f4bd1934a53f7d27,7a0b80d8c18a317d4d021865a7dc9e9c64aad3bda60ebb11f4bd1934a53f7d27,RLGKTKKEGKGKKDARGKHRNKFTKH,macrel,macrel_amp_probability,0.135,seqfam80_7a0b80d8c18a317d4d02,RLGKTKKEGKGKKDARGKHRNKFTKH,true,true,7,K7V,RLGKTKVEGKGKKDARGKHRNKFTKH,fc754817e3be052a721cd57f67216ac7ef03ea1dc864a71dada4208ea7bbc72c,proposal-fc754817e3be052a721c,0.6115384615384588,1,0.15384615384615385,9.07,false,search_prefilter,3005.5,11.642578125,0.15384615384615385,0.0761144554908476,0.194,0.356,low,0.36,0.0,Non-Toxin,0.059,true,true,true,1.001401424407959,10.032321109938811,1.6995091211762645,50.06210666044769,2.0465025901794434,2.0266265869140625,0.938849687576294,1.7860679626464844,12,true,true,0,false,not_started,0.955189,0.968160,0.853774,3,true,at_or_above_parent_run_top_quartile_per_independent_model
gyra,14,masked_substitution,autoresearch-macrel-endpoint-rescue-v1,6ddf9e17f1f15ac2faf1f61508e694d4fbd20ebe0193154dddd82ed1f65e2679,7a0b80d8c18a317d4d021865a7dc9e9c64aad3bda60ebb11f4bd1934a53f7d27,7a0b80d8c18a317d4d021865a7dc9e9c64aad3bda60ebb11f4bd1934a53f7d27,RLGKTKKEGKGKKDARGKHRNKFTKH,macrel,macrel_amp_probability,0.135,seqfam80_7a0b80d8c18a317d4d02,RLGKTKKEGKGKKDARGKHRNKFTKH,true,true,6,K6L,RLGKTLKEGKGKKDARGKHRNKFTKH,5ad0ff180cdd723ca842252df920004a2825b416380a352a42e8e6b2a1268c62,proposal-5ad0ff180cdd723ca842,0.6115384615384588,1,0.15384615384615385,9.07,false,search_prefilter,3019.52,11.642578125,0.15384615384615385,0.17068968910955504,0.184,0.396,low,0.41,0.0,Non-Toxin,0.04899999999999999,true,true,true,1.081193208694458,12.05572155376541,1.6453939434773086,44.19711724934041,1.9119399785995483,1.7451847791671753,0.8261809349060059,2.0983147621154785,12,true,true,0,false,not_started,0.959906,0.965802,0.829009,3,true,at_or_above_parent_run_top_quartile_per_independent_model
gyra,14,masked_substitution,autoresearch-macrel-endpoint-rescue-v1,ddb0faf63b5e596541705518f52ab546b96659e15f2f70f197c5a6eaa1959342,7a0b80d8c18a317d4d021865a7dc9e9c64aad3bda60ebb11f4bd1934a53f7d27,7a0b80d8c18a317d4d021865a7dc9e9c64aad3bda60ebb11f4bd1934a53f7d27,RLGKTKKEGKGKKDARGKHRNKFTKH,macrel,macrel_amp_probability,0.135,seqfam80_7a0b80d8c18a317d4d02,RLGKTKKEGKGKKDARGKHRNKFTKH,true,true,6,K6W,RLGKTWKEGKGKKDARGKHRNKFTKH,a387d1db0af833ec1640c9352b9ebdb507bc08b4f38070ecafb2ff0a9266f420,proposal-a387d1db0af833ec1640,-1.9038461538461577,1,0.15384615384615385,9.07,false,search_prefilter,3092.58,11.642578125,0.11538461538461539,0.15986610714609087,0.234,0.406,low,0.41,0.0,Non-Toxin,0.099,true,true,true,1.3066900968551636,20.262363251277428,1.5417226639005173,34.811494133136954,1.6687790155410767,1.612083911895752,0.9395610094070435,1.946505069732666,12,true,true,0,false,not_started,0.966981,0.937500,0.913915,3,true,at_or_above_parent_run_top_quartile_per_independent_model
gyra,14,masked_substitution,autoresearch-macrel-endpoint-rescue-v1,1ae98c48dba6eeb9a2365449bb89cc92c3eff3af13fa0cf7acaf2462bb52bce8,7a0b80d8c18a317d4d021865a7dc9e9c64aad3bda60ebb11f4bd1934a53f7d27,7a0b80d8c18a317d4d021865a7dc9e9c64aad3bda60ebb11f4bd1934a53f7d27,RLGKTKKEGKGKKDARGKHRNKFTKH,macrel,macrel_amp_probability,0.135,seqfam80_7a0b80d8c18a317d4d02,RLGKTKKEGKGKKDARGKHRNKFTKH,true,true,5,T5V,RLGKVKKEGKGKKDARGKHRNKFTKH,763daf8492f46d033730af89ea698d614154be7232e4bb613ebd476ab8be6345,proposal-763daf8492f46d033730,-0.49615384615384994,1,0.15384615384615385,10.069,false,search_prefilter,3032.57,11.67333984375,0.15384615384615385,0.10179295246755413,0.362,0.465,low,0.43,0.0,Non-Toxin,0.22699999999999998,true,true,true,1.3275471925735474,21.259213457312548,1.515203524753102,32.74941335015735,1.658069133758545,1.6613584756851196,0.6919118165969849,2.049527883529663,12,true,true,0,false,not_started,0.966981,0.931604,0.968160,3,true,at_or_above_parent_run_top_quartile_per_independent_model
gyra,14,masked_substitution,autoresearch-macrel-endpoint-rescue-v1,ae8deba2488f0096f001c7be32c335c2a47188832e3d846b9d74a0751665f471,7a0b80d8c18a317d4d021865a7dc9e9c64aad3bda60ebb11f4bd1934a53f7d27,7a0b80d8c18a317d4d021865a7dc9e9c64aad3bda60ebb11f4bd1934a53f7d27,RLGKTKKEGKGKKDARGKHRNKFTKH,macrel,macrel_amp_probability,0.135,seqfam80_7a0b80d8c18a317d4d02,RLGKTKKEGKGKKDARGKHRNKFTKH,true,true,3,G3W,RLWKTKKEGKGKKDARGKHRNKFTKH,1bddcb24970e83cd9e85ad3aa91e89bc664670fa5b145f68be3045d107bca590,proposal-1bddcb24970e83cd9e85,16.249999999999996,2,0.15384615384615385,10.069,false,search_prefilter,3163.7,11.67333984375,0.11538461538461539,0.07787131067507344,0.204,0.446,low,0.415,0.0,Non-Toxin,0.06899999999999998,true,true,true,1.326794981956482,21.22242375368586,1.458330706026647,28.72967453005203,1.8002302646636963,1.5129679441452026,0.6875710487365723,1.8325908184051514,12,true,true,0,false,not_started,0.969340,0.931604,0.877358,3,true,at_or_above_parent_run_top_quartile_per_independent_model
gyra,14,masked_substitution,autoresearch-macrel-endpoint-rescue-v1,10ca11085909e83cc68d4695d584b41290535eecaadc79b94fafd5da3501e813,7a0b80d8c18a317d4d021865a7dc9e9c64aad3bda60ebb11f4bd1934a53f7d27,7a0b80d8c18a317d4d021865a7dc9e9c64aad3bda60ebb11f4bd1934a53f7d27,RLGKTKKEGKGKKDARGKHRNKFTKH,macrel,macrel_amp_probability,0.135,seqfam80_7a0b80d8c18a317d4d02,RLGKTKKEGKGKKDARGKHRNKFTKH,true,true,1,R1V,VLGKTKKEGKGKKDARGKHRNKFTKH,414866de3f015917ffff26b6d03ae6efd54c10d6a2bdbbb04e4da882d8e078ee,proposal-414866de3f015917ffff,3.876923076923075,2,0.15384615384615385,9.069,false,search_prefilter,2977.48,11.4267578125,0.15384615384615385,0.134995745067622,0.287,0.386,low,0.415,0.0,Non-Toxin,0.15199999999999997,true,true,true,1.0140361785888672,10.328474427896847,2.0399600086457683,109.63772332460636,3.1239466667175293,2.018158197402954,0.8767604827880859,2.140986919403076,12,true,true,0,false,not_started,0.887972,0.968160,0.951651,3,true,at_or_above_parent_run_top_quartile_per_independent_model
gyra,14,masked_substitution,autoresearch-macrel-endpoint-rescue-v1,d9549b4c4e63437133b43f934d76728e986a8d65c96e72522736025ee67cc87d,7a0b80d8c18a317d4d021865a7dc9e9c64aad3bda60ebb11f4bd1934a53f7d27,7a0b80d8c18a317d4d021865a7dc9e9c64aad3bda60ebb11f4bd1934a53f7d27,RLGKTKKEGKGKKDARGKHRNKFTKH,macrel,macrel_amp_probability,0.135,seqfam80_7a0b80d8c18a317d4d02,RLGKTKKEGKGKKDARGKHRNKFTKH,true,true,1,R1W,WLGKTKKEGKGKKDARGKHRNKFTKH,6c74004dd9e16cd0df01dcd0897f30d82d0d733a110082921c02e23a92950c18,proposal-6c74004dd9e16cd0df01,8.623076923076923,2,0.15384615384615385,9.069,false,search_prefilter,3064.56,11.4267578125,0.11538461538461539,0.12575600220597,0.277,0.426,low,0.435,0.0,Non-Toxin,0.14200000000000002,true,true,true,1.2352113723754883,17.18744701620509,1.6000107043004403,39.81169830458414,1.9389069080352783,1.5795762538909912,0.7172507047653198,2.1643643379211426,12,true,true,0,false,not_started,0.962264,0.958726,0.949292,3,true,at_or_above_parent_run_top_quartile_per_independent_model
gyra,14,masked_substitution,autoresearch-macrel-endpoint-rescue-v1,9fa97bc18d8d6c9421feb79dee5500d6bf5f69cf9c3c5d317e65e819e29f9af6,7a0b80d8c18a317d4d021865a7dc9e9c64aad3bda60ebb11f4bd1934a53f7d27,7a0b80d8c18a317d4d021865a7dc9e9c64aad3bda60ebb11f4bd1934a53f7d27,RLGKTKKEGKGKKDARGKHRNKFTKH,macrel,macrel_amp_probability,0.135,seqfam80_7a0b80d8c18a317d4d02,RLGKTKKEGKGKKDARGKHRNKFTKH,true,true,25,K25Y,RLGKTKKEGKGKKDARGKHRNKFTYH,175bee9d86985b7af5550bb9cff7593527e163f6e4f050841cfa17d276520616,proposal-175bee9d86985b7af555,8.62307692307692,1,0.15384615384615385,9.068,false,search_prefilter,3069.54,11.34814453125,0.11538461538461539,0.060453993249707315,0.174,0.396,low,0.415,0.0,Non-Toxin,0.03899999999999998,true,true,true,1.2694576978683472,18.59763405525856,2.3914695163955844,246.30289494732813,3.4602673053741455,2.199434757232666,1.9297493696212769,1.9763810634613037,12,true,true,0,false,not_started,0.709906,0.952830,0.811321,2,true,at_or_above_parent_run_top_quartile_per_independent_model
gyra,14,masked_substitution,autoresearch-macrel-endpoint-rescue-v1,18b0a9d09725de3c0286165dd498463ca38d7a154726cbbf0477851fc9c26a2e,7a0b80d8c18a317d4d021865a7dc9e9c64aad3bda60ebb11f4bd1934a53f7d27,7a0b80d8c18a317d4d021865a7dc9e9c64aad3bda60ebb11f4bd1934a53f7d27,RLGKTKKEGKGKKDARGKHRNKFTKH,macrel,macrel_amp_probability,0.135,seqfam80_7a0b80d8c18a317d4d02,RLGKTKKEGKGKKDARGKHRNKFTKH,true,true,7,K7Y,RLGKTKYEGKGKKDARGKHRNKFTKH,0b0e1dd379e579e5881405555286c584f790f07842369b751c0f5f243fe5a9e3,proposal-0b0e1dd379e579e58814,0.9769230769230752,1,0.15384615384615385,9.068,false,search_prefilter,3069.54,11.34814453125,0.11538461538461539,0.060453993249707356,0.178,0.396,low,0.365,0.0,Non-Toxin,0.04299999999999998,true,true,true,0.9435662031173706,8.781449398257157,2.4693335742625857,294.6684063122572,2.7468042373657227,2.354307174682617,2.8325860500335693,1.943573236465454,12,true,true,1,false,not_started,0.670991,0.968160,0.829009,2,true,at_or_above_parent_run_top_quartile_per_independent_model
gyra,14,masked_substitution,autoresearch-macrel-endpoint-rescue-v1,298be26ac087382d9a50e79e14b58b7a520ff8870679bd439dc69c8071665dc6,7a0b80d8c18a317d4d021865a7dc9e9c64aad3bda60ebb11f4bd1934a53f7d27,7a0b80d8c18a317d4d021865a7dc9e9c64aad3bda60ebb11f4bd1934a53f7d27,RLGKTKKEGKGKKDARGKHRNKFTKH,macrel,macrel_amp_probability,0.135,seqfam80_7a0b80d8c18a317d4d02,RLGKTKKEGKGKKDARGKHRNKFTKH,true,true,4,K4Y,RLGYTKKEGKGKKDARGKHRNKFTKH,6d71033077245d04ec8d716b609d1f2871b02a34667fc07248b14c94ba9a4ac4,proposal-6d71033077245d04ec8d,0.6115384615384588,1,0.15384615384615385,9.068,false,search_prefilter,3069.54,11.34814453125,0.11538461538461539,0.016911076478631108,0.168,0.406,low,0.375,0.0,Non-Toxin,0.033,true,true,true,1.2667025327682495,18.480024079389803,2.5743571731600383,375.28151498604853,3.543816566467285,2.634188652038574,1.5616796016693115,2.55774188041687,12,true,true,0,false,not_started,0.620283,0.954009,0.811321,2,true,at_or_above_parent_run_top_quartile_per_independent_model
gyra,14,masked_substitution,autoresearch-macrel-endpoint-rescue-v1,19bfa2673bb206c38127e52086cb37910a5b58c9af6c5f3d41aca05f33d13e26,7a0b80d8c18a317d4d021865a7dc9e9c64aad3bda60ebb11f4bd1934a53f7d27,7a0b80d8c18a317d4d021865a7dc9e9c64aad3bda60ebb11f4bd1934a53f7d27,RLGKTKKEGKGKKDARGKHRNKFTKH,macrel,macrel_amp_probability,0.135,seqfam80_7a0b80d8c18a317d4d02,RLGKTKKEGKGKKDARGKHRNKFTKH,true,true,3,G3Y,RLYKTKKEGKGKKDARGKHRNKFTKH,d6464fdbdb7553fb6c0078dab00e0e0941ab1a29daf3e168d204346c27ab007d,proposal-d6464fdbdb7553fb6c00,7.142307692307692,2,0.15384615384615385,10.067,false,search_prefilter,3140.66,11.392333984375,0.11538461538461539,0.0777238481210717,0.178,0.426,low,0.375,0.0,Non-Toxin,0.04299999999999998,true,true,true,1.3557535409927368,22.68577085275053,2.817871871315854,657.4638390251563,3.3621652126312256,2.727499485015869,2.7259280681610107,2.4558496475219727,12,true,true,0,false,not_started,0.492925,0.923349,0.829009,2,true,at_or_above_parent_run_top_quartile_per_independent_model
gyra,14,masked_substitution,autoresearch-macrel-endpoint-rescue-v1,dfef7562c1f824a1061cdc9e676a63d7d60ab8ef1c0364c3fce3baa5077f8762,7a0b80d8c18a317d4d021865a7dc9e9c64aad3bda60ebb11f4bd1934a53f7d27,7a0b80d8c18a317d4d021865a7dc9e9c64aad3bda60ebb11f4bd1934a53f7d27,RLGKTKKEGKGKKDARGKHRNKFTKH,macrel,macrel_amp_probability,0.135,seqfam80_7a0b80d8c18a317d4d02,RLGKTKKEGKGKKDARGKHRNKFTKH,true,true,1,R1Y,YLGKTKKEGKGKKDARGKHRNKFTKH,4d576b5b6333be8d1e00b5de60ce249645faa034e910511d232a36ba48750c76,proposal-4d576b5b6333be8d1e00,3.876923076923075,2,0.15384615384615385,9.067,false,search_prefilter,3041.53,11.1806640625,0.11538461538461539,0.10921850402255696,0.248,0.426,low,0.41,0.0,Non-Toxin,0.11299999999999999,true,true,true,1.2252202033996582,16.796554498208984,2.8200674880760217,660.7961257900168,3.1104631423950195,2.7925806045532227,2.8763935565948486,2.500790596008301,12,true,true,0,false,not_started,0.491745,0.958726,0.931604,2,true,at_or_above_parent_run_top_quartile_per_independent_model
