branch_key,action_type,operator_id,sequence,guruprasad_instability_index,maximum_hydrophobic_run,hydrophobic_fraction,net_charge_ph7_4,historical_exact_replay,score_all_status,candidate_id,molecular_weight_da,isoelectric_point,hydrophobic_ratio_modlamp,hydrophobic_moment_eisenberg,macrel_amp_probability,macrel_hemolysis_probability,macrel_hemolysis_label,toxinpred3_ml_score,toxinpred3_hybrid_score,toxinpred3_label,llamp_log10_mic_um,llamp_predicted_mic_um,amp_read_log10_mic_um,amp_read_predicted_mic_um,amp_read_cnn_log10_mic_um,amp_read_transformer_log10_mic_um,amp_read_attention_log10_mic_um,amp_read_lstm_log10_mic_um,amplify_probability,amplify_label,formal_metric_count,formal_12_complete,display_eligible,activity_model_support_count,excellent_sequence_stage,structure_md_status
acea,de_novo,autoresearch-rule-de-novo-v2,IRQLKLLRWKKLFKKIGKKW,28.660000000000004,2,0.45,8.986,false,not_started,proposal-cbd0c3e068e5cffb2768,2611.32,12.25634765625,0.35,0.2940848048039777,0.733,0.99,high,0.74,0.74,Toxin,0.6677851676940918,4.653558391606305,0.6369942265437484,4.335051153867103,0.4803447723388672,0.8016947507858276,0.7084648609161377,0.5574626922607422,0.9999644,AMP,12,true,false,3,false,not_started
acea,controlled_crossover,autoresearch-rule-crossover-v3,DTKKPQRTRKHHS,6.684615384615386,0,0.0,4.072,false,not_started,proposal-98599ce42efa3d8c2522,1618.8,11.4951171875,0.0,0.2052998785790678,0.446,0.376,low,0.23,0.23,Non-Toxin,1.8679369688034058,73.77971423959629,1.886190684215057,76.94682139450165,1.487479567527771,2.767425060272217,1.0343701839447021,2.255528211593628,0.761005,AMP,12,true,true,0,false,not_started
acea,masked_substitution,autoresearch-rule-substitution-v3,KKKSNLRMKTQEQW,45.17142857142858,1,0.21428571428571427,3.988,false,not_started,proposal-8102bc09d09160650ce8,1805.11,11.10546875,0.14285714285714285,0.07903856907666636,0.307,0.327,low,0.295,0.295,Non-Toxin,1.7260117530822754,53.21226596265388,2.2766689525938526,189.09017013037098,1.9163457155227661,2.8496134281158447,1.5230828523635864,2.8176863193511963,0.06253296,non-AMP,12,true,true,0,false,not_started
angpt1,de_novo,autoresearch-rule-de-novo-v2,LKLIRKKRKWRKLLKKIRWL,39.385000000000005,2,0.45,10.986,false,not_started,proposal-b6aba2fc83ccd70f9732,2704.49,12.62353515625,0.35,0.39306149122953354,0.663,0.941,high,0.81,0.31,Non-Toxin,0.9054027795791626,8.042716855129564,0.7746267493602169,5.951504267735722,1.1472548246383667,0.998225748538971,0.59794020652771,0.3550461530685425,0.99984777,AMP,12,true,false,3,false,not_started
angpt1,controlled_crossover,autoresearch-rule-crossover-v3,GKRPRGKPGPGP,18.59166666666667,0,0.0,3.989,false,not_started,proposal-3974cf31a95c6fcd0fcc,1203.4,12.15625,0.0,0.16863609288992212,0.347,0.673,high,0.455,0.455,Toxin,1.894118070602417,78.36426608650952,2.4270042328070045,267.3032460975413,2.04502010345459,3.3040246963500977,2.5271592140197754,1.8317506313323975,0.6376598,AMP,12,true,false,0,false,not_started
angpt1,masked_substitution,autoresearch-rule-substitution-v3,GTRKHGDGRRK,44.018181818181816,0,0.0,4.031,false,not_started,proposal-750395719b66aaf3b214,1267.4,11.87548828125,0.0,0.40827042873912944,0.307,0.366,low,0.225,0.225,Non-Toxin,1.9284497499465942,84.81052467372774,3.4085090989276052,2561.586931474609,3.5737998485565186,3.8176732063293457,3.275017499923706,2.967494010925293,0.01527114,non-AMP,12,true,true,0,false,not_started
fgf2,de_novo,autoresearch-rule-de-novo-v2,FKKIGKKWKLKWKLFKKIGK,-35.245,2,0.4,9.984,false,not_started,proposal-fdf7efa7c55ae07af424,2533.25,11.626953125,0.3,0.5921159980894037,0.723,0.97,high,0.865,0.865,Toxin,0.6280910968780518,4.2470864077186725,0.5349290647178179,3.427118053053845,0.637904167175293,0.9307070970535278,0.8106763362884521,-0.23964744806289673,0.99993366,AMP,12,true,false,3,false,not_started
fgf2,masked_substitution,autoresearch-rule-substitution-v3,GRPGGAKAATKPRPYLERT,23.83684210526316,2,0.2631578947368421,3.987,false,not_started,proposal-f0b376bb1d53b8d4dd5f,2026.31,11.32421875,0.21052631578947367,0.29203801881360847,0.475,0.416,low,0.245,0.245,Non-Toxin,1.8090952634811401,64.43105810052202,1.5521737913784097,35.65938028197644,1.4950076341629028,1.412177562713623,0.9995424747467041,2.302037000656128,0.5541922,AMP,12,true,true,0,false,not_started
fgf2,controlled_crossover,autoresearch-rule-crossover-v3,RRGSGPSTGTGTTGPGRKT,22.947368421052627,0,0.0,3.989,false,not_started,proposal-936c35cb812c86ec3b0e,1830.96,12.4130859375,0.0,0.0730685776583337,0.337,0.386,low,0.175,0.0,Non-Toxin,1.7056553363800049,50.77563184132366,1.835419915556947,68.45732352946519,2.0903677940368652,1.9103069305419922,2.1120223999023438,1.2289155721664429,0.51852477,AMP,12,true,true,0,false,not_started
gyra,de_novo,autoresearch-rule-de-novo-v2,LKLIRKKRKWIGKKWKLFKK,1.3050000000000015,2,0.4,10.985,false,not_started,proposal-51bb7dfe44cddb37a4d2,2626.38,12.2880859375,0.3,0.544298059913703,0.515,0.941,high,0.765,0.765,Toxin,0.714553952217102,5.1826747215382785,0.781388012651115,6.044884576106495,1.1212068796157837,1.069167137145996,0.6778995990753174,0.2572280764579773,0.9999396,AMP,12,true,false,3,false,not_started
gyra,masked_substitution,autoresearch-rule-substitution-v3,KEVLGRTSKAERLRGSAGLLK,10.60952380952381,2,0.3333333333333333,3.989,false,not_started,proposal-7ddbb06a817b1d535cb2,2269.65,11.39013671875,0.3333333333333333,0.06861144414351328,0.277,0.287,low,0.21,0.21,Non-Toxin,2.013331651687622,103.11732817459058,2.143068428247347,139.01716519926168,1.2434896230697632,2.0819029808044434,2.091963291168213,3.155005693435669,0.29125637,non-AMP,12,true,true,0,false,not_started
gyra,controlled_crossover,autoresearch-rule-crossover-v3,PQTNTKTGKYRGR,-26.646153846153847,1,0.07692307692307693,3.987,false,not_started,proposal-73639b3f8ee6037ace03,1506.67,11.427734375,0.0,0.24670775714231935,0.366,0.347,low,0.17,0.17,Non-Toxin,1.6905356645584106,49.03832917480619,2.231437772650579,170.387516417194,2.5140113830566406,2.882042407989502,1.9617472887039185,1.5678842067718506,0.00116384,non-AMP,12,true,true,0,false,not_started
pbp2a,de_novo,autoresearch-rule-de-novo-v2,GKKWKLFKKIFKKIGKKWKL,-31.000000000000004,2,0.4,9.984,false,not_started,proposal-09eb9d3669b8627ae30c,2533.25,11.626953125,0.3,0.5539733313138359,0.782,1.0,high,0.86,0.86,Toxin,0.4217863082885742,2.64110889748689,0.6092444626698589,4.066721789331096,0.49587178230285645,0.9451662302017212,0.8637900352478027,0.13210153579711914,0.99999416,AMP,12,true,false,3,false,not_started
pbp2a,de_novo,autoresearch-rule-de-novo-v2,FKKIGKKWKLKLIRKKRKWL,3.2299999999999986,2,0.4,10.985,false,not_started,proposal-52f5367fb104ba08f5b8,2626.38,12.2880859375,0.3,0.4494160047790503,0.604,0.931,high,0.82,0.82,Toxin,0.6871941089630127,4.866246551528442,0.8160726571966154,6.54745703453742,1.147074580192566,1.0346711874008179,0.7977280616760254,0.28476446866989136,0.999926,AMP,12,true,false,3,false,not_started
pbp2a,masked_substitution,autoresearch-rule-substitution-v3,ASSLSANWAKLKYKEKKA,-3.3999999999999986,2,0.4444444444444444,3.986,false,not_started,proposal-0e500612a03d8835dfcd,2023.34,10.599365234375,0.3333333333333333,0.21830838971453198,0.317,0.386,low,0.475,0.0,Non-Toxin,1.4242359399795532,26.560481263460648,1.113988843871627,13.001361797907952,0.5151423215866089,1.40287446975708,1.206954002380371,1.3310015201568604,0.6130431,AMP,12,true,true,0,false,not_started
pbp2a,controlled_crossover,autoresearch-rule-crossover-v3,KDKGTKEKRKPKP,3.115384615384618,0,0.0,4.987,false,not_started,proposal-70cde8396c27584fe5f7,1539.83,10.95751953125,0.0,0.2785176015983811,0.347,0.337,low,0.315,0.315,Non-Toxin,1.652060866355896,44.88082859906019,2.414119835488715,259.48952764548903,2.3137660026550293,3.0055274963378906,2.235393762588501,2.101757764816284,0.0457266,non-AMP,12,true,true,0,false,not_started
vegfa,de_novo,autoresearch-rule-de-novo-v2,FKKIGKKWKLRWLRKLLKKI,30.58500000000001,2,0.45,9.985,false,not_started,proposal-a934e07149e99bd82cd2,2611.36,12.2724609375,0.35,0.40563603285018435,0.769,0.99,high,0.84,0.84,Toxin,0.7346632480621338,5.42829258460759,0.47873893150004676,3.01119535281556,0.5461934804916382,0.9392641186714172,0.7029845714569092,-0.2735593914985657,0.99989855,AMP,12,true,false,3,false,not_started
vegfa,masked_substitution,autoresearch-rule-substitution-v3,GWNRGLKAMGFVHRARQ,25.270588235294113,2,0.4117647058823529,4.031,false,not_started,proposal-bb6c6bb6686a127891cf,1984.3,12.4130859375,0.35294117647058826,0.3018175539914913,0.624,0.911,high,0.395,0.395,Toxin,1.491526484489441,31.011765011631063,1.2730737595579409,18.753129797880003,1.142969012260437,1.2363741397857666,0.9109416007995605,1.8020586967468262,0.9401873,AMP,12,true,false,1,false,not_started
vegfa,controlled_crossover,autoresearch-rule-crossover-v3,RHRYERKGGRCRT,15.40769230769231,1,0.15384615384615385,4.875,false,not_started,proposal-216f0a9205263060a71b,1674.89,11.5751953125,0.07692307692307693,0.24900231181387827,0.446,0.386,low,0.585,0.585,Toxin,1.8816131353378296,76.14004608423038,1.7538979257804155,56.74112284773393,2.1842966079711914,2.531245231628418,0.9161748886108398,1.3838448524475098,0.9965742,AMP,12,true,false,0,false,not_started
