candidate_id,evidence_scope,hemopi2_classification_label,hemopi2_classification_score,hemopi2_hc50_um,sequence,sequence_sha256,target_key,validator_version,calibrated_hemolysis_probability,calibration_risk_threshold,calibration_threshold_exceeded,reported_hc50_below_100_um,conflict_status,unresolved_severe_conflict,verified_challenger_models,missing_verified_runtimes,candidate_hard_gate_allowed
proposal-2a1eb854b16fc672ab52,autoresearch_structure_cohort_challenger_shadow,0,0.305,206.568,RGSFKKDHAKKYGGVKVTKGG,2a1eb854b16fc672ab52d25bf27d7716515de8bf87633e6fe1aaefa3dfc3ec41,vegfa,HemoPI2-Zenodo-14676712-rf-only-v27,0.22117413373990175,0.28251089202785207,False,False,no_conflict,False,hemopi2_v27,apex;peptiverse,False
proposal-fe77b4ba54c20192a8a7,autoresearch_structure_cohort_challenger_shadow,0,0.29,204.731,RGSFKKDHYKKAGGVKVTKGG,fe77b4ba54c20192a8a7af57117af51289ae33074b9ba741b05483a8b9d607eb,vegfa,HemoPI2-Zenodo-14676712-rf-only-v27,0.20205241684529787,0.28251089202785207,False,False,no_conflict,False,hemopi2_v27,apex;peptiverse,False
proposal-947a925394f66b39e9d0,autoresearch_structure_cohort_challenger_shadow,0,0.31,193.976,WSGHIQAKKSGTGNKTGNKTKRKK,947a925394f66b39e9d0c0a31df4f0b264cb4b55a675770f8e2f7a94f1721371,vegfa,HemoPI2-Zenodo-14676712-rf-only-v27,0.2277032848517308,0.28251089202785207,False,False,no_conflict,False,hemopi2_v27,apex;peptiverse,False
proposal-605d802de98b6cb02bc0,autoresearch_structure_cohort_challenger_shadow,0,0.34,188.609,WSGKIAHKSSGTGNKTGNKTKRKK,605d802de98b6cb02bc02db7c693d72d5b8af749fbbabe337457a1ecaf70ec04,vegfa,HemoPI2-Zenodo-14676712-rf-only-v27,0.26840298404508983,0.28251089202785207,False,False,no_conflict,False,hemopi2_v27,apex;peptiverse,False
proposal-bf73badd839dab1ee1e4,autoresearch_structure_cohort_challenger_shadow,0,0.315,187.5,WSGKIAHKTSGTGNKTGNKTKRKK,bf73badd839dab1ee1e4af3c5360d9729442c75ba0bcd31300b14e9bcdade965,vegfa,HemoPI2-Zenodo-14676712-rf-only-v27,0.23430765256616987,0.28251089202785207,False,False,no_conflict,False,hemopi2_v27,apex;peptiverse,False
proposal-5020c80c2dd532e95465,autoresearch_structure_cohort_challenger_shadow,0,0.35,185.178,WSGKILHKTSGTGNKTGNKTKRKK,5020c80c2dd532e9546570334d28f28b6b04c81bc2fe5ecfb2efc08563cf3ebf,vegfa,HemoPI2-Zenodo-14676712-rf-only-v27,0.28251089202785207,0.28251089202785207,True,False,cross_model_disagreement_retained,False,hemopi2_v27,apex;peptiverse,False
proposal-1d4045ee102780188e82,autoresearch_structure_cohort_challenger_shadow,0,0.34,175.809,WSGKIQHKFSGSGNKTGNKTKRKK,1d4045ee102780188e827660368729f44269e8780200c1bedb280e380f1d5243,vegfa,HemoPI2-Zenodo-14676712-rf-only-v27,0.26840298404508983,0.28251089202785207,False,False,no_conflict,False,hemopi2_v27,apex;peptiverse,False
proposal-941090b6c425ffa6a6cf,autoresearch_structure_cohort_challenger_shadow,0,0.35,190.279,WSGKIQHKKSGSGNATGNKTKRKK,941090b6c425ffa6a6cf0968d2b27297a477a3a2f87b436376dd51e54a01796b,vegfa,HemoPI2-Zenodo-14676712-rf-only-v27,0.28251089202785207,0.28251089202785207,True,False,cross_model_disagreement_retained,False,hemopi2_v27,apex;peptiverse,False
proposal-c7b2e0f14e0204857d48,autoresearch_structure_cohort_challenger_shadow,0,0.32,184.006,WSGKIQHKKSGTGAKTKNKTKRKK,c7b2e0f14e0204857d48b319fee33aad507b9d62c60d04cf8e9d26986bef68c7,vegfa,HemoPI2-Zenodo-14676712-rf-only-v27,0.24098572030325782,0.28251089202785207,False,False,no_conflict,False,hemopi2_v27,apex;peptiverse,False
proposal-2f6aa679a20a460700c3,autoresearch_structure_cohort_challenger_shadow,0,0.335,184.762,WSGKIQHKKSGTGNITGGKTKRKK,2f6aa679a20a460700c3374195b856a3c2b16fa3a2a9738a39dd42db9ad3797c,vegfa,HemoPI2-Zenodo-14676712-rf-only-v27,0.2614462381922722,0.28251089202785207,False,False,no_conflict,False,hemopi2_v27,apex;peptiverse,False
proposal-ab8ac4ce708c4f15c3e5,autoresearch_structure_cohort_challenger_shadow,0,0.36,183.245,WSGKIQHKKSGTGNITGSKTKRKK,ab8ac4ce708c4f15c3e55ccc52d9eecc1ccd6866f53465baef10b72ace209c52,vegfa,HemoPI2-Zenodo-14676712-rf-only-v27,0.2968658176017479,0.28251089202785207,True,False,cross_model_disagreement_retained,False,hemopi2_v27,apex;peptiverse,False
proposal-d219fe7288d09d26e3dc,autoresearch_structure_cohort_challenger_shadow,0,0.385,171.555,WSGKIQHKKSGTGNKTGNKIKRSK,d219fe7288d09d26e3dca42aa39b522519001bc4a2a4e89aba03e7539fce2d4b,vegfa,HemoPI2-Zenodo-14676712-rf-only-v27,0.33373213219526227,0.28251089202785207,True,False,cross_model_disagreement_retained,False,hemopi2_v27,apex;peptiverse,False
proposal-ce2897552edf0a52f23e,autoresearch_structure_cohort_challenger_shadow,0,0.355,166.03,WSGKIQHKKSGTGNKTGNKIKRTK,ce2897552edf0a52f23e92a233ca32d30dc6893b30e80512b5ce98d7140e37b7,vegfa,HemoPI2-Zenodo-14676712-rf-only-v27,0.289658414840402,0.28251089202785207,True,False,cross_model_disagreement_retained,False,hemopi2_v27,apex;peptiverse,False
proposal-ca150894ee35666a4811,autoresearch_structure_cohort_challenger_shadow,0,0.355,171.266,WSGKIQHKKSGTGNKTGNKLKRTK,ca150894ee35666a48112f3fb54ea0530e447136aee46de213eb3afa8fc89356,vegfa,HemoPI2-Zenodo-14676712-rf-only-v27,0.289658414840402,0.28251089202785207,True,False,cross_model_disagreement_retained,False,hemopi2_v27,apex;peptiverse,False
proposal-77ea4186023ac3a325e4,autoresearch_structure_cohort_challenger_shadow,0,0.34,157.755,WSGKIQHKKSGTGNKTGNKVKRTK,77ea4186023ac3a325e4a33110fb2e14ec3eda9747609ea00d3ab9192935b3f2,vegfa,HemoPI2-Zenodo-14676712-rf-only-v27,0.26840298404508983,0.28251089202785207,False,False,no_conflict,False,hemopi2_v27,apex;peptiverse,False
proposal-98716294cf0de5e2a816,autoresearch_structure_cohort_challenger_shadow,0,0.35,180.845,WSGKISHKASGTGNKTGNKTKRKK,98716294cf0de5e2a816d79811213400185ddfe4b4e980cafa25b9c240b9155f,vegfa,HemoPI2-Zenodo-14676712-rf-only-v27,0.28251089202785207,0.28251089202785207,True,False,cross_model_disagreement_retained,False,hemopi2_v27,apex;peptiverse,False
proposal-06fb11d4a021c1a8a28a,autoresearch_structure_cohort_challenger_shadow,0,0.385,178.776,WSGKITHKISGTGNKTGNKTKRKK,06fb11d4a021c1a8a28ac898b76262e2dce9b29a2089401261a91f2673b22baa,vegfa,HemoPI2-Zenodo-14676712-rf-only-v27,0.33373213219526227,0.28251089202785207,True,False,cross_model_disagreement_retained,False,hemopi2_v27,apex;peptiverse,False
proposal-28f4d0f0a7e4f6d6886b,autoresearch_structure_cohort_challenger_shadow,0,0.29,191.687,RARKASQFKKNKTKGSKKAHVTG,28f4d0f0a7e4f6d6886b194eeb5f6192284f916435a1cd1c2b2c3a35cc8fdfb4,vegfa,HemoPI2-Zenodo-14676712-rf-only-v27,0.20205241684529787,0.28251089202785207,False,False,no_conflict,False,hemopi2_v27,apex;peptiverse,False
proposal-83d57a6359ce653aa0f4,autoresearch_structure_cohort_challenger_shadow,0,0.3,196.47,RARKGSQFKKNKTKGSKKAHVTG,83d57a6359ce653aa0f4e0df1f3ace62916ececa0caf1d74880528f5fbcefe9d,vegfa,HemoPI2-Zenodo-14676712-rf-only-v27,0.2147216673120842,0.28251089202785207,False,False,no_conflict,False,hemopi2_v27,apex;peptiverse,False
proposal-33476c0f03dbb33b3361,autoresearch_structure_cohort_challenger_shadow,0,0.265,190.211,RARKKSQFKKNKTKGSKKAHVTG,33476c0f03dbb33b336112db9decfe72043bf3bc8cba50ae81f7f96cc1210282,vegfa,HemoPI2-Zenodo-14676712-rf-only-v27,0.17181462402158107,0.28251089202785207,False,False,no_conflict,False,hemopi2_v27,apex;peptiverse,False
proposal-6966c8296342ecdff1b6,autoresearch_structure_cohort_challenger_shadow,0,0.265,230.153,RASFGKDHRKKKGGVKVTKGG,6966c8296342ecdff1b6522f4fc7fee43fbd2df3248195a6f894e9fea7db3612,vegfa,HemoPI2-Zenodo-14676712-rf-only-v27,0.17181462402158107,0.28251089202785207,False,False,no_conflict,False,hemopi2_v27,apex;peptiverse,False
proposal-d5079490f11e7885e078,autoresearch_structure_cohort_challenger_shadow,0,0.27,195.497,RGRKQRQFAKNKTKGSKKAHVTG,d5079490f11e7885e078334471394ba0e9786757fd135b6d81865f54309fc209,vegfa,HemoPI2-Zenodo-14676712-rf-only-v27,0.1776932998103495,0.28251089202785207,False,False,no_conflict,False,hemopi2_v27,apex;peptiverse,False
proposal-fb50e3b210b86b57fa69,autoresearch_structure_cohort_challenger_shadow,0,0.325,186.64,RGRKQSQFKKAKTRGSKKAHVTG,fb50e3b210b86b57fa693e33d0d641b945e4ce9e7e87b7490798c94b95f92d19,vegfa,HemoPI2-Zenodo-14676712-rf-only-v27,0.24773592332956057,0.28251089202785207,False,False,no_conflict,False,hemopi2_v27,apex;peptiverse,False
proposal-7e57cff7aeac59228178,autoresearch_structure_cohort_challenger_shadow,0,0.345,200.289,RGRKQSQFKKAKTSGSKKAHVTG,7e57cff7aeac592281787f7e3376950491feb16148564e0f0ef180f1e077b4f9,vegfa,HemoPI2-Zenodo-14676712-rf-only-v27,0.2754251344803366,0.28251089202785207,False,False,no_conflict,False,hemopi2_v27,apex;peptiverse,False
proposal-6411dfdc5264b3e0abf0,autoresearch_structure_cohort_challenger_shadow,0,0.31,201.24,RGRKQSQFKKAKTTGSKKAHVTG,6411dfdc5264b3e0abf0748779c546b6baeb959a038311e429301ea9cdc089f3,vegfa,HemoPI2-Zenodo-14676712-rf-only-v27,0.2277032848517308,0.28251089202785207,False,False,no_conflict,False,hemopi2_v27,apex;peptiverse,False
proposal-9de7f5ef3c95d13e3480,autoresearch_structure_cohort_challenger_shadow,0,0.245,187.636,RGRKQSQFKKNKAKGRKKAHVTG,9de7f5ef3c95d13e3480f84d4d095e1b2c12399ec430edb450eaf36309255887,vegfa,HemoPI2-Zenodo-14676712-rf-only-v27,0.14917667068502316,0.28251089202785207,False,False,no_conflict,False,hemopi2_v27,apex;peptiverse,False
proposal-518d4921d2b6c8eb5c46,autoresearch_structure_cohort_challenger_shadow,0,0.305,212.885,RGRKQSQFKKNKTAGSHKAHVTG,518d4921d2b6c8eb5c46d058c940b35af1fd79705aae73247d00da5d383fef59,vegfa,HemoPI2-Zenodo-14676712-rf-only-v27,0.22117413373990175,0.28251089202785207,False,False,no_conflict,False,hemopi2_v27,apex;peptiverse,False
proposal-e777e856dff501c85ee2,autoresearch_structure_cohort_challenger_shadow,0,0.325,197.82,RGRKQSQFKKNKTKGSAKAKVTG,e777e856dff501c85ee2ff273127a298552032745b180387713c6b038959855a,vegfa,HemoPI2-Zenodo-14676712-rf-only-v27,0.24773592332956057,0.28251089202785207,False,False,no_conflict,False,hemopi2_v27,apex;peptiverse,False
proposal-12216eeb0c2caf1f0d40,autoresearch_structure_cohort_challenger_shadow,0,0.27,220.963,RGRKQSQFKKNKTKGSKKAGVTA,12216eeb0c2caf1f0d4078e4566b133d884168d9659526bd84f9c26fc6e93cd4,vegfa,HemoPI2-Zenodo-14676712-rf-only-v27,0.1776932998103495,0.28251089202785207,False,False,no_conflict,False,hemopi2_v27,apex;peptiverse,False
proposal-7b4582159878537559da,autoresearch_structure_cohort_challenger_shadow,0,0.285,192.461,RGRKQSQFKKNKTKGSKKARVTV,7b4582159878537559da588086ac618ef26b3470bdffa4211824958536ecbca2,vegfa,HemoPI2-Zenodo-14676712-rf-only-v27,0.19583832451978658,0.28251089202785207,False,False,no_conflict,False,hemopi2_v27,apex;peptiverse,False
proposal-344acfa3a2011bfc6e84,autoresearch_structure_cohort_challenger_shadow,0,0.275,187.064,RGRKQSQFKKNKVKGRKKAHVTG,344acfa3a2011bfc6e84c2ffe6c4423722d38c6808a52380e1c82d55966909a5,vegfa,HemoPI2-Zenodo-14676712-rf-only-v27,0.18365756714014775,0.28251089202785207,False,False,no_conflict,False,hemopi2_v27,apex;peptiverse,False
proposal-a29313bf43b077083be4,autoresearch_structure_cohort_challenger_shadow,0,0.245,225.639,RGRKQSQFKKRKTAGSKKAHVTG,a29313bf43b077083be4491a692dcb1f6527e2379f81fc63d6c35bf7f9ea0e57,vegfa,HemoPI2-Zenodo-14676712-rf-only-v27,0.14917667068502316,0.28251089202785207,False,False,no_conflict,False,hemopi2_v27,apex;peptiverse,False
proposal-5b65e7d0f4bc08307582,autoresearch_structure_cohort_challenger_shadow,0,0.285,221.418,RGRKQSQFKKRKTLGSKKAHVTG,5b65e7d0f4bc083075823f7ac65b7d14feed5d0f27b44069bd62cbd73e24ec1b,vegfa,HemoPI2-Zenodo-14676712-rf-only-v27,0.19583832451978658,0.28251089202785207,False,False,no_conflict,False,hemopi2_v27,apex;peptiverse,False
proposal-b1a13140b69537567bd4,autoresearch_structure_cohort_challenger_shadow,0,0.3,213.805,RGRKQSQFKKSKTAGSKKAHVTG,b1a13140b69537567bd45db7c14ce2ac94055514aa19bcc2eb7681679862770e,vegfa,HemoPI2-Zenodo-14676712-rf-only-v27,0.2147216673120842,0.28251089202785207,False,False,no_conflict,False,hemopi2_v27,apex;peptiverse,False
proposal-f611616ef019a4206e80,autoresearch_structure_cohort_challenger_shadow,0,0.26,206.141,RGRKQSQFKKTKTAGSKKAHVTG,f611616ef019a4206e80e6597a4a122d73c3e5472192b7b62cafb4bdf3939808,vegfa,HemoPI2-Zenodo-14676712-rf-only-v27,0.16602261728690276,0.28251089202785207,False,False,no_conflict,False,hemopi2_v27,apex;peptiverse,False
proposal-21ea293d478b5fb1a2d0,autoresearch_structure_cohort_challenger_shadow,0,0.315,191.714,RGRKQSQFKTNKAKGSKKAHVTG,21ea293d478b5fb1a2d060129bde812e765a4c39fdf6908d123e1cd627ffb5ae,vegfa,HemoPI2-Zenodo-14676712-rf-only-v27,0.23430765256616987,0.28251089202785207,False,False,no_conflict,False,hemopi2_v27,apex;peptiverse,False
proposal-6b84d44d4d5578bfa3cd,autoresearch_structure_cohort_challenger_shadow,0,0.3,192.903,RGRRQSWFKKNKTKGSKKAHVTG,6b84d44d4d5578bfa3cd8bf2bfccbf2e15f91b897950bfb0143b65e796867da8,vegfa,HemoPI2-Zenodo-14676712-rf-only-v27,0.2147216673120842,0.28251089202785207,False,False,no_conflict,False,hemopi2_v27,apex;peptiverse,False
proposal-5c647a647503c845b5c3,autoresearch_structure_cohort_challenger_shadow,0,0.29,233.387,RGSFKADHHKKKGGVKVTKGG,5c647a647503c845b5c36a52dbb31cd78ce6f2aa2d404869fef2ba5a9a003c44,vegfa,HemoPI2-Zenodo-14676712-rf-only-v27,0.20205241684529787,0.28251089202785207,False,False,no_conflict,False,hemopi2_v27,apex;peptiverse,False
proposal-9a44ec93991139ed9867,autoresearch_structure_cohort_challenger_shadow,0,0.285,227.017,RGSFKADHKKKKGGVKVTKGG,9a44ec93991139ed9867c8c9166e6828cdf93e78476099b87a32806c0371cce1,vegfa,HemoPI2-Zenodo-14676712-rf-only-v27,0.19583832451978658,0.28251089202785207,False,False,no_conflict,False,hemopi2_v27,apex;peptiverse,False
proposal-e414855a1f5cd361bba3,autoresearch_structure_cohort_challenger_shadow,0,0.23,220.545,RGSFKADHNKKKGGVKVTKGG,e414855a1f5cd361bba3bbb6759d041b1af1c6073100e36fdaf413eba3a4a770,vegfa,HemoPI2-Zenodo-14676712-rf-only-v27,0.13314499635951765,0.28251089202785207,False,False,no_conflict,False,hemopi2_v27,apex;peptiverse,False
proposal-2617ac61d1b0bde464be,autoresearch_structure_cohort_challenger_shadow,0,0.275,207.337,RGSFKFDHKKKKGGVKVTKGG,2617ac61d1b0bde464bea64fd874c61ad4632b3ebb52e182c1c00b6fa1d2eb45,vegfa,HemoPI2-Zenodo-14676712-rf-only-v27,0.18365756714014775,0.28251089202785207,False,False,no_conflict,False,hemopi2_v27,apex;peptiverse,False
proposal-2f8a79f746974be94b9d,autoresearch_structure_cohort_challenger_shadow,0,0.285,218.964,RGSFKFDHSKKKGGVKVTKGG,2f8a79f746974be94b9db05cf337b2d50c967c5b82f3c51c4ec78bef6b550ef3,vegfa,HemoPI2-Zenodo-14676712-rf-only-v27,0.19583832451978658,0.28251089202785207,False,False,no_conflict,False,hemopi2_v27,apex;peptiverse,False
proposal-ed997ac7330844d9f0b1,autoresearch_structure_cohort_challenger_shadow,0,0.265,208.503,RGSFKFDHTKKKGGVKVTKGG,ed997ac7330844d9f0b12562a7d05d66819020c99e84c1bf7ba93f579651bb8f,vegfa,HemoPI2-Zenodo-14676712-rf-only-v27,0.17181462402158107,0.28251089202785207,False,False,no_conflict,False,hemopi2_v27,apex;peptiverse,False
proposal-a87bb79a6640fac5c636,autoresearch_structure_cohort_challenger_shadow,0,0.305,221.556,RGSFKKDARKHKGGVKVTKGG,a87bb79a6640fac5c6362cb3553b1465e4392f34c4c4ab5a8fbd4a78e76a47d1,vegfa,HemoPI2-Zenodo-14676712-rf-only-v27,0.22117413373990175,0.28251089202785207,False,False,no_conflict,False,hemopi2_v27,apex;peptiverse,False
proposal-304871cee459a95a3874,autoresearch_structure_cohort_challenger_shadow,0,0.28,209.62,RGSFKKDARKQKGGVKVTKGG,304871cee459a95a3874f07b0466c38232cb4753ada4c6b6645b2dba87befc4e,vegfa,HemoPI2-Zenodo-14676712-rf-only-v27,0.18970630018966653,0.28251089202785207,False,False,no_conflict,False,hemopi2_v27,apex;peptiverse,False
proposal-48818b88a1ae4bd64fe5,autoresearch_structure_cohort_challenger_shadow,0,0.26,234.816,RGSFKKDARKRKGGVKVTKGG,48818b88a1ae4bd64fe5cf156b51421ffc7c9192a56f1abd6c1213c00a68e2c9,vegfa,HemoPI2-Zenodo-14676712-rf-only-v27,0.16602261728690276,0.28251089202785207,False,False,no_conflict,False,hemopi2_v27,apex;peptiverse,False
proposal-3575668ecae374b453fb,autoresearch_structure_cohort_challenger_shadow,0,0.285,222.632,RGSFKKDARKSKGGVKVTKGG,3575668ecae374b453fbb158697efe6560b89c081b3ac653a8dd4557656e98e9,vegfa,HemoPI2-Zenodo-14676712-rf-only-v27,0.19583832451978658,0.28251089202785207,False,False,no_conflict,False,hemopi2_v27,apex;peptiverse,False
proposal-bf9adccd5064a043602b,autoresearch_structure_cohort_challenger_shadow,0,0.29,172.756,RGSFKKDHAKKFGGVKVTKGG,bf9adccd5064a043602b6647c2a14214ff8af09783835456ccd933415151b79e,vegfa,HemoPI2-Zenodo-14676712-rf-only-v27,0.20205241684529787,0.28251089202785207,False,False,no_conflict,False,hemopi2_v27,apex;peptiverse,False
proposal-9062975318124e166309,autoresearch_structure_cohort_challenger_shadow,0,0.26,201.607,RGSFKKDHAKKLGGVKVTKGG,9062975318124e166309bf341b88646caf4490ae0630c83905954e397a1dde49,vegfa,HemoPI2-Zenodo-14676712-rf-only-v27,0.16602261728690276,0.28251089202785207,False,False,no_conflict,False,hemopi2_v27,apex;peptiverse,False
proposal-f44a4b4947dedfa31b84,autoresearch_structure_cohort_challenger_shadow,0,0.25,226.811,RGSFKKDHAKKSGGVKVTKGG,f44a4b4947dedfa31b84211ea973895012c080525590272ac3664799235715aa,vegfa,HemoPI2-Zenodo-14676712-rf-only-v27,0.15470268191577455,0.28251089202785207,False,False,no_conflict,False,hemopi2_v27,apex;peptiverse,False
proposal-5cde229505982d9873f3,autoresearch_structure_cohort_challenger_shadow,0,0.295,170.579,RGSFKKDHAKKWGGVKVTKGG,5cde229505982d9873f33af3733f0bef987837c87eca3642e52bd41aebd9cd4f,vegfa,HemoPI2-Zenodo-14676712-rf-only-v27,0.20834730488809883,0.28251089202785207,False,False,no_conflict,False,hemopi2_v27,apex;peptiverse,False
proposal-408b03bd90b56ee2a48c,autoresearch_structure_cohort_challenger_shadow,0,0.27,195.512,RGSFKKDHFKKHGGVKVTKGG,408b03bd90b56ee2a48c92a6e7a4d13de6854203cdbf9f0d242611bd83b6856d,vegfa,HemoPI2-Zenodo-14676712-rf-only-v27,0.1776932998103495,0.28251089202785207,False,False,no_conflict,False,hemopi2_v27,apex;peptiverse,False
proposal-fb144a261ef975d1271d,autoresearch_structure_cohort_challenger_shadow,0,0.265,189.648,RGSFKKDHFKKNGGVKVTKGG,fb144a261ef975d1271ddd4cce3455cf9deef134095414d1d47b19e5c76791fa,vegfa,HemoPI2-Zenodo-14676712-rf-only-v27,0.17181462402158107,0.28251089202785207,False,False,no_conflict,False,hemopi2_v27,apex;peptiverse,False
proposal-defcc1a85add48fd2194,autoresearch_structure_cohort_challenger_shadow,0,0.295,201.95,RGSFKKDHFKKSGGVKVTKGG,defcc1a85add48fd219472dd05efc56efc7a809bd18114d157a2409496057a2f,vegfa,HemoPI2-Zenodo-14676712-rf-only-v27,0.20834730488809883,0.28251089202785207,False,False,no_conflict,False,hemopi2_v27,apex;peptiverse,False
proposal-555344dd724dbf77599e,autoresearch_structure_cohort_challenger_shadow,0,0.275,196.426,RGSFKKDHFKKTGGVKVTKGG,555344dd724dbf77599e520f61192455311717ff0658611665c94387694d7e62,vegfa,HemoPI2-Zenodo-14676712-rf-only-v27,0.18365756714014775,0.28251089202785207,False,False,no_conflict,False,hemopi2_v27,apex;peptiverse,False
proposal-c85082780b7b006e3b31,autoresearch_structure_cohort_challenger_shadow,0,0.245,231.871,RGSFKKDHHKKAGGVKVTKGG,c85082780b7b006e3b3150dbc557d2efa69115d2c1ea2096ec6bb64e894b2b41,vegfa,HemoPI2-Zenodo-14676712-rf-only-v27,0.14917667068502316,0.28251089202785207,False,False,no_conflict,False,hemopi2_v27,apex;peptiverse,False
proposal-bb7be634cd1cdc916a1d,autoresearch_structure_cohort_challenger_shadow,0,0.235,192.144,RGSFKKDHHKKFGGVKVTKGG,bb7be634cd1cdc916a1d4febb8c73601036dd1c7538b7d7b6f529ec5bcff4782,vegfa,HemoPI2-Zenodo-14676712-rf-only-v27,0.1383970068298137,0.28251089202785207,False,False,no_conflict,False,hemopi2_v27,apex;peptiverse,False
proposal-e80575547c15b907e323,autoresearch_structure_cohort_challenger_shadow,0,0.245,208.927,RGSFKKDHHKKWGGVKVTKGG,e80575547c15b907e3236fbd7266206064cc9e9a41cf3f25cf3ddb197eaa8258,vegfa,HemoPI2-Zenodo-14676712-rf-only-v27,0.14917667068502316,0.28251089202785207,False,False,no_conflict,False,hemopi2_v27,apex;peptiverse,False
proposal-fb84da449b2625785b5c,autoresearch_structure_cohort_challenger_shadow,0,0.255,227.174,RGSFKKDHKKKAGGVKVTKGG,fb84da449b2625785b5c0a1a17502bc45b42a067c5c4d64b3b50a078c445f6a0,vegfa,HemoPI2-Zenodo-14676712-rf-only-v27,0.16031830920178972,0.28251089202785207,False,False,no_conflict,False,hemopi2_v27,apex;peptiverse,False
proposal-28abf3a336f18fda8c76,autoresearch_structure_cohort_challenger_shadow,0,0.255,185.447,RGSFKKDHKKKFGGVKVTKGG,28abf3a336f18fda8c764f2bd46d58c058c4638a5346fcad2df6bff756258b5a,vegfa,HemoPI2-Zenodo-14676712-rf-only-v27,0.16031830920178972,0.28251089202785207,False,False,no_conflict,False,hemopi2_v27,apex;peptiverse,False
proposal-b9a72f0103626697f6cc,autoresearch_structure_cohort_challenger_shadow,0,0.25,222.185,RGSFKKDHKKKVGGVKVTKGG,b9a72f0103626697f6cc50127d2b9475feb25b2032a927e1d52a7c88d27460c1,vegfa,HemoPI2-Zenodo-14676712-rf-only-v27,0.15470268191577455,0.28251089202785207,False,False,no_conflict,False,hemopi2_v27,apex;peptiverse,False
proposal-5066113b27b7c138e0b8,autoresearch_structure_cohort_challenger_shadow,0,0.25,201.852,RGSFKKDHKKKWGGVKVTKGG,5066113b27b7c138e0b805d4469c4ff012e950bb4342f2b1aebfe1724d765160,vegfa,HemoPI2-Zenodo-14676712-rf-only-v27,0.15470268191577455,0.28251089202785207,False,False,no_conflict,False,hemopi2_v27,apex;peptiverse,False
proposal-14605daee55212fee8f8,autoresearch_structure_cohort_challenger_shadow,0,0.265,198.573,RGSFKKDHKKKYGGVKVTKGG,14605daee55212fee8f86eafa76baa002dd14dab24cf377988f5d57fb90ca5ee,vegfa,HemoPI2-Zenodo-14676712-rf-only-v27,0.17181462402158107,0.28251089202785207,False,False,no_conflict,False,hemopi2_v27,apex;peptiverse,False
proposal-85afd33d33d386c4483f,autoresearch_structure_cohort_challenger_shadow,0,0.27,203.205,RGSFKKDHLKKAGGVKVTKGG,85afd33d33d386c4483f388f98ba48479d6991e46db406cc2136f6902f8ca851,vegfa,HemoPI2-Zenodo-14676712-rf-only-v27,0.1776932998103495,0.28251089202785207,False,False,no_conflict,False,hemopi2_v27,apex;peptiverse,False
proposal-0172d1ef64b283365cf3,autoresearch_structure_cohort_challenger_shadow,0,0.275,223.371,RGSFKKDHLKKHGGVKVTKGG,0172d1ef64b283365cf37faa6a954681e3cc78871aaf481cd2f41749c127a1b2,vegfa,HemoPI2-Zenodo-14676712-rf-only-v27,0.18365756714014775,0.28251089202785207,False,False,no_conflict,False,hemopi2_v27,apex;peptiverse,False
proposal-54eb8073654504604f7a,autoresearch_structure_cohort_challenger_shadow,0,0.27,211.027,RGSFKKDHLKKNGGVKVTKGG,54eb8073654504604f7a57b7076c678f1122628347d03e5b80650d681cf17e4e,vegfa,HemoPI2-Zenodo-14676712-rf-only-v27,0.1776932998103495,0.28251089202785207,False,False,no_conflict,False,hemopi2_v27,apex;peptiverse,False
proposal-f29a2c1c176aa58f0eb1,autoresearch_structure_cohort_challenger_shadow,0,0.285,229.529,RGSFKKDHLKKSGGVKVTKGG,f29a2c1c176aa58f0eb17f3de639e572bfd7e4f6c6949bf98fc2f457617b3b73,vegfa,HemoPI2-Zenodo-14676712-rf-only-v27,0.19583832451978658,0.28251089202785207,False,False,no_conflict,False,hemopi2_v27,apex;peptiverse,False
proposal-a41d5dec0d8eee2bf6b8,autoresearch_structure_cohort_challenger_shadow,0,0.255,222.758,RGSFKKDHLKKTGGVKVTKGG,a41d5dec0d8eee2bf6b85cb4b997c08cc5efcc3380c30fab79e5be1eb4b16fa0,vegfa,HemoPI2-Zenodo-14676712-rf-only-v27,0.16031830920178972,0.28251089202785207,False,False,no_conflict,False,hemopi2_v27,apex;peptiverse,False
proposal-da93ecb2536f8101339a,autoresearch_structure_cohort_challenger_shadow,0,0.25,219.869,RGSFKKDHQKKAGGVKVTKGG,da93ecb2536f8101339a204a85f9e17a66186c0bd8aa212c156649f5ad886b18,vegfa,HemoPI2-Zenodo-14676712-rf-only-v27,0.15470268191577455,0.28251089202785207,False,False,no_conflict,False,hemopi2_v27,apex;peptiverse,False
proposal-b1e8bca7c784dda54166,autoresearch_structure_cohort_challenger_shadow,0,0.27,186.907,RGSFKKDHQKKFGGVKVTKGG,b1e8bca7c784dda54166e91b204e6e5aac9e0233409740c97d94f4f022e5e523,vegfa,HemoPI2-Zenodo-14676712-rf-only-v27,0.1776932998103495,0.28251089202785207,False,False,no_conflict,False,hemopi2_v27,apex;peptiverse,False
proposal-0a1ffa00c90567fae1ef,autoresearch_structure_cohort_challenger_shadow,0,0.255,211.77,RGSFKKDHQKKIGGVKVTKGG,0a1ffa00c90567fae1ef00da4c9d38ba7550394ccbbffbcd445fb7885a0e883b,vegfa,HemoPI2-Zenodo-14676712-rf-only-v27,0.16031830920178972,0.28251089202785207,False,False,no_conflict,False,hemopi2_v27,apex;peptiverse,False
proposal-23c2526c38ffa6e799f4,autoresearch_structure_cohort_challenger_shadow,0,0.26,222.495,RGSFKKDHQKKLGGVKVTKGG,23c2526c38ffa6e799f4b69b8ce9fed205cc981ac6853aa86c87e2404815c1d2,vegfa,HemoPI2-Zenodo-14676712-rf-only-v27,0.16602261728690276,0.28251089202785207,False,False,no_conflict,False,hemopi2_v27,apex;peptiverse,False
proposal-4c2b5b845ba385e8ff19,autoresearch_structure_cohort_challenger_shadow,0,0.28,195.763,RGSFKKDHQKKWGGVKVTKGG,4c2b5b845ba385e8ff19535f0fdf6c698cec777ab4d9cccfc009eb957e5c6081,vegfa,HemoPI2-Zenodo-14676712-rf-only-v27,0.18970630018966653,0.28251089202785207,False,False,no_conflict,False,hemopi2_v27,apex;peptiverse,False
proposal-71618ce64f7caec7fbba,autoresearch_structure_cohort_challenger_shadow,0,0.275,233.221,RGSFKKDHRKAKGTVKVTKGG,71618ce64f7caec7fbba21b0841a856b905bf372f09149ccad82de72a720e249,vegfa,HemoPI2-Zenodo-14676712-rf-only-v27,0.18365756714014775,0.28251089202785207,False,False,no_conflict,False,hemopi2_v27,apex;peptiverse,False
proposal-211af15b1e9d49f37daf,autoresearch_structure_cohort_challenger_shadow,0,0.245,210.667,RGSFKKDHRTKKAGVKVTKGG,211af15b1e9d49f37daf5be9fc67db2622785ee785cd874e021448c0d43ad0d7,vegfa,HemoPI2-Zenodo-14676712-rf-only-v27,0.14917667068502316,0.28251089202785207,False,False,no_conflict,False,hemopi2_v27,apex;peptiverse,False
proposal-a8b311fa91d761704b63,autoresearch_structure_cohort_challenger_shadow,0,0.22,230.769,RGSFKKDHSKKAGGVKVTKGG,a8b311fa91d761704b635f425367b6dff9d1ef9da274e4fd30b54d3506d2eb08,vegfa,HemoPI2-Zenodo-14676712-rf-only-v27,0.12292039345964449,0.28251089202785207,False,False,no_conflict,False,hemopi2_v27,apex;peptiverse,False
proposal-65ad115867be208472ea,autoresearch_structure_cohort_challenger_shadow,0,0.28,200.871,RGSFKKDHSKKFGGVKVTKGG,65ad115867be208472ea206794ea1586aab0584949fd64432765d7b8bd9868a6,vegfa,HemoPI2-Zenodo-14676712-rf-only-v27,0.18970630018966653,0.28251089202785207,False,False,no_conflict,False,hemopi2_v27,apex;peptiverse,False
proposal-7d3ebff062153c62d54f,autoresearch_structure_cohort_challenger_shadow,0,0.22,239.643,RGSFKKDHSKKLGGVKVTKGG,7d3ebff062153c62d54faaa8d3bfc5231acb1349b0ab291b0d4a8064144f222b,vegfa,HemoPI2-Zenodo-14676712-rf-only-v27,0.12292039345964449,0.28251089202785207,False,False,no_conflict,False,hemopi2_v27,apex;peptiverse,False
proposal-e92708052c971eb3f9f5,autoresearch_structure_cohort_challenger_shadow,0,0.225,231.512,RGSFKKDHSKKVGGVKVTKGG,e92708052c971eb3f9f58a8aa5a789a2cc1e1eb42472ebfeec9dc364a4974d7b,vegfa,HemoPI2-Zenodo-14676712-rf-only-v27,0.12798588792787716,0.28251089202785207,False,False,no_conflict,False,hemopi2_v27,apex;peptiverse,False
proposal-2229653c1a71eecbd474,autoresearch_structure_cohort_challenger_shadow,0,0.3,209.896,RGSFKKDHSKKYGGVKVTKGG,2229653c1a71eecbd47440cdd9b996f9ef9c4b735214a41506b9954657987150,vegfa,HemoPI2-Zenodo-14676712-rf-only-v27,0.2147216673120842,0.28251089202785207,False,False,no_conflict,False,hemopi2_v27,apex;peptiverse,False
proposal-53c39c917aa0bf0771db,autoresearch_structure_cohort_challenger_shadow,0,0.265,186.701,RGSFKKDHTKKFGGVKVTKGG,53c39c917aa0bf0771dbcc2affb6bb5ca87bf9a750bf1a4b859cfd077928a378,vegfa,HemoPI2-Zenodo-14676712-rf-only-v27,0.17181462402158107,0.28251089202785207,False,False,no_conflict,False,hemopi2_v27,apex;peptiverse,False
proposal-c89e8c65ffd95ad74e45,autoresearch_structure_cohort_challenger_shadow,0,0.215,221.125,RGSFKKDHTKKLGGVKVTKGG,c89e8c65ffd95ad74e45fc40383e43ac61d27d20c4695d3fd83dcba18b3acfc5,vegfa,HemoPI2-Zenodo-14676712-rf-only-v27,0.11794918301772803,0.28251089202785207,False,False,no_conflict,False,hemopi2_v27,apex;peptiverse,False
proposal-c5d29bee91822d0d5b62,autoresearch_structure_cohort_challenger_shadow,0,0.275,194.975,RGSFKKDHTKKWGGVKVTKGG,c5d29bee91822d0d5b62fdc97ee9fa0aa97188e3e8002a4e2aaeb186c91e67a2,vegfa,HemoPI2-Zenodo-14676712-rf-only-v27,0.18365756714014775,0.28251089202785207,False,False,no_conflict,False,hemopi2_v27,apex;peptiverse,False
proposal-038d4c93a47080f68e02,autoresearch_structure_cohort_challenger_shadow,0,0.285,168.854,RGSFKKDHWKKAGGVKVTKGG,038d4c93a47080f68e02a1270f2947295399c659703b7d5ecd90614e4716f00c,vegfa,HemoPI2-Zenodo-14676712-rf-only-v27,0.19583832451978658,0.28251089202785207,False,False,no_conflict,False,hemopi2_v27,apex;peptiverse,False
proposal-2797c12f43c921a253bb,autoresearch_structure_cohort_challenger_shadow,0,0.285,196.495,RGSFKKDHWKKHGGVKVTKGG,2797c12f43c921a253bb3c7baa574af5f92b903d624157c15fe91fd4b81b7a26,vegfa,HemoPI2-Zenodo-14676712-rf-only-v27,0.19583832451978658,0.28251089202785207,False,False,no_conflict,False,hemopi2_v27,apex;peptiverse,False
proposal-68678f64785dba49dbe0,autoresearch_structure_cohort_challenger_shadow,0,0.29,189.775,RGSFKKDHWKKNGGVKVTKGG,68678f64785dba49dbe0338c166c36c0d9f594981385d50efd9c7b332cbda21f,vegfa,HemoPI2-Zenodo-14676712-rf-only-v27,0.20205241684529787,0.28251089202785207,False,False,no_conflict,False,hemopi2_v27,apex;peptiverse,False
proposal-713668a25e772c45e014,autoresearch_structure_cohort_challenger_shadow,0,0.325,198.708,RGSFKKDHWKKSGGVKVTKGG,713668a25e772c45e01445afcf7d5fafee2df2822914c8f3d859c4828c659c40,vegfa,HemoPI2-Zenodo-14676712-rf-only-v27,0.24773592332956057,0.28251089202785207,False,False,no_conflict,False,hemopi2_v27,apex;peptiverse,False
proposal-f42281cb30a3ba3e4d4a,autoresearch_structure_cohort_challenger_shadow,0,0.295,191.74,RGSFKKDHWKKTGGVKVTKGG,f42281cb30a3ba3e4d4a53b90834cc90eeb91b546cd109b1721dc2687b301eeb,vegfa,HemoPI2-Zenodo-14676712-rf-only-v27,0.20834730488809883,0.28251089202785207,False,False,no_conflict,False,hemopi2_v27,apex;peptiverse,False
proposal-7e12eb98f9bc450124e4,autoresearch_structure_cohort_challenger_shadow,0,0.28,206.617,RGSFKKDHYKKGGGVKVTKGG,7e12eb98f9bc450124e49997af7315f86728285b76ef0a1e33c0118f7529c47d,vegfa,HemoPI2-Zenodo-14676712-rf-only-v27,0.18970630018966653,0.28251089202785207,False,False,no_conflict,False,hemopi2_v27,apex;peptiverse,False
proposal-012d1a7d57a0932bf1a6,autoresearch_structure_cohort_challenger_shadow,0,0.275,202.761,RGSFKKDHYKKTGGVKVTKGG,012d1a7d57a0932bf1a60d53005cc9e461ae64893bef13f99bb173641f474867,vegfa,HemoPI2-Zenodo-14676712-rf-only-v27,0.18365756714014775,0.28251089202785207,False,False,no_conflict,False,hemopi2_v27,apex;peptiverse,False
proposal-db859c5fa1e4093b7eb3,autoresearch_structure_cohort_challenger_shadow,0,0.285,185.934,RGSFKKDWRKNKGGVKVTKGG,db859c5fa1e4093b7eb30bdec26b8534ac73599be3c928c8c9e3511cd5ea7aa1,vegfa,HemoPI2-Zenodo-14676712-rf-only-v27,0.19583832451978658,0.28251089202785207,False,False,no_conflict,False,hemopi2_v27,apex;peptiverse,False
proposal-c50eef53415ad1f53333,autoresearch_structure_cohort_challenger_shadow,0,0.33,213.849,RGSFKSDHWKKKGGVKVTKGG,c50eef53415ad1f533334ebad06bebd1c6c4ead428b617c934a67250e1db2d37,vegfa,HemoPI2-Zenodo-14676712-rf-only-v27,0.2545566491851605,0.28251089202785207,False,False,no_conflict,False,hemopi2_v27,apex;peptiverse,False
proposal-86c8af77a67bde3ca2e3,autoresearch_structure_cohort_challenger_shadow,0,0.31,221.197,RGSFKSDHYKKKGGVKVTKGG,86c8af77a67bde3ca2e3d6af630440dab67e9f7f2e46b0ac1f8ed0a9cbd860c6,vegfa,HemoPI2-Zenodo-14676712-rf-only-v27,0.2277032848517308,0.28251089202785207,False,False,no_conflict,False,hemopi2_v27,apex;peptiverse,False
proposal-a30efefcf93dd040e170,autoresearch_structure_cohort_challenger_shadow,0,0.24,231.208,RGSFKTDHIKKKGGVKVTKGG,a30efefcf93dd040e17060beeca0bac4dccd420a49ceff460bc8b7746cf1d042,vegfa,HemoPI2-Zenodo-14676712-rf-only-v27,0.1437411645059108,0.28251089202785207,False,False,no_conflict,False,hemopi2_v27,apex;peptiverse,False
proposal-37405a60a74b28131a67,autoresearch_structure_cohort_challenger_shadow,0,0.29,203.476,RGSFKTDHWKKKGGVKVTKGG,37405a60a74b28131a67e53f2e50d97def3b02185cec17fe28347cebe1fffb18,vegfa,HemoPI2-Zenodo-14676712-rf-only-v27,0.20205241684529787,0.28251089202785207,False,False,no_conflict,False,hemopi2_v27,apex;peptiverse,False
proposal-b86349b6744dda0675b8,autoresearch_structure_cohort_challenger_shadow,0,0.27,217.888,RGSFKTDHYKKKGGVKVTKGG,b86349b6744dda0675b846dde60cd45729cecf8d8ec089753befaf9f18e21319,vegfa,HemoPI2-Zenodo-14676712-rf-only-v27,0.1776932998103495,0.28251089202785207,False,False,no_conflict,False,hemopi2_v27,apex;peptiverse,False
proposal-c0f4cae093dbf9a7b408,autoresearch_structure_cohort_challenger_shadow,0,0.28,220.482,RGSFKVDHHKKKGGVKVTKGG,c0f4cae093dbf9a7b408d6ba08b36a1a244dfc8dcb4dc55fc5e82f7eb283bd80,vegfa,HemoPI2-Zenodo-14676712-rf-only-v27,0.18970630018966653,0.28251089202785207,False,False,no_conflict,False,hemopi2_v27,apex;peptiverse,False
proposal-49007926313bf1cb30b7,autoresearch_structure_cohort_challenger_shadow,0,0.285,214.334,RGSFKVDHKKKKGGVKVTKGG,49007926313bf1cb30b761cfce5b92a36342847506112121d9b35f940e408e76,vegfa,HemoPI2-Zenodo-14676712-rf-only-v27,0.19583832451978658,0.28251089202785207,False,False,no_conflict,False,hemopi2_v27,apex;peptiverse,False
proposal-c128d745d2807617a7bb,autoresearch_structure_cohort_challenger_shadow,0,0.255,209.618,RGSFKVDHNKKKGGVKVTKGG,c128d745d2807617a7bb88f5525bcc6f884da9816baac2cd45f653755323087b,vegfa,HemoPI2-Zenodo-14676712-rf-only-v27,0.16031830920178972,0.28251089202785207,False,False,no_conflict,False,hemopi2_v27,apex;peptiverse,False
proposal-4c156ada2b556d7785b6,autoresearch_structure_cohort_challenger_shadow,0,0.275,222.152,RGSFKVDHQKKKGGVKVTKGG,4c156ada2b556d7785b690ae1edf49642b15166245ef8117e733887fcb174ba5,vegfa,HemoPI2-Zenodo-14676712-rf-only-v27,0.18365756714014775,0.28251089202785207,False,False,no_conflict,False,hemopi2_v27,apex;peptiverse,False
proposal-a17965ab3807f53fb4d5,autoresearch_structure_cohort_challenger_shadow,0,0.24,228.933,RGSFKVDHSKKKGGVKVTKGG,a17965ab3807f53fb4d501068221add9df1509aab103d43b804eb87b5d66d884,vegfa,HemoPI2-Zenodo-14676712-rf-only-v27,0.1437411645059108,0.28251089202785207,False,False,no_conflict,False,hemopi2_v27,apex;peptiverse,False
proposal-d162a36e9d8e688b242f,autoresearch_structure_cohort_challenger_shadow,0,0.22,217.331,RGSFKVDHTKKKGGVKVTKGG,d162a36e9d8e688b242fb9353520ec2cc6f411ec8b349f9fc9f7ea882bedc2d9,vegfa,HemoPI2-Zenodo-14676712-rf-only-v27,0.12292039345964449,0.28251089202785207,False,False,no_conflict,False,hemopi2_v27,apex;peptiverse,False
proposal-5f996bad32c5628baed7,autoresearch_structure_cohort_challenger_shadow,0,0.285,199.554,RGSFKWDHKKKKGGVKVTKGG,5f996bad32c5628baed7a258b601eb4a00eaa674bd8a3caac040ff1aa7b075b0,vegfa,HemoPI2-Zenodo-14676712-rf-only-v27,0.19583832451978658,0.28251089202785207,False,False,no_conflict,False,hemopi2_v27,apex;peptiverse,False
proposal-2fe4e89f1a47e68ea206,autoresearch_structure_cohort_challenger_shadow,0,0.3,191.432,RGSFKWDHNKKKGGVKVTKGG,2fe4e89f1a47e68ea206d8b55432883824acb9d038b19125035deeba8938e0a7,vegfa,HemoPI2-Zenodo-14676712-rf-only-v27,0.2147216673120842,0.28251089202785207,False,False,no_conflict,False,hemopi2_v27,apex;peptiverse,False
proposal-de5f85f2916ee4549cfd,autoresearch_structure_cohort_challenger_shadow,0,0.305,208.841,RGSFKWDHSKKKGGVKVTKGG,de5f85f2916ee4549cfd93c6cb9621f78a0a90693ce153f03d0f913dc575e72a,vegfa,HemoPI2-Zenodo-14676712-rf-only-v27,0.22117413373990175,0.28251089202785207,False,False,no_conflict,False,hemopi2_v27,apex;peptiverse,False
proposal-13409f5b0a1180aa7c60,autoresearch_structure_cohort_challenger_shadow,0,0.295,216.054,RGSFKYDHSKKKGGVKVTKGG,13409f5b0a1180aa7c60ad5814fc391e8029eaaf7ef4515affc58ede3a271474,vegfa,HemoPI2-Zenodo-14676712-rf-only-v27,0.20834730488809883,0.28251089202785207,False,False,no_conflict,False,hemopi2_v27,apex;peptiverse,False
proposal-e2db9bf58f3cc20c5094,autoresearch_structure_cohort_challenger_shadow,0,0.27,211.639,RGSFKYDHTKKKGGVKVTKGG,e2db9bf58f3cc20c5094be5e1726ddf9abe969f4ac150d5cea3a292033e44e9b,vegfa,HemoPI2-Zenodo-14676712-rf-only-v27,0.1776932998103495,0.28251089202785207,False,False,no_conflict,False,hemopi2_v27,apex;peptiverse,False
proposal-dd6feb2080f80c659ef4,autoresearch_structure_cohort_challenger_shadow,0,0.32,202.607,RGSKQAQFKKNKTKGSKKAHVTG,dd6feb2080f80c659ef4caeb2f3e225b18b26260625f3c3c91178d2753afc63a,vegfa,HemoPI2-Zenodo-14676712-rf-only-v27,0.24098572030325782,0.28251089202785207,False,False,no_conflict,False,hemopi2_v27,apex;peptiverse,False
proposal-b815cf248195b48a0b41,autoresearch_structure_cohort_challenger_shadow,0,0.28,234.203,RGTFKADHRKKKGGVKVTKGG,b815cf248195b48a0b4181e1f9a858ac5e1584392093cf3709382da9531ef055,vegfa,HemoPI2-Zenodo-14676712-rf-only-v27,0.18970630018966653,0.28251089202785207,False,False,no_conflict,False,hemopi2_v27,apex;peptiverse,False
proposal-7a24804898d0fa9b8d2c,autoresearch_structure_cohort_challenger_shadow,0,0.265,226.662,RGTFKVDHRKKKGGVKVTKGG,7a24804898d0fa9b8d2c78de3a5ab05596918a74532ed443351b613f03239d91,vegfa,HemoPI2-Zenodo-14676712-rf-only-v27,0.17181462402158107,0.28251089202785207,False,False,no_conflict,False,hemopi2_v27,apex;peptiverse,False
proposal-88cd28ddf1ae1b78e0d2,autoresearch_structure_cohort_challenger_shadow,0,0.255,188.84,RHRKWSQFKKNKTKGSKKAHVTG,88cd28ddf1ae1b78e0d297847ca4a22e9dfdf5b33d5decc7f0661dee44075da4,vegfa,HemoPI2-Zenodo-14676712-rf-only-v27,0.16031830920178972,0.28251089202785207,False,False,no_conflict,False,hemopi2_v27,apex;peptiverse,False
proposal-536f17303a2c9494ae04,autoresearch_structure_cohort_challenger_shadow,0,0.25,190.769,RKRKFSQFKKNKTKGSKKAHVTG,536f17303a2c9494ae048d80ebc2ef65a3b20739c7445302c2c30cdefcf9c56e,vegfa,HemoPI2-Zenodo-14676712-rf-only-v27,0.15470268191577455,0.28251089202785207,False,False,no_conflict,False,hemopi2_v27,apex;peptiverse,False
proposal-171352465004e31e79ef,autoresearch_structure_cohort_challenger_shadow,0,0.24,190.532,RKRKWSQFKKNKTKGSKKAHVTG,171352465004e31e79ef3510c0006e0471da761419a31939cfdd90436e666217,vegfa,HemoPI2-Zenodo-14676712-rf-only-v27,0.1437411645059108,0.28251089202785207,False,False,no_conflict,False,hemopi2_v27,apex;peptiverse,False
proposal-ab98990c92b8cb7f8639,autoresearch_structure_cohort_challenger_shadow,0,0.26,217.287,RRRKLSQFKKNKTKGSKKAHVTG,ab98990c92b8cb7f86394417641d7893634bc71298fe33ed8ac3d58074e40403,vegfa,HemoPI2-Zenodo-14676712-rf-only-v27,0.16602261728690276,0.28251089202785207,False,False,no_conflict,False,hemopi2_v27,apex;peptiverse,False
proposal-f09e8a64ea68e8168e5e,autoresearch_structure_cohort_challenger_shadow,0,0.305,175.848,RSRKWSQFKKNKTKGSKKAHVTG,f09e8a64ea68e8168e5e40aa77ca4565598e080c4142619c0ca3706d9d4955f7,vegfa,HemoPI2-Zenodo-14676712-rf-only-v27,0.22117413373990175,0.28251089202785207,False,False,no_conflict,False,hemopi2_v27,apex;peptiverse,False
proposal-fae2d9ce1ffe5866784c,autoresearch_structure_cohort_challenger_shadow,0,0.3,183.949,RVRKKSQFKKNKTKGSKKAHVTG,fae2d9ce1ffe5866784c23667f100d805b436318f11816b0d49a18682dd5918e,vegfa,HemoPI2-Zenodo-14676712-rf-only-v27,0.2147216673120842,0.28251089202785207,False,False,no_conflict,False,hemopi2_v27,apex;peptiverse,False
proposal-3f4327caefbfcb9fec9c,autoresearch_structure_cohort_challenger_shadow,0,0.33,182.883,WSAKIHHKKSGTGNKTGNKTKRKK,3f4327caefbfcb9fec9c742ead5ceddd0d2419aa007cb6a1d865440f5db6550f,vegfa,HemoPI2-Zenodo-14676712-rf-only-v27,0.2545566491851605,0.28251089202785207,False,False,no_conflict,False,hemopi2_v27,apex;peptiverse,False
proposal-0bcb0d13d90430efbfa8,autoresearch_structure_cohort_challenger_shadow,0,0.31,184.254,WSGHIQLKKSGTGNKTGNKTKRKK,0bcb0d13d90430efbfa89756f063e56ed153d46505f93329cefbd3b2f804a370,vegfa,HemoPI2-Zenodo-14676712-rf-only-v27,0.2277032848517308,0.28251089202785207,False,False,no_conflict,False,hemopi2_v27,apex;peptiverse,False
proposal-d15e5a3f9f5215929170,autoresearch_structure_cohort_challenger_shadow,0,0.33,180.896,WSGKIHHKASGTGNKTGNKTKRKK,d15e5a3f9f5215929170a65f25834f294d212769765ebb9d3973c0fb61804ed8,vegfa,HemoPI2-Zenodo-14676712-rf-only-v27,0.2545566491851605,0.28251089202785207,False,False,no_conflict,False,hemopi2_v27,apex;peptiverse,False
proposal-9ef5320103b37df09b37,autoresearch_structure_cohort_challenger_shadow,0,0.31,193.053,WSGKIQHKASGGGNKTGNKTKRKK,9ef5320103b37df09b37d273b9df055d08efe8018c22fba0670407101b8d869a,vegfa,HemoPI2-Zenodo-14676712-rf-only-v27,0.2277032848517308,0.28251089202785207,False,False,no_conflict,False,hemopi2_v27,apex;peptiverse,False
proposal-667abddf2bb57477fbc2,autoresearch_structure_cohort_challenger_shadow,0,0.33,181.626,WSGKIQHKASGSGNKTGNKTKRKK,667abddf2bb57477fbc2227cf6e7199446dfc8874822c35fce7da097489aaa5e,vegfa,HemoPI2-Zenodo-14676712-rf-only-v27,0.2545566491851605,0.28251089202785207,False,False,no_conflict,False,hemopi2_v27,apex;peptiverse,False
proposal-6de894bc599776a6e4a4,autoresearch_structure_cohort_challenger_shadow,0,0.29,191.593,WSGKIQHKGSGVGNKTGNKTKRKK,6de894bc599776a6e4a4d3447f1a6ff9d760ebb1de2e62bd9b0b37100768e7df,vegfa,HemoPI2-Zenodo-14676712-rf-only-v27,0.20205241684529787,0.28251089202785207,False,False,no_conflict,False,hemopi2_v27,apex;peptiverse,False
proposal-0c7b4bbacba8797f902f,autoresearch_structure_cohort_challenger_shadow,0,0.34,181.468,WSGKIQHKKSGTGHKTANKTKRKK,0c7b4bbacba8797f902f2919d85d0e6af6105545b0daa3642fde83262b3a122d,vegfa,HemoPI2-Zenodo-14676712-rf-only-v27,0.26840298404508983,0.28251089202785207,False,False,no_conflict,False,hemopi2_v27,apex;peptiverse,False
proposal-fe7996377fc255b8614b,autoresearch_structure_cohort_challenger_shadow,0,0.315,162.171,WSGKIQHKKSGTGNKTGNITKQKK,fe7996377fc255b8614b9e3a345d0dd61ee2d336dd9557ff14252d59b7cb7172,vegfa,HemoPI2-Zenodo-14676712-rf-only-v27,0.23430765256616987,0.28251089202785207,False,False,no_conflict,False,hemopi2_v27,apex;peptiverse,False
proposal-d38940c67b3de416da84,autoresearch_structure_cohort_challenger_shadow,0,0.38,160.23,WSGKIQHKKSGTGNKTGNKTFRKR,d38940c67b3de416da84592d7cf118f61f5e70e4cfc5685e6a956dfcec377601,vegfa,HemoPI2-Zenodo-14676712-rf-only-v27,0.3262550576786608,0.28251089202785207,True,False,cross_model_disagreement_retained,False,hemopi2_v27,apex;peptiverse,False
proposal-3f897aa99d9c053ae5a8,autoresearch_structure_cohort_challenger_shadow,0,0.39,150.862,WSGKIQHKKSGTGNKTGNKTLRKS,3f897aa99d9c053ae5a86963ce145a376e072ca6414f238f2a2d8d1e22ee964d,vegfa,HemoPI2-Zenodo-14676712-rf-only-v27,0.34125692230925275,0.28251089202785207,True,False,cross_model_disagreement_retained,False,hemopi2_v27,apex;peptiverse,False
proposal-742967ab712611164d15,autoresearch_structure_cohort_challenger_shadow,0,0.315,187.441,WSGKIQHKSSGAGNKTGNKTKRKK,742967ab712611164d15e23c38f06300e57343b16bdfa3b5be9a6d2e0c58881e,vegfa,HemoPI2-Zenodo-14676712-rf-only-v27,0.23430765256616987,0.28251089202785207,False,False,no_conflict,False,hemopi2_v27,apex;peptiverse,False
proposal-ea27a90b4a7fc31b7b42,autoresearch_structure_cohort_challenger_shadow,0,0.28,183.515,WSGKIQHKTSGAGNKTGNKTKRKK,ea27a90b4a7fc31b7b42478dd3e3e4093fa388a9b6f81fb9df947d93414b9436,vegfa,HemoPI2-Zenodo-14676712-rf-only-v27,0.18970630018966653,0.28251089202785207,False,False,no_conflict,False,hemopi2_v27,apex;peptiverse,False
proposal-f11b502ec0fa89c3ff21,autoresearch_structure_cohort_challenger_shadow,0,0.32,177.683,WSGKIQHKTSGFGNKTGNKTKRKK,f11b502ec0fa89c3ff2170735bed5e49cf276ece871a9eb88da2905b706147e2,vegfa,HemoPI2-Zenodo-14676712-rf-only-v27,0.24098572030325782,0.28251089202785207,False,False,no_conflict,False,hemopi2_v27,apex;peptiverse,False
proposal-bda9f9fcf5b430931175,autoresearch_structure_cohort_challenger_shadow,0,0.275,173.518,WSGKIQHKTSGLGNKTGNKTKRKK,bda9f9fcf5b430931175f67c363fe636f4430355b8f6bf9f7e470593f824642f,vegfa,HemoPI2-Zenodo-14676712-rf-only-v27,0.18365756714014775,0.28251089202785207,False,False,no_conflict,False,hemopi2_v27,apex;peptiverse,False
proposal-448d660e5082f894f0cd,autoresearch_structure_cohort_challenger_shadow,0,0.34,162.628,WSGKIQHKWSGSGNKTGNKTKRKK,448d660e5082f894f0cd052e8482d0af5975bbf5aa1909497a9336bc03f2b53a,vegfa,HemoPI2-Zenodo-14676712-rf-only-v27,0.26840298404508983,0.28251089202785207,False,False,no_conflict,False,hemopi2_v27,apex;peptiverse,False
proposal-4ac447e22fbcbef55091,autoresearch_structure_cohort_challenger_shadow,0,0.405,182.151,WSGKISHKLSGTGNKTGNKTKRKK,4ac447e22fbcbef55091a2e6601903489a39b297eaacb7d4ce98cbcc58a9bab8,vegfa,HemoPI2-Zenodo-14676712-rf-only-v27,0.3640958412275875,0.28251089202785207,True,False,cross_model_disagreement_retained,False,hemopi2_v27,apex;peptiverse,False
proposal-bea2162c736da320e6f8,autoresearch_structure_cohort_challenger_shadow,0,0.325,177.816,WSGKITHKASGTGNKTGNKTKRKK,bea2162c736da320e6f861233f58ada95443b34c8922d49f0c83711a31e62684,vegfa,HemoPI2-Zenodo-14676712-rf-only-v27,0.24773592332956057,0.28251089202785207,False,False,no_conflict,False,hemopi2_v27,apex;peptiverse,False
proposal-247841703a657370af76,autoresearch_structure_cohort_challenger_shadow,0,0.38,180.529,WSGKITHKLSGTGNKTGNKTKRKK,247841703a657370af76c55b8e931a4adc7fc41fc04d5746dfcf953e4cdbaec0,vegfa,HemoPI2-Zenodo-14676712-rf-only-v27,0.3262550576786608,0.28251089202785207,True,False,cross_model_disagreement_retained,False,hemopi2_v27,apex;peptiverse,False
proposal-0a6264614f36f9a89e51,autoresearch_structure_cohort_challenger_shadow,0,0.375,174.413,WSGKIYHKNSGTGNKTGNKTKRKK,0a6264614f36f9a89e51f423283b047ad3aa6820c2b1af774083c1164893dc89,vegfa,HemoPI2-Zenodo-14676712-rf-only-v27,0.31882782159990525,0.28251089202785207,True,False,cross_model_disagreement_retained,False,hemopi2_v27,apex;peptiverse,False
proposal-0fc05c977906ef2e531f,autoresearch_structure_cohort_challenger_shadow,0,0.28,189.66,WSHKIAHKKSGTGNKTGNKTKRKK,0fc05c977906ef2e531f02a5989c357f1c93f1faffbbf82e0f97755babaf9d8d,vegfa,HemoPI2-Zenodo-14676712-rf-only-v27,0.18970630018966653,0.28251089202785207,False,False,no_conflict,False,hemopi2_v27,apex;peptiverse,False
