branch_key,generation,action_type,operator_id,action_sha256,parent_candidate_id,parent_sequence_sha256,parent_sequence,parent_macrel_amp_probability,family_key_80_80,family_representative_sequence,new_family_relative_to_all_references,diversity_qualified,edit_position_1based,edit,sequence,sequence_sha256,candidate_id,guruprasad_instability_index,maximum_hydrophobic_run,hydrophobic_fraction,net_charge_ph7_4,historical_exact_replay,score_all_status,molecular_weight_da,isoelectric_point,hydrophobic_ratio_modlamp,hydrophobic_moment_eisenberg,macrel_amp_probability,macrel_hemolysis_probability,macrel_hemolysis_label,toxinpred3_ml_score,toxinpred3_hybrid_score,toxinpred3_label,macrel_amp_probability_gain,safety_hard_gate_pass,macrel_gain_positive,full_score_shortlist,llamp_log10_mic_um,llamp_predicted_mic_um,amp_read_log10_mic_um,amp_read_predicted_mic_um,amp_read_cnn_log10_mic_um,amp_read_transformer_log10_mic_um,amp_read_attention_log10_mic_um,amp_read_lstm_log10_mic_um,formal_metric_count,formal_12_complete,display_eligible,activity_model_support_count,excellent_sequence_stage,structure_md_status,amp_read_log10_mic_um__parent_benefit_percentile,llamp_log10_mic_um__parent_benefit_percentile,macrel_amp_probability__parent_benefit_percentile,activity_model_support_count_calibrated,excellent_sequence_stage_calibrated,activity_support_semantics,evidence_scope,hemopi2_classification_label,hemopi2_classification_score,hemopi2_hc50_um,target_key,validator_version,calibrated_hemolysis_probability,calibration_risk_threshold,calibration_threshold_exceeded,reported_hc50_below_100_um,challenger_conflict_status,candidate_hard_gate_allowed,missing_verified_runtimes
vegfa,4,masked_substitution,autoresearch-macrel-endpoint-rescue-v1,0a20a1d5f833b3b418a474d0c2a78cd3a0c0e6aa512cbc5a0ce8e1cd2e0bcf49,8698e122d4ccd9db5814a9d365c58c9925f580bd273cc15e45b577ebe16710d8,8698e122d4ccd9db5814a9d365c58c9925f580bd273cc15e45b577ebe16710d8,EDKKIVKKHRHTAGLKSKIKS,0.451,seqfam80_8698e122d4ccd9db5814,EDKKIVKKHRHTAGLKSKIKS,true,true,21,S21W,EDKKIVKKHRHTAGLKSKIKW,6437eb00d4196c1d07ae1835fa3add3ba2bbfa5fabb6921c1e6b69f829bc3ec2,proposal-6437eb00d4196c1d07ae,-1.3523809523809514,2,0.2857142857142857,6.07,false,search_prefilter,2531.02,11.049560546875,0.23809523809523808,0.16634122067461457,0.541,0.455,low,0.54,0.04,Non-Toxin,0.09000000000000002,true,true,true,1.290987253189087,19.542820955487304,1.1682922665170539,14.733036558764637,1.3143479824066162,1.115744709968567,1.5777950286865234,0.6652249097824097,12,true,true,1,false,not_started,0.943140,0.877627,0.819530,3,true,at_or_above_parent_run_top_quartile_per_independent_model,autoresearch_structure_cohort_challenger_shadow,0,0.235,184.515,vegfa,HemoPI2-Zenodo-14676712-rf-only-v27,0.1383970068298137,0.28251089202785207,False,False,no_conflict,False,apex;peptiverse
vegfa,4,masked_substitution,autoresearch-macrel-endpoint-rescue-v1,e33eb5fcb9f710cc0c73f6106158d75659f323f235650e9ef7e60944ed3fb996,8698e122d4ccd9db5814a9d365c58c9925f580bd273cc15e45b577ebe16710d8,8698e122d4ccd9db5814a9d365c58c9925f580bd273cc15e45b577ebe16710d8,EDKKIVKKHRHTAGLKSKIKS,0.451,seqfam80_8698e122d4ccd9db5814,EDKKIVKKHRHTAGLKSKIKS,true,true,21,S21F,EDKKIVKKHRHTAGLKSKIKF,e1c2d27edc9ac34ab21324d0a5ad1d89b9cd8862caf2ae3ad6bd83f8cde73b37,proposal-e1c2d27edc9ac34ab213,-1.3523809523809514,2,0.2857142857142857,6.07,false,search_prefilter,2491.98,11.049560546875,0.2857142857142857,0.14893715283960146,0.541,0.455,low,0.595,0.095,Non-Toxin,0.09000000000000002,true,true,true,1.3010258674621582,19.99980989018398,1.1520950836708201,14.19368241662633,1.3970791101455688,1.1232292652130127,1.1620625257492065,0.925983190536499,12,true,true,1,false,not_started,0.946848,0.872682,0.819530,3,true,at_or_above_parent_run_top_quartile_per_independent_model,autoresearch_structure_cohort_challenger_shadow,0,0.24,185.853,vegfa,HemoPI2-Zenodo-14676712-rf-only-v27,0.1437411645059108,0.28251089202785207,False,False,no_conflict,False,apex;peptiverse
vegfa,4,masked_substitution,autoresearch-macrel-endpoint-rescue-v1,a44852f4e692457c10f87aa9da44aee43f2aa0d87b77222d9b5918e245a88916,2e63871d8908b992a3ec113942dff8d3f933de2d13418750b237634fca5a2038,2e63871d8908b992a3ec113942dff8d3f933de2d13418750b237634fca5a2038,GEHHRNGEHVTKYKKRKKRVKHGDR,0.228,seqfam80_2e63871d8908b992a3ec,GEHHRNGEHVTKYKKRKKRVKHGDR,true,true,6,N6L,GEHHRLGEHVTKYKKRKKRVKHGDR,b3ba8da3ee8b763938d1cb8191f6906e23067b51b34245aa886b66ee384ad9d6,proposal-b3ba8da3ee8b763938d1,11.904000000000003,1,0.16,7.153,false,search_prefilter,3080.52,11.202392578125,0.12,0.20427502071971199,0.267,0.475,low,0.335,0.0,Non-Toxin,0.03900000000000001,true,true,true,0.6937465667724609,4.940223153565287,1.3374583513077152,21.74995442698663,0.8881455063819885,1.5761240720748901,0.6381151676177979,2.247537612915039,12,true,true,1,false,not_started,0.883807,0.988875,0.533993,2,true,at_or_above_parent_run_top_quartile_per_independent_model,autoresearch_structure_cohort_challenger_shadow,0,0.24,182.177,vegfa,HemoPI2-Zenodo-14676712-rf-only-v27,0.1437411645059108,0.28251089202785207,False,False,no_conflict,False,apex;peptiverse
vegfa,4,masked_substitution,autoresearch-macrel-endpoint-rescue-v1,2d8f7c32440360d307a2ed364fd50e424328de5e7de0eed9fa1c28c2ea43aa46,8698e122d4ccd9db5814a9d365c58c9925f580bd273cc15e45b577ebe16710d8,8698e122d4ccd9db5814a9d365c58c9925f580bd273cc15e45b577ebe16710d8,EDKKIVKKHRHTAGLKSKIKS,0.451,seqfam80_8698e122d4ccd9db5814,EDKKIVKKHRHTAGLKSKIKS,true,true,21,S21L,EDKKIVKKHRHTAGLKSKIKL,ef7c040d506d62b72399f85d4a6fc95f2277615220fcecbaf7d2e8221f3249a4,proposal-ef7c040d506d62b72399,-5.395238095238094,2,0.2857142857142857,6.07,false,search_prefilter,2457.97,11.049560546875,0.2857142857142857,0.15337363298351409,0.521,0.465,low,0.54,0.04,Non-Toxin,0.07,true,true,true,1.043189525604248,11.045605436690574,1.3339614326139784,21.575527998413776,1.339518427848816,1.117614984512329,1.5484617948532104,1.3302417993545532,12,true,true,1,false,not_started,0.883807,0.955501,0.781211,3,true,at_or_above_parent_run_top_quartile_per_independent_model,autoresearch_structure_cohort_challenger_shadow,0,0.25,201.142,vegfa,HemoPI2-Zenodo-14676712-rf-only-v27,0.15470268191577455,0.28251089202785207,False,False,no_conflict,False,apex;peptiverse
vegfa,4,masked_substitution,autoresearch-macrel-endpoint-rescue-v1,fbeb3bcbcc05f8bfd7f437cedf3b9fb54f78894b00dcdfc5c3ba8820c11c6503,2e63871d8908b992a3ec113942dff8d3f933de2d13418750b237634fca5a2038,2e63871d8908b992a3ec113942dff8d3f933de2d13418750b237634fca5a2038,GEHHRNGEHVTKYKKRKKRVKHGDR,0.228,seqfam80_2e63871d8908b992a3ec,GEHHRNGEHVTKYKKRKKRVKHGDR,true,true,6,N6A,GEHHRAGEHVTKYKKRKKRVKHGDR,6bbcc84f7bb548d4bc83a50840de892f2a64232f3ff3770a5d6528f25d0afa05,proposal-6bbcc84f7bb548d4bc83,11.904000000000003,1,0.16,7.153,false,search_prefilter,3038.44,11.202392578125,0.12,0.18533993237345853,0.267,0.406,low,0.33,0.33,Non-Toxin,0.03900000000000001,true,true,true,0.8540159463882446,7.145225613731457,1.395138660037985,24.83926038008663,0.9835866093635559,1.7367215156555176,0.6278830766677856,2.2324464321136475,12,true,true,1,false,not_started,0.854141,0.983931,0.533993,2,true,at_or_above_parent_run_top_quartile_per_independent_model,autoresearch_structure_cohort_challenger_shadow,0,0.25,184.402,vegfa,HemoPI2-Zenodo-14676712-rf-only-v27,0.15470268191577455,0.28251089202785207,False,False,no_conflict,False,apex;peptiverse
vegfa,4,masked_substitution,autoresearch-macrel-endpoint-rescue-v1,9ab93e918540bc42789b595891ab0647a57ea2300c41054fa37e9dc7534b7b34,2e63871d8908b992a3ec113942dff8d3f933de2d13418750b237634fca5a2038,2e63871d8908b992a3ec113942dff8d3f933de2d13418750b237634fca5a2038,GEHHRNGEHVTKYKKRKKRVKHGDR,0.228,seqfam80_2e63871d8908b992a3ec,GEHHRNGEHVTKYKKRKKRVKHGDR,true,true,2,E2I,GIHHRNGEHVTKYKKRKKRVKHGDR,06d839148b67c6a5578ce109853154adfadab1c514ee44a520fed65c3a7697cd,proposal-06d839148b67c6a5578c,18.400000000000002,1,0.16,8.152,false,search_prefilter,3065.51,11.505126953125,0.12,0.1934428903533237,0.376,0.446,low,0.385,0.0,Non-Toxin,0.148,true,true,true,0.5336767435073853,3.417249931747563,1.387268001555122,24.393156468782074,1.4647735357284546,1.7745845317840576,0.5606926679611206,1.7490599155426025,12,true,true,1,false,not_started,0.859085,0.995056,0.681088,2,true,at_or_above_parent_run_top_quartile_per_independent_model,autoresearch_structure_cohort_challenger_shadow,0,0.25,187.537,vegfa,HemoPI2-Zenodo-14676712-rf-only-v27,0.15470268191577455,0.28251089202785207,False,False,no_conflict,False,apex;peptiverse
vegfa,4,masked_substitution,autoresearch-macrel-endpoint-rescue-v1,85ec9a9e76e4ee08618da6ae83431f39157b4fb21e66aa2a572e4b777a05acbb,2e63871d8908b992a3ec113942dff8d3f933de2d13418750b237634fca5a2038,2e63871d8908b992a3ec113942dff8d3f933de2d13418750b237634fca5a2038,GEHHRNGEHVTKYKKRKKRVKHGDR,0.228,seqfam80_2e63871d8908b992a3ec,GEHHRNGEHVTKYKKRKKRVKHGDR,true,true,2,E2Y,GYHHRNGEHVTKYKKRKKRVKHGDR,0972a34bdbb22622a7c4a23624eb3464d0fea2f3b6f9663af1cdd1293bba0f10,proposal-0972a34bdbb22622a7c4,18.400000000000002,1,0.16,8.15,false,search_prefilter,3115.53,11.222412109375,0.08,0.15729569370904098,0.347,0.436,low,0.355,0.0,Non-Toxin,0.11899999999999997,true,true,true,0.4822538197040558,3.035664834255112,1.359997057561878,22.908521317014003,1.1723206043243408,1.6832257509231567,0.5556048154830933,2.028904438018799,12,true,true,1,false,not_started,0.873918,0.996292,0.658838,2,true,at_or_above_parent_run_top_quartile_per_independent_model,autoresearch_structure_cohort_challenger_shadow,0,0.25,177.535,vegfa,HemoPI2-Zenodo-14676712-rf-only-v27,0.15470268191577455,0.28251089202785207,False,False,no_conflict,False,apex;peptiverse
vegfa,4,masked_substitution,autoresearch-macrel-endpoint-rescue-v1,2e32ac5f2dfa4dcb2b947a79c4cd79bd2a144cb71086c16d8cd102a3aa9b035d,8698e122d4ccd9db5814a9d365c58c9925f580bd273cc15e45b577ebe16710d8,8698e122d4ccd9db5814a9d365c58c9925f580bd273cc15e45b577ebe16710d8,EDKKIVKKHRHTAGLKSKIKS,0.451,seqfam80_8698e122d4ccd9db5814,EDKKIVKKHRHTAGLKSKIKS,true,true,21,S21I,EDKKIVKKHRHTAGLKSKIKI,86d54549f38f5339ce81b0a4b5cc48238e4b977cc624a8c030754eea8476381a,proposal-86d54549f38f5339ce81,-5.395238095238094,2,0.2857142857142857,6.07,false,search_prefilter,2457.97,11.049560546875,0.2857142857142857,0.1401282923629121,0.521,0.465,low,0.53,0.03,Non-Toxin,0.07,true,true,true,1.38959538936615,24.52423050086711,1.2962324165343202,19.780279160532018,1.3628581762313843,1.122140645980835,1.5863083600997925,1.1135964393615723,12,true,true,1,false,not_started,0.893696,0.803461,0.781211,3,true,at_or_above_parent_run_top_quartile_per_independent_model,autoresearch_structure_cohort_challenger_shadow,0,0.255,202.607,vegfa,HemoPI2-Zenodo-14676712-rf-only-v27,0.16031830920178972,0.28251089202785207,False,False,no_conflict,False,apex;peptiverse
vegfa,4,masked_substitution,autoresearch-macrel-endpoint-rescue-v1,77702bf91af0187895b902474c455b7b7e5268aaad9e720c9e1c69515aeecd35,8698e122d4ccd9db5814a9d365c58c9925f580bd273cc15e45b577ebe16710d8,8698e122d4ccd9db5814a9d365c58c9925f580bd273cc15e45b577ebe16710d8,EDKKIVKKHRHTAGLKSKIKS,0.451,seqfam80_8698e122d4ccd9db5814,EDKKIVKKHRHTAGLKSKIKS,true,true,12,T12W,EDKKIVKKHRHWAGLKSKIKS,f795dad4bc9dc83c7d964054bdbbf571428e80b95378a1dc66eff267b29e3ff5,proposal-f795dad4bc9dc83c7d96,-6.290476190476189,2,0.2857142857142857,6.07,false,search_prefilter,2516.99,11.049560546875,0.23809523809523808,0.25118698743034684,0.531,0.475,low,0.56,0.06,Non-Toxin,0.08000000000000002,true,true,true,1.2742770910263062,18.805162517624712,0.9299567589569967,8.51053297857094,1.3529412746429443,1.022291898727417,1.0754178762435913,0.26910871267318726,12,true,true,2,true,not_started,0.981459,0.883807,0.803461,3,true,at_or_above_parent_run_top_quartile_per_independent_model,autoresearch_structure_cohort_challenger_shadow,0,0.255,176.981,vegfa,HemoPI2-Zenodo-14676712-rf-only-v27,0.16031830920178972,0.28251089202785207,False,False,no_conflict,False,apex;peptiverse
vegfa,4,masked_substitution,autoresearch-macrel-endpoint-rescue-v1,be1066bbb3778f59f254b110d18b60541ca495cc6d6be3b56d0ff1fb1b5a0c98,2e63871d8908b992a3ec113942dff8d3f933de2d13418750b237634fca5a2038,2e63871d8908b992a3ec113942dff8d3f933de2d13418750b237634fca5a2038,GEHHRNGEHVTKYKKRKKRVKHGDR,0.228,seqfam80_2e63871d8908b992a3ec,GEHHRNGEHVTKYKKRKKRVKHGDR,true,true,6,N6I,GEHHRIGEHVTKYKKRKKRVKHGDR,f1967b20a221420769594b2cbd604c9f1bd691b3e9292e353accac56ada5c289,proposal-f1967b20a22142076959,11.904000000000003,1,0.16,7.153,false,search_prefilter,3080.52,11.202392578125,0.12,0.21613318825133984,0.267,0.475,low,0.325,0.325,Non-Toxin,0.03900000000000001,true,true,true,0.6811288595199585,4.798758114721047,1.2887126143178118,19.440732043492883,1.059265375137329,1.4302152395248413,0.5544074773788452,2.1110429763793945,12,true,true,1,false,not_started,0.898640,0.988875,0.533993,2,true,at_or_above_parent_run_top_quartile_per_independent_model,autoresearch_structure_cohort_challenger_shadow,0,0.255,177.502,vegfa,HemoPI2-Zenodo-14676712-rf-only-v27,0.16031830920178972,0.28251089202785207,False,False,no_conflict,False,apex;peptiverse
vegfa,4,masked_substitution,autoresearch-macrel-endpoint-rescue-v1,e7c72071c4e4850dfcdc6d0c2641ca58f94c7335cd8ce704e92eaa63a636cb73,2e63871d8908b992a3ec113942dff8d3f933de2d13418750b237634fca5a2038,2e63871d8908b992a3ec113942dff8d3f933de2d13418750b237634fca5a2038,GEHHRNGEHVTKYKKRKKRVKHGDR,0.228,seqfam80_2e63871d8908b992a3ec,GEHHRNGEHVTKYKKRKKRVKHGDR,true,true,2,E2L,GLHHRNGEHVTKYKKRKKRVKHGDR,65af3d32c0bec5aadba0ced42ad06067ffe4fef9e635dad9b71fd3ca9979e5a3,proposal-65af3d32c0bec5aadba0,16.860000000000003,1,0.16,8.152,false,search_prefilter,3065.51,11.505126953125,0.12,0.18352269354762218,0.376,0.436,low,0.36,0.0,Non-Toxin,0.148,true,true,true,0.4939701557159424,3.118675264473435,1.3036000289372052,20.118705292011207,1.2433191537857056,1.86080801486969,0.5599371194839478,1.5503640174865723,12,true,true,1,false,not_started,0.892460,0.995056,0.681088,2,true,at_or_above_parent_run_top_quartile_per_independent_model,autoresearch_structure_cohort_challenger_shadow,0,0.255,187.61,vegfa,HemoPI2-Zenodo-14676712-rf-only-v27,0.16031830920178972,0.28251089202785207,False,False,no_conflict,False,apex;peptiverse
vegfa,4,masked_substitution,autoresearch-macrel-endpoint-rescue-v1,29c9bef51f81e1cc9dfcb0453db89da8d040d9fb36b3dda1e22d04d69029a3b3,2e63871d8908b992a3ec113942dff8d3f933de2d13418750b237634fca5a2038,2e63871d8908b992a3ec113942dff8d3f933de2d13418750b237634fca5a2038,GEHHRNGEHVTKYKKRKKRVKHGDR,0.228,seqfam80_2e63871d8908b992a3ec,GEHHRNGEHVTKYKKRKKRVKHGDR,true,true,2,E2V,GVHHRNGEHVTKYKKRKKRVKHGDR,4eadb7e4fb2de9c2324996c571f69b790e45ee99b235e02c70b61c2ab69d0415,proposal-4eadb7e4fb2de9c23249,16.860000000000003,1,0.16,8.152,false,search_prefilter,3051.48,11.505126953125,0.12,0.18352269354762218,0.327,0.396,low,0.33,0.0,Non-Toxin,0.099,true,true,true,0.5227357149124146,3.332235715444352,1.412260731947077,25.83810935347096,1.3637611865997314,1.9073561429977417,0.5375691056251526,1.840402364730835,12,true,true,1,false,not_started,0.847960,0.995056,0.646477,2,true,at_or_above_parent_run_top_quartile_per_independent_model,autoresearch_structure_cohort_challenger_shadow,0,0.255,191.031,vegfa,HemoPI2-Zenodo-14676712-rf-only-v27,0.16031830920178972,0.28251089202785207,False,False,no_conflict,False,apex;peptiverse
vegfa,4,masked_substitution,autoresearch-macrel-endpoint-rescue-v1,4f22ea232786b05d9d76af594aa4ba98758182277e1aea02f531c4cc44581acc,2e63871d8908b992a3ec113942dff8d3f933de2d13418750b237634fca5a2038,2e63871d8908b992a3ec113942dff8d3f933de2d13418750b237634fca5a2038,GEHHRNGEHVTKYKKRKKRVKHGDR,0.228,seqfam80_2e63871d8908b992a3ec,GEHHRNGEHVTKYKKRKKRVKHGDR,true,true,2,E2W,GWHHRNGEHVTKYKKRKKRVKHGDR,fff6806c152abddfe20149251432969a18b4a14443588c8dfbdcac668722462e,proposal-fff6806c152abddfe201,31.268,1,0.16,8.152,false,search_prefilter,3138.56,11.505126953125,0.08,0.17418214228715675,0.396,0.436,low,0.395,0.0,Non-Toxin,0.168,true,true,true,0.3769077658653259,2.381813573353416,1.1157891555767936,13.05536912756846,1.113065242767334,1.5200114250183105,0.41063135862350464,1.4194817543029785,12,true,true,1,false,not_started,0.957973,0.998764,0.697157,2,true,at_or_above_parent_run_top_quartile_per_independent_model,autoresearch_structure_cohort_challenger_shadow,0,0.255,174.607,vegfa,HemoPI2-Zenodo-14676712-rf-only-v27,0.16031830920178972,0.28251089202785207,False,False,no_conflict,False,apex;peptiverse
vegfa,4,masked_substitution,autoresearch-macrel-endpoint-rescue-v1,4cf5abcd3b3dc3a82ec86e09940c63f2c25645c9f9ffe4008c46d07b115591fe,8698e122d4ccd9db5814a9d365c58c9925f580bd273cc15e45b577ebe16710d8,8698e122d4ccd9db5814a9d365c58c9925f580bd273cc15e45b577ebe16710d8,EDKKIVKKHRHTAGLKSKIKS,0.451,seqfam80_8698e122d4ccd9db5814,EDKKIVKKHRHTAGLKSKIKS,true,true,12,T12F,EDKKIVKKHRHFAGLKSKIKS,b9db35add0bfab7615bbe18685add9240d9232294fe94684717a92dcdedc0215,proposal-b9db35add0bfab7615bb,-2.699999999999999,2,0.2857142857142857,6.07,false,search_prefilter,2477.96,11.049560546875,0.2857142857142857,0.2693398106775008,0.535,0.475,low,0.535,0.035,Non-Toxin,0.08400000000000002,true,true,true,0.9357266426086426,8.624355352526196,1.140210803978332,13.810544576186746,1.4134465456008911,1.099678635597229,1.6091805696487427,0.4384617805480957,12,true,true,2,true,not_started,0.949320,0.978986,0.819530,3,true,at_or_above_parent_run_top_quartile_per_independent_model,autoresearch_structure_cohort_challenger_shadow,0,0.26,190.833,vegfa,HemoPI2-Zenodo-14676712-rf-only-v27,0.16602261728690276,0.28251089202785207,False,False,no_conflict,False,apex;peptiverse
vegfa,4,masked_substitution,autoresearch-macrel-endpoint-rescue-v1,18e34925bcdb428e44903a855a78996de2f805681a5439db0ef9ac8010fef6e7,997957d2243bf9be816a825e67a4ee2a7b96b325417cd53252f2294d5cf0ea19,997957d2243bf9be816a825e67a4ee2a7b96b325417cd53252f2294d5cf0ea19,GQKDHFWRHLDHKVNKRGKKS,0.218,seqfam80_997957d2243bf9be816a,GQKDHFWRHLDHKVNKRGKKS,true,true,3,K3A,GQADHFWRHLDHKVNKRGKKS,812b72a9a192fe200f53fd57be5de079c74589c86d54502d12e718d555d78a56,proposal-812b72a9a192fe200f53,35.661904761904765,2,0.23809523809523808,4.113,false,search_prefilter,2544.84,11.06494140625,0.19047619047619047,0.3781493556926497,0.257,0.376,low,0.37,0.37,Non-Toxin,0.03900000000000001,true,true,true,1.422385334968567,26.447543186506373,1.2284380653121865,16.921469103456285,1.3082185983657837,1.7998679876327515,1.0349855422973633,0.7706366777420044,12,true,true,0,false,not_started,0.927070,0.771323,0.515451,2,true,at_or_above_parent_run_top_quartile_per_independent_model,autoresearch_structure_cohort_challenger_shadow,0,0.26,142.294,vegfa,HemoPI2-Zenodo-14676712-rf-only-v27,0.16602261728690276,0.28251089202785207,False,False,no_conflict,False,apex;peptiverse
vegfa,4,masked_substitution,autoresearch-macrel-endpoint-rescue-v1,2a4535e00f6de22735924064af4f8b2a257897bc584bdb6f80da3daf9ec94aed,6628a43211f7b31ed2b6638559418b9bfc2e79353115be8b33d86d54b5005413,6628a43211f7b31ed2b6638559418b9bfc2e79353115be8b33d86d54b5005413,YDKRGHHHRGGGIKFDKKTRTKW,0.465,seqfam80_6628a43211f7b31ed2b6,YDKRGHHHRGGGIKFDKKTRTKW,true,true,11,G11Y,YDKRGHHHRGYGIKFDKKTRTKW,cd12fbcbebd1fdf7d9176bf6902f7763aa7d4c9fb2a948de6e57113b7226d5d7,proposal-cd12fbcbebd1fdf7d917,9.8695652173913,1,0.21739130434782608,6.109,false,search_prefilter,2915.29,10.89404296875,0.08695652173913043,0.15747474736284084,0.545,0.307,low,0.315,0.315,Non-Toxin,0.08000000000000002,true,true,true,1.3536819219589233,22.577815613424573,1.108040979960996,12.82451588882965,1.710653305053711,1.2180156707763672,0.6361184120178223,0.8673542737960815,12,true,true,1,false,not_started,0.957973,0.838072,0.845488,3,true,at_or_above_parent_run_top_quartile_per_independent_model,autoresearch_structure_cohort_challenger_shadow,0,0.265,151.132,vegfa,HemoPI2-Zenodo-14676712-rf-only-v27,0.17181462402158107,0.28251089202785207,False,False,no_conflict,False,apex;peptiverse
vegfa,4,masked_substitution,autoresearch-macrel-endpoint-rescue-v1,c0f138f50ddc1f7cda4adfe1cfae2bfc0ac353822ad6106887f59dfad062d2db,997957d2243bf9be816a825e67a4ee2a7b96b325417cd53252f2294d5cf0ea19,997957d2243bf9be816a825e67a4ee2a7b96b325417cd53252f2294d5cf0ea19,GQKDHFWRHLDHKVNKRGKKS,0.218,seqfam80_997957d2243bf9be816a,GQKDHFWRHLDHKVNKRGKKS,true,true,20,K20A,GQKDHFWRHLDHKVNKRGKAS,b1544e202571f9eb01a8d533715d5a512e5764a14b05d67bd223d683907b6b76,proposal-b1544e202571f9eb01a8,39.70476190476191,2,0.23809523809523808,4.113,false,search_prefilter,2544.84,11.06494140625,0.19047619047619047,0.24318569845517807,0.257,0.376,low,0.35,0.35,Non-Toxin,0.03900000000000001,true,true,true,1.2907768487930298,19.53335525946938,1.2487928410610747,17.73343392392015,1.2781422138214111,1.6437015533447266,1.014410376548767,1.0588985681533813,12,true,true,0,false,not_started,0.915946,0.877627,0.515451,2,true,at_or_above_parent_run_top_quartile_per_independent_model,autoresearch_structure_cohort_challenger_shadow,0,0.265,158.076,vegfa,HemoPI2-Zenodo-14676712-rf-only-v27,0.17181462402158107,0.28251089202785207,False,False,no_conflict,False,apex;peptiverse
vegfa,4,masked_substitution,autoresearch-macrel-endpoint-rescue-v1,ead7b53eca3617ff25cd9de5b18d77e4eccddeeef4eb206aeaea2654a386b8f7,2e63871d8908b992a3ec113942dff8d3f933de2d13418750b237634fca5a2038,2e63871d8908b992a3ec113942dff8d3f933de2d13418750b237634fca5a2038,GEHHRNGEHVTKYKKRKKRVKHGDR,0.228,seqfam80_2e63871d8908b992a3ec,GEHHRNGEHVTKYKKRKKRVKHGDR,true,true,19,R19W,GEHHRNGEHVTKYKKRKKWVKHGDR,d06775de2e9719f578137ba626d86c10dd47087347be6c48129f12b722574175,proposal-d06775de2e9719f57813,-5.607999999999997,2,0.16,6.153,false,search_prefilter,3111.49,10.954345703125,0.08,0.05854636175054294,0.277,0.416,low,0.37,0.0,Non-Toxin,0.049000000000000016,true,true,true,0.9475176334381104,8.861712036880256,1.2430397668092954,17.500069232314118,1.1184918880462646,1.700265645980835,0.683713436126709,1.4697123765945435,12,true,true,1,false,not_started,0.918418,0.976514,0.548826,2,true,at_or_above_parent_run_top_quartile_per_independent_model,autoresearch_structure_cohort_challenger_shadow,0,0.27,165.844,vegfa,HemoPI2-Zenodo-14676712-rf-only-v27,0.1776932998103495,0.28251089202785207,False,False,no_conflict,False,apex;peptiverse
vegfa,4,masked_substitution,autoresearch-macrel-endpoint-rescue-v1,5c9392e3f7ac6723c48909442b0140245d320abd1ae5401e9a59b5c233f5522a,997957d2243bf9be816a825e67a4ee2a7b96b325417cd53252f2294d5cf0ea19,997957d2243bf9be816a825e67a4ee2a7b96b325417cd53252f2294d5cf0ea19,GQKDHFWRHLDHKVNKRGKKS,0.218,seqfam80_997957d2243bf9be816a,GQKDHFWRHLDHKVNKRGKKS,true,true,3,K3I,GQIDHFWRHLDHKVNKRGKKS,1a34ab66f785d05f0c559a7f65e50ce1600a165ae0e8b1e3b9b9527ac4cb456e,proposal-1a34ab66f785d05f0c55,39.70476190476191,2,0.23809523809523808,4.113,false,search_prefilter,2586.92,11.06494140625,0.19047619047619047,0.41378912721627126,0.248,0.436,low,0.38,0.38,Non-Toxin,0.03,true,true,true,1.2215640544891357,16.655744667666326,1.2216312454701685,16.658321726427165,1.2924613952636719,1.571894884109497,1.0278384685516357,0.9943075180053711,12,true,true,0,false,not_started,0.930779,0.904821,0.487021,2,true,at_or_above_parent_run_top_quartile_per_independent_model,autoresearch_structure_cohort_challenger_shadow,0,0.27,139.997,vegfa,HemoPI2-Zenodo-14676712-rf-only-v27,0.1776932998103495,0.28251089202785207,False,False,no_conflict,False,apex;peptiverse
vegfa,4,masked_substitution,autoresearch-macrel-endpoint-rescue-v1,89b393d209f6af2a2c134d028111006ccb9f0f112ec37dd5dc204be8881d3519,997957d2243bf9be816a825e67a4ee2a7b96b325417cd53252f2294d5cf0ea19,997957d2243bf9be816a825e67a4ee2a7b96b325417cd53252f2294d5cf0ea19,GQKDHFWRHLDHKVNKRGKKS,0.218,seqfam80_997957d2243bf9be816a,GQKDHFWRHLDHKVNKRGKKS,true,true,20,K20I,GQKDHFWRHLDHKVNKRGKIS,8cdb948773fd83d2e2ffaa372f6999fae2e180460a8091183b4507a7441e5d6a,proposal-8cdb948773fd83d2e2ff,35.661904761904765,2,0.23809523809523808,4.113,false,search_prefilter,2586.92,11.06494140625,0.19047619047619047,0.23771938022370584,0.257,0.426,low,0.355,0.355,Non-Toxin,0.03900000000000001,true,true,true,1.3277068138122559,21.267028536286695,1.066860327567552,11.664344224853126,1.2542732954025269,1.4650750160217285,0.956974983215332,0.5910717844963074,12,true,true,0,false,not_started,0.967862,0.860321,0.515451,2,true,at_or_above_parent_run_top_quartile_per_independent_model,autoresearch_structure_cohort_challenger_shadow,0,0.27,146.841,vegfa,HemoPI2-Zenodo-14676712-rf-only-v27,0.1776932998103495,0.28251089202785207,False,False,no_conflict,False,apex;peptiverse
vegfa,4,masked_substitution,autoresearch-macrel-endpoint-rescue-v1,38b1c1698d9b27b3d453b703adaa32f2ae0aa526ae74408527d0fb03e129c19c,6628a43211f7b31ed2b6638559418b9bfc2e79353115be8b33d86d54b5005413,6628a43211f7b31ed2b6638559418b9bfc2e79353115be8b33d86d54b5005413,YDKRGHHHRGGGIKFDKKTRTKW,0.465,seqfam80_6628a43211f7b31ed2b6,YDKRGHHHRGGGIKFDKKTRTKW,true,true,12,G12Y,YDKRGHHHRGGYIKFDKKTRTKW,31b758f2d3feaf4237f9055a78b6fdad134cc056bbc39b4a09c923d35103e21b,proposal-31b758f2d3feaf4237f9,22.61739130434782,2,0.21739130434782608,6.109,false,search_prefilter,2915.29,10.89404296875,0.08695652173913043,0.14812131732694556,0.545,0.297,low,0.315,0.315,Non-Toxin,0.08000000000000002,true,true,true,1.0882573127746582,12.253419804398549,1.035767842748179,10.85845017149361,1.4243305921554565,1.1570484638214111,0.6449194550514221,0.9167617559432983,12,true,true,1,false,not_started,0.975278,0.949320,0.845488,3,true,at_or_above_parent_run_top_quartile_per_independent_model,autoresearch_structure_cohort_challenger_shadow,0,0.275,159.186,vegfa,HemoPI2-Zenodo-14676712-rf-only-v27,0.18365756714014775,0.28251089202785207,False,False,no_conflict,False,apex;peptiverse
vegfa,4,masked_substitution,autoresearch-macrel-endpoint-rescue-v1,15ec7a18f26b611c6a26d1820db7f1212103c1d69a652330eaac5864f98caaaf,2e63871d8908b992a3ec113942dff8d3f933de2d13418750b237634fca5a2038,2e63871d8908b992a3ec113942dff8d3f933de2d13418750b237634fca5a2038,GEHHRNGEHVTKYKKRKKRVKHGDR,0.228,seqfam80_2e63871d8908b992a3ec,GEHHRNGEHVTKYKKRKKRVKHGDR,true,true,16,R16W,GEHHRNGEHVTKYKKWKKRVKHGDR,ab88376351d17c6a60a5cacc9ef0d0baca1bc6f40e31da6e13add03ee53a76f5,proposal-ab88376351d17c6a60a5,-2.2119999999999975,1,0.16,6.153,false,search_prefilter,3111.49,10.954345703125,0.08,0.1788644168172488,0.277,0.455,low,0.385,0.0,Non-Toxin,0.049000000000000016,true,true,true,0.6768406629562378,4.7516086356701885,1.0892483323891353,12.281412895383932,0.8156467080116272,1.69062077999115,0.6302337646484375,1.2205077409744263,12,true,true,1,false,not_started,0.964153,0.988875,0.548826,2,true,at_or_above_parent_run_top_quartile_per_independent_model,autoresearch_structure_cohort_challenger_shadow,0,0.275,147.562,vegfa,HemoPI2-Zenodo-14676712-rf-only-v27,0.18365756714014775,0.28251089202785207,False,False,no_conflict,False,apex;peptiverse
vegfa,4,masked_substitution,autoresearch-macrel-endpoint-rescue-v1,927ffb0d1d4d8c9a5e69fd47b18313fed529d5b80dee9f2d10d572e8c2e0472f,2e63871d8908b992a3ec113942dff8d3f933de2d13418750b237634fca5a2038,2e63871d8908b992a3ec113942dff8d3f933de2d13418750b237634fca5a2038,GEHHRNGEHVTKYKKRKKRVKHGDR,0.228,seqfam80_2e63871d8908b992a3ec,GEHHRNGEHVTKYKKRKKRVKHGDR,true,true,15,K15W,GEHHRNGEHVTKYKWRKKRVKHGDR,6882251cbc0211536390b3096ac4df645b6a8ca08f875b3645e05108d06398c3,proposal-6882251cbc0211536390,-2.2119999999999975,1,0.16,6.154,false,search_prefilter,3139.5,11.130859375,0.08,0.04692148929920564,0.267,0.416,low,0.36,0.0,Non-Toxin,0.03900000000000001,true,true,true,1.0191431045532227,10.450645221321867,1.2255893242843068,16.810836500014364,0.7520214319229126,1.7090634107589722,0.6128696203231812,1.8284635543823242,12,true,true,0,false,not_started,0.927070,0.959209,0.533993,2,true,at_or_above_parent_run_top_quartile_per_independent_model,autoresearch_structure_cohort_challenger_shadow,0,0.275,149.217,vegfa,HemoPI2-Zenodo-14676712-rf-only-v27,0.18365756714014775,0.28251089202785207,False,False,no_conflict,False,apex;peptiverse
vegfa,4,masked_substitution,autoresearch-macrel-endpoint-rescue-v1,68e96e6be1ff14fdc7cf0c06b062bad0de777fb2cbfabb6cf6cc3babac382f08,2e63871d8908b992a3ec113942dff8d3f933de2d13418750b237634fca5a2038,2e63871d8908b992a3ec113942dff8d3f933de2d13418750b237634fca5a2038,GEHHRNGEHVTKYKKRKKRVKHGDR,0.228,seqfam80_2e63871d8908b992a3ec,GEHHRNGEHVTKYKKRKKRVKHGDR,true,true,11,T11Y,GEHHRNGEHVYKYKKRKKRVKHGDR,7f42335339d33bb174bacb138edbad2a48f357d1b4839a982f885d417f7fca3e,proposal-7f42335339d33bb174ba,11.208000000000002,2,0.16,7.151,false,search_prefilter,3143.54,10.967529296875,0.08,0.12372674507901339,0.287,0.465,low,0.335,0.0,Non-Toxin,0.05899999999999997,true,true,true,0.696236252784729,4.96862537261111,1.2066900013135065,16.09496369195291,1.5437648296356201,1.3671678304672241,0.6127336025238037,1.3031045198440552,12,true,true,1,false,not_started,0.935723,0.988875,0.578492,2,true,at_or_above_parent_run_top_quartile_per_independent_model,autoresearch_structure_cohort_challenger_shadow,0,0.275,167.998,vegfa,HemoPI2-Zenodo-14676712-rf-only-v27,0.18365756714014775,0.28251089202785207,False,False,no_conflict,False,apex;peptiverse
vegfa,4,masked_substitution,autoresearch-macrel-endpoint-rescue-v1,5690a50310acf0455f9b6ea650be1644920352cc27a018cf55e912a63197d285,997957d2243bf9be816a825e67a4ee2a7b96b325417cd53252f2294d5cf0ea19,997957d2243bf9be816a825e67a4ee2a7b96b325417cd53252f2294d5cf0ea19,GQKDHFWRHLDHKVNKRGKKS,0.218,seqfam80_997957d2243bf9be816a,GQKDHFWRHLDHKVNKRGKKS,true,true,20,K20F,GQKDHFWRHLDHKVNKRGKFS,a36d290bc28886b21692bb9a77e5ede00918c079161c0ca8e2bdff64d40fd027,proposal-a36d290bc28886b21692,39.70476190476191,2,0.23809523809523808,4.113,false,search_prefilter,2620.93,11.06494140625,0.19047619047619047,0.23858229479596865,0.257,0.436,low,0.36,0.36,Non-Toxin,0.03900000000000001,true,true,true,1.405417561531067,25.434169518554434,1.1052690059767132,12.7429214483147,1.2494926452636719,1.424386739730835,1.0605955123901367,0.6865591406822205,12,true,true,0,false,not_started,0.960445,0.791100,0.515451,2,true,at_or_above_parent_run_top_quartile_per_independent_model,autoresearch_structure_cohort_challenger_shadow,0,0.275,148.5,vegfa,HemoPI2-Zenodo-14676712-rf-only-v27,0.18365756714014775,0.28251089202785207,False,False,no_conflict,False,apex;peptiverse
vegfa,4,masked_substitution,autoresearch-macrel-endpoint-rescue-v1,2e088a3ca3d265d76e4e74f9e9ed20ae9f659a91a06ed80c83e0330688cd05a5,997957d2243bf9be816a825e67a4ee2a7b96b325417cd53252f2294d5cf0ea19,997957d2243bf9be816a825e67a4ee2a7b96b325417cd53252f2294d5cf0ea19,GQKDHFWRHLDHKVNKRGKKS,0.218,seqfam80_997957d2243bf9be816a,GQKDHFWRHLDHKVNKRGKKS,true,true,20,K20L,GQKDHFWRHLDHKVNKRGKLS,c9ff1958666e2d742778522e79a65a7641565caf5ab420c410adf75ce6defa41,proposal-c9ff1958666e2d742778,35.661904761904765,2,0.23809523809523808,4.113,false,search_prefilter,2586.92,11.06494140625,0.19047619047619047,0.23915485031476713,0.257,0.426,low,0.345,0.345,Non-Toxin,0.03900000000000001,true,true,true,1.2901149988174438,19.50360976370127,1.1427267019083298,13.890782201455723,1.2800544500350952,1.5110886096954346,1.034522533416748,0.7452019453048706,12,true,true,0,false,not_started,0.949320,0.877627,0.515451,2,true,at_or_above_parent_run_top_quartile_per_independent_model,autoresearch_structure_cohort_challenger_shadow,0,0.275,155.456,vegfa,HemoPI2-Zenodo-14676712-rf-only-v27,0.18365756714014775,0.28251089202785207,False,False,no_conflict,False,apex;peptiverse
vegfa,4,masked_substitution,autoresearch-macrel-endpoint-rescue-v1,d36ac24c174a8696d17e619e0542733736f54589ed9e7bb864c16dffdbb5543a,6628a43211f7b31ed2b6638559418b9bfc2e79353115be8b33d86d54b5005413,6628a43211f7b31ed2b6638559418b9bfc2e79353115be8b33d86d54b5005413,YDKRGHHHRGGGIKFDKKTRTKW,0.465,seqfam80_6628a43211f7b31ed2b6,YDKRGHHHRGGGIKFDKKTRTKW,true,true,10,G10Y,YDKRGHHHRYGGIKFDKKTRTKW,12e1e154c33f501ad3ce4e69b2516a6126cf69238b82107a202d9da91186f654,proposal-12e1e154c33f501ad3ce,19.339130434782607,1,0.21739130434782608,6.109,false,search_prefilter,2915.29,10.89404296875,0.08695652173913043,0.16694536819834466,0.545,0.307,low,0.32,0.32,Non-Toxin,0.08000000000000002,true,true,true,1.0379176139831543,10.912333089654778,1.3661942679724888,23.237760320012036,2.816068649291992,1.1251822710037231,0.585128664970398,0.938357412815094,12,true,true,1,false,not_started,0.867738,0.956737,0.845488,3,true,at_or_above_parent_run_top_quartile_per_independent_model,autoresearch_structure_cohort_challenger_shadow,0,0.28,164.016,vegfa,HemoPI2-Zenodo-14676712-rf-only-v27,0.18970630018966653,0.28251089202785207,False,False,no_conflict,False,apex;peptiverse
vegfa,4,masked_substitution,autoresearch-macrel-endpoint-rescue-v1,cf406869d373c13d391b3798824caa2624418da5067f2b2591586d095a65dac4,2e63871d8908b992a3ec113942dff8d3f933de2d13418750b237634fca5a2038,2e63871d8908b992a3ec113942dff8d3f933de2d13418750b237634fca5a2038,GEHHRNGEHVTKYKKRKKRVKHGDR,0.228,seqfam80_2e63871d8908b992a3ec,GEHHRNGEHVTKYKKRKKRVKHGDR,true,true,15,K15Y,GEHHRNGEHVTKYKYRKKRVKHGDR,635b1b1d9a1ae54eb7cc643099860c6595368f22db6bb38ec96f497f59ebe792,proposal-635b1b1d9a1ae54eb7cc,-8.975999999999999,1,0.16,6.152,false,search_prefilter,3116.47,10.878662109375,0.08,0.06470617906929588,0.307,0.406,low,0.34,0.0,Non-Toxin,0.07899999999999999,true,true,true,0.7697473764419556,5.885012321168353,1.4056387359582365,25.44712575166439,1.6020487546920776,1.4157142639160156,0.7481660842895508,1.856669306755066,12,true,true,1,false,not_started,0.849197,0.987639,0.614339,2,true,at_or_above_parent_run_top_quartile_per_independent_model,autoresearch_structure_cohort_challenger_shadow,0,0.28,163.031,vegfa,HemoPI2-Zenodo-14676712-rf-only-v27,0.18970630018966653,0.28251089202785207,False,False,no_conflict,False,apex;peptiverse
vegfa,4,masked_substitution,autoresearch-macrel-endpoint-rescue-v1,d7dd958727a3583264bdad29ab0e74e893b17609d09a8048ec9097d097986cf2,997957d2243bf9be816a825e67a4ee2a7b96b325417cd53252f2294d5cf0ea19,997957d2243bf9be816a825e67a4ee2a7b96b325417cd53252f2294d5cf0ea19,GQKDHFWRHLDHKVNKRGKKS,0.218,seqfam80_997957d2243bf9be816a,GQKDHFWRHLDHKVNKRGKKS,true,true,2,Q2Y,GYKDHFWRHLDHKVNKRGKKS,7204be8a01ebcc10f39db71d19f4016dfdcb039e756073bf0ecbaec9af995999,proposal-7204be8a01ebcc10f39d,35.661904761904765,2,0.23809523809523808,5.111,false,search_prefilter,2636.98,10.869873046875,0.14285714285714285,0.25815259780455857,0.248,0.436,low,0.37,0.37,Non-Toxin,0.03,true,true,true,1.2577869892120361,18.104518925833478,1.1554756325004472,14.304597179894657,1.1652381420135498,1.4512841701507568,0.9031102657318115,1.1022642850875854,12,true,true,0,false,not_started,0.946848,0.892460,0.487021,2,true,at_or_above_parent_run_top_quartile_per_independent_model,autoresearch_structure_cohort_challenger_shadow,0,0.28,131.311,vegfa,HemoPI2-Zenodo-14676712-rf-only-v27,0.18970630018966653,0.28251089202785207,False,False,no_conflict,False,apex;peptiverse
vegfa,4,masked_substitution,autoresearch-macrel-endpoint-rescue-v1,70f4a6754a868f9dd43554725425010c6d5a263a1014952c70192dcdfb12f850,2e63871d8908b992a3ec113942dff8d3f933de2d13418750b237634fca5a2038,2e63871d8908b992a3ec113942dff8d3f933de2d13418750b237634fca5a2038,GEHHRNGEHVTKYKKRKKRVKHGDR,0.228,seqfam80_2e63871d8908b992a3ec,GEHHRNGEHVTKYKKRKKRVKHGDR,true,true,2,E2A,GAHHRNGEHVTKYKKRKKRVKHGDR,9da7bcc4c1b4b5ffe782601680b08220fc0fd4ecb3a215b6416c28cbd820c997,proposal-9da7bcc4c1b4b5ffe782,10.068000000000001,1,0.16,8.152,false,search_prefilter,3023.43,11.505126953125,0.12,0.16821504866371714,0.307,0.406,low,0.345,0.0,Non-Toxin,0.07899999999999999,true,true,true,0.5329822301864624,3.411789514851155,1.382729746153612,24.13958203070406,1.190719485282898,2.044635057449341,0.5617246627807617,1.7338788509368896,12,true,true,1,false,not_started,0.859085,0.995056,0.614339,2,true,at_or_above_parent_run_top_quartile_per_independent_model,autoresearch_structure_cohort_challenger_shadow,0,0.285,186.865,vegfa,HemoPI2-Zenodo-14676712-rf-only-v27,0.19583832451978658,0.28251089202785207,False,False,no_conflict,False,apex;peptiverse
vegfa,4,masked_substitution,autoresearch-macrel-endpoint-rescue-v1,ed5a2d7a2e62c138eb26c8f1cb0f8454624292b3a7213d65851ff9190833d55a,2e63871d8908b992a3ec113942dff8d3f933de2d13418750b237634fca5a2038,2e63871d8908b992a3ec113942dff8d3f933de2d13418750b237634fca5a2038,GEHHRNGEHVTKYKKRKKRVKHGDR,0.228,seqfam80_2e63871d8908b992a3ec,GEHHRNGEHVTKYKKRKKRVKHGDR,true,true,19,R19F,GEHHRNGEHVTKYKKRKKFVKHGDR,ae5b8851780af597b8ff07628eb03145cf32dfde5e4b46f302c61a1b8c403172,proposal-ae5b8851780af597b8ff,-2.2119999999999975,2,0.16,6.153,false,search_prefilter,3072.46,10.954345703125,0.12,0.064281059637603,0.267,0.426,low,0.395,0.0,Non-Toxin,0.03900000000000001,true,true,true,1.006890892982483,10.15993414616776,1.3805832556652868,24.020567058368734,1.273647427558899,1.6603748798370361,0.7681018114089966,1.8202524185180664,12,true,true,0,false,not_started,0.860321,0.961681,0.533993,2,true,at_or_above_parent_run_top_quartile_per_independent_model,autoresearch_structure_cohort_challenger_shadow,0,0.285,178.047,vegfa,HemoPI2-Zenodo-14676712-rf-only-v27,0.19583832451978658,0.28251089202785207,False,False,no_conflict,False,apex;peptiverse
vegfa,4,masked_substitution,autoresearch-macrel-endpoint-rescue-v1,1c17909bae4824c5e376756f045b48d25fe71bb0ca75120f0629844fb64938e2,2e63871d8908b992a3ec113942dff8d3f933de2d13418750b237634fca5a2038,2e63871d8908b992a3ec113942dff8d3f933de2d13418750b237634fca5a2038,GEHHRNGEHVTKYKKRKKRVKHGDR,0.228,seqfam80_2e63871d8908b992a3ec,GEHHRNGEHVTKYKKRKKRVKHGDR,true,true,16,R16V,GEHHRNGEHVTKYKKVKKRVKHGDR,040863b7f6e5f6d50a8870e9e252053fd8b83f66f17bc2a7fe7d5092b82b9f28,proposal-040863b7f6e5f6d50a88,-6.76,1,0.16,6.153,false,search_prefilter,3024.41,10.954345703125,0.12,0.1870093699303258,0.277,0.436,low,0.31,0.0,Non-Toxin,0.049000000000000016,true,true,true,0.8080719709396362,6.427942318450761,1.1203236571999062,13.192395332431408,0.8313798308372498,1.8356413841247559,0.6903440952301025,1.1239330768585205,12,true,true,1,false,not_started,0.956737,0.987639,0.548826,2,true,at_or_above_parent_run_top_quartile_per_independent_model,autoresearch_structure_cohort_challenger_shadow,0,0.285,151.931,vegfa,HemoPI2-Zenodo-14676712-rf-only-v27,0.19583832451978658,0.28251089202785207,False,False,no_conflict,False,apex;peptiverse
vegfa,4,masked_substitution,autoresearch-macrel-endpoint-rescue-v1,d901e278a72111cec9e3659730aa0d6bf90b3158966ff54fde8a5ba5ebbe4062,2e63871d8908b992a3ec113942dff8d3f933de2d13418750b237634fca5a2038,2e63871d8908b992a3ec113942dff8d3f933de2d13418750b237634fca5a2038,GEHHRNGEHVTKYKKRKKRVKHGDR,0.228,seqfam80_2e63871d8908b992a3ec,GEHHRNGEHVTKYKKRKKRVKHGDR,true,true,2,E2F,GFHHRNGEHVTKYKKRKKRVKHGDR,80c2a704062a9ea7c052cdc31569c2b35dc0557ad3b37be3ff836ec92418b9bd,proposal-80c2a704062a9ea7c052,16.860000000000003,1,0.16,8.152,false,search_prefilter,3099.53,11.505126953125,0.12,0.18680231076568343,0.366,0.426,low,0.355,0.0,Non-Toxin,0.13799999999999998,true,true,true,0.5148262977600098,3.2720979650255018,1.135975923573789,13.676530035194757,0.8432571291923523,1.5575129985809326,0.5617147088050842,1.5814642906188965,12,true,true,1,false,not_started,0.951792,0.995056,0.669963,2,true,at_or_above_parent_run_top_quartile_per_independent_model,autoresearch_structure_cohort_challenger_shadow,0,0.285,172.4,vegfa,HemoPI2-Zenodo-14676712-rf-only-v27,0.19583832451978658,0.28251089202785207,False,False,no_conflict,False,apex;peptiverse
vegfa,4,masked_substitution,autoresearch-macrel-endpoint-rescue-v1,05df84a24c2f35f60c9fbbd5159cdd88ec73be251502bb9469f42cb89429913c,6628a43211f7b31ed2b6638559418b9bfc2e79353115be8b33d86d54b5005413,6628a43211f7b31ed2b6638559418b9bfc2e79353115be8b33d86d54b5005413,YDKRGHHHRGGGIKFDKKTRTKW,0.465,seqfam80_6628a43211f7b31ed2b6,YDKRGHHHRGGGIKFDKKTRTKW,true,true,11,G11F,YDKRGHHHRGFGIKFDKKTRTKW,9174b7857d76e3935636dfd36cf973649e855462c4042c49bbf5e291bd4ccb42,proposal-9174b7857d76e3935636,17.25217391304347,1,0.21739130434782608,6.111,false,search_prefilter,2899.29,11.163330078125,0.13043478260869565,0.16148208885566487,0.535,0.347,low,0.36,0.36,Non-Toxin,0.07,true,true,true,1.1930028200149536,15.595626295401424,0.9657334745360036,9.241308630213295,1.4364054203033447,1.25675368309021,0.7964686155319214,0.37324923276901245,12,true,true,2,true,not_started,0.978986,0.915946,0.819530,3,true,at_or_above_parent_run_top_quartile_per_independent_model,autoresearch_structure_cohort_challenger_shadow,0,0.29,146.838,vegfa,HemoPI2-Zenodo-14676712-rf-only-v27,0.20205241684529787,0.28251089202785207,False,False,no_conflict,False,apex;peptiverse
vegfa,4,masked_substitution,autoresearch-macrel-endpoint-rescue-v1,a39540eea02923aeeccee0457d0a91745f4d7752fa4f2c1ed10908690706b20c,6628a43211f7b31ed2b6638559418b9bfc2e79353115be8b33d86d54b5005413,6628a43211f7b31ed2b6638559418b9bfc2e79353115be8b33d86d54b5005413,YDKRGHHHRGGGIKFDKKTRTKW,0.465,seqfam80_6628a43211f7b31ed2b6,YDKRGHHHRGGGIKFDKKTRTKW,true,true,21,T21Y,YDKRGHHHRGGGIKFDKKTRYKW,1f779320f5b2e18db81dd166da1964ac490cf00b037d12341a0345160424a2e9,proposal-1f779320f5b2e18db81d,24.704347826086952,1,0.21739130434782608,6.109,false,search_prefilter,2871.23,10.89404296875,0.08695652173913043,0.14430332395079198,0.535,0.327,low,0.355,0.355,Non-Toxin,0.07,true,true,true,1.0496013164520264,11.209889108597421,1.1951436035822045,15.672692168433262,1.911940574645996,1.1539922952651978,0.606401801109314,1.108232021331787,12,true,true,1,false,not_started,0.939431,0.953028,0.819530,3,true,at_or_above_parent_run_top_quartile_per_independent_model,autoresearch_structure_cohort_challenger_shadow,0,0.29,160.195,vegfa,HemoPI2-Zenodo-14676712-rf-only-v27,0.20205241684529787,0.28251089202785207,False,False,no_conflict,False,apex;peptiverse
vegfa,4,masked_substitution,autoresearch-macrel-endpoint-rescue-v1,041c78ba83f44553fd7b9d07c17f6d585e0225c6c4408e476a92e88668202c16,2e63871d8908b992a3ec113942dff8d3f933de2d13418750b237634fca5a2038,2e63871d8908b992a3ec113942dff8d3f933de2d13418750b237634fca5a2038,GEHHRNGEHVTKYKKRKKRVKHGDR,0.228,seqfam80_2e63871d8908b992a3ec,GEHHRNGEHVTKYKKRKKRVKHGDR,true,true,18,K18W,GEHHRNGEHVTKYKKRKWRVKHGDR,eafd108590bc597b1094a35c91941b20b023226a9cec8bdd780ec37732befa3f,proposal-eafd108590bc597b1094,-2.2119999999999975,1,0.16,6.154,false,search_prefilter,3139.5,11.130859375,0.08,0.13801072190192887,0.267,0.416,low,0.36,0.0,Non-Toxin,0.03900000000000001,true,true,true,0.706226110458374,5.084240788504371,1.467869355999769,29.367660842476987,1.684908390045166,1.7881879806518555,0.7284241914749146,1.6699788570404053,12,true,true,1,false,not_started,0.808405,0.988875,0.533993,2,true,at_or_above_parent_run_top_quartile_per_independent_model,autoresearch_structure_cohort_challenger_shadow,0,0.29,148.551,vegfa,HemoPI2-Zenodo-14676712-rf-only-v27,0.20205241684529787,0.28251089202785207,False,False,no_conflict,False,apex;peptiverse
vegfa,4,masked_substitution,autoresearch-macrel-endpoint-rescue-v1,19fe6496695bb77d1a7bcdb83248359060b47bdb7d6bd61864e84fb5f02ced14,997957d2243bf9be816a825e67a4ee2a7b96b325417cd53252f2294d5cf0ea19,997957d2243bf9be816a825e67a4ee2a7b96b325417cd53252f2294d5cf0ea19,GQKDHFWRHLDHKVNKRGKKS,0.218,seqfam80_997957d2243bf9be816a,GQKDHFWRHLDHKVNKRGKKS,true,true,16,K16I,GQKDHFWRHLDHKVNIRGKKS,be1ef3939e69b640f6c51aba2fbb49b032ccd1a2da6b60a4c27c09a4697b10df,proposal-be1ef3939e69b640f6c5,33.82857142857143,2,0.23809523809523808,4.113,false,search_prefilter,2586.92,11.06494140625,0.19047619047619047,0.1562794427089335,0.267,0.416,low,0.34,0.0,Non-Toxin,0.049000000000000016,true,true,true,1.3020647764205933,20.047710231208512,1.14644810933645,14.01032175876139,1.2878777980804443,1.537607192993164,1.0258679389953613,0.7343990802764893,12,true,true,0,false,not_started,0.948084,0.872682,0.533993,2,true,at_or_above_parent_run_top_quartile_per_independent_model,autoresearch_structure_cohort_challenger_shadow,0,0.29,127.832,vegfa,HemoPI2-Zenodo-14676712-rf-only-v27,0.20205241684529787,0.28251089202785207,False,False,no_conflict,False,apex;peptiverse
vegfa,4,masked_substitution,autoresearch-macrel-endpoint-rescue-v1,cde5a6c036eefc2d7f39a20d5e5bd91fc875062d4b6cd3549987921b3e972fa0,8698e122d4ccd9db5814a9d365c58c9925f580bd273cc15e45b577ebe16710d8,8698e122d4ccd9db5814a9d365c58c9925f580bd273cc15e45b577ebe16710d8,EDKKIVKKHRHTAGLKSKIKS,0.451,seqfam80_8698e122d4ccd9db5814,EDKKIVKKHRHTAGLKSKIKS,true,true,9,H9F,EDKKIVKKFRHTAGLKSKIKS,ffc94c8f90e9ece558f01b930088d9390a44e736d352deab4db2a1223dec8b50,proposal-ffc94c8f90e9ece558f0,-1.3523809523809514,2,0.2857142857142857,6.028,false,search_prefilter,2441.92,11.049560546875,0.2857142857142857,0.27074475570650136,0.505,0.475,low,0.565,0.065,Non-Toxin,0.05399999999999999,true,true,true,1.7319676876068115,53.94704833202134,1.1615584238180838,14.506359091538236,1.4822767972946167,1.0599210262298584,1.5478119850158691,0.5561577081680298,12,true,true,1,false,not_started,0.945612,0.365884,0.752781,2,true,at_or_above_parent_run_top_quartile_per_independent_model,autoresearch_structure_cohort_challenger_shadow,0,0.295,181.98,vegfa,HemoPI2-Zenodo-14676712-rf-only-v27,0.20834730488809883,0.28251089202785207,False,False,no_conflict,False,apex;peptiverse
vegfa,4,masked_substitution,autoresearch-macrel-endpoint-rescue-v1,0d2b7df864e4a9a2041e0cca053f42db381acd9250fa990e3765fa417607f299,997957d2243bf9be816a825e67a4ee2a7b96b325417cd53252f2294d5cf0ea19,997957d2243bf9be816a825e67a4ee2a7b96b325417cd53252f2294d5cf0ea19,GQKDHFWRHLDHKVNKRGKKS,0.218,seqfam80_997957d2243bf9be816a,GQKDHFWRHLDHKVNKRGKKS,true,true,1,G1F,FQKDHFWRHLDHKVNKRGKKS,4a94825bd6db62f481b8183603fe427c30676ed65741a1eea104c4cca418d578,proposal-4a94825bd6db62f481b8,39.70476190476191,2,0.23809523809523808,5.113,false,search_prefilter,2692.06,11.1728515625,0.19047619047619047,0.2592921226788488,0.327,0.455,low,0.355,0.355,Non-Toxin,0.10900000000000001,true,true,true,1.3061600923538208,20.23765054153207,1.0992970534135158,12.56889370466207,1.2701096534729004,1.5433464050292969,0.8117163181304932,0.7719854712486267,12,true,true,0,false,not_started,0.961681,0.867738,0.646477,2,true,at_or_above_parent_run_top_quartile_per_independent_model,autoresearch_structure_cohort_challenger_shadow,0,0.295,143.605,vegfa,HemoPI2-Zenodo-14676712-rf-only-v27,0.20834730488809883,0.28251089202785207,False,False,no_conflict,False,apex;peptiverse
vegfa,4,masked_substitution,autoresearch-macrel-endpoint-rescue-v1,e873c2829550de485784ab700ffe352b746729c3ebb2bf11bcfc23ee53ee28f8,2e63871d8908b992a3ec113942dff8d3f933de2d13418750b237634fca5a2038,2e63871d8908b992a3ec113942dff8d3f933de2d13418750b237634fca5a2038,GEHHRNGEHVTKYKKRKKRVKHGDR,0.228,seqfam80_2e63871d8908b992a3ec,GEHHRNGEHVTKYKKRKKRVKHGDR,true,true,15,K15F,GEHHRNGEHVTKYKFRKKRVKHGDR,2becfe5350104abe8869cdaaeee1c8e75f7e396c3b9c804e29567a9cee89ee7a,proposal-2becfe5350104abe8869,-2.2119999999999975,1,0.16,6.154,false,search_prefilter,3100.47,11.130859375,0.12,0.03715445992488668,0.267,0.416,low,0.43,0.0,Non-Toxin,0.03900000000000001,true,true,true,0.9068664312362671,8.069868005088694,1.2531323313160896,17.91151542141214,0.8125293850898743,1.5629558563232422,0.7854858636856079,1.8516161441802979,12,true,true,1,false,not_started,0.913473,0.978986,0.533993,2,true,at_or_above_parent_run_top_quartile_per_independent_model,autoresearch_structure_cohort_challenger_shadow,0,0.295,160.6,vegfa,HemoPI2-Zenodo-14676712-rf-only-v27,0.20834730488809883,0.28251089202785207,False,False,no_conflict,False,apex;peptiverse
vegfa,4,masked_substitution,autoresearch-macrel-endpoint-rescue-v1,fa3f8d54b71dab920aeaaf2ad910617f92ea87bd9610f374359fd9b91de5f6e6,6628a43211f7b31ed2b6638559418b9bfc2e79353115be8b33d86d54b5005413,6628a43211f7b31ed2b6638559418b9bfc2e79353115be8b33d86d54b5005413,YDKRGHHHRGGGIKFDKKTRTKW,0.465,seqfam80_6628a43211f7b31ed2b6,YDKRGHHHRGGGIKFDKKTRTKW,true,true,12,G12W,YDKRGHHHRGGWIKFDKKTRTKW,6d00ee19259805eb52085a3d43e988b9555a152f72427e53fac2ad51afeeccf0,proposal-6d00ee19259805eb5208,31.673913043478258,2,0.21739130434782608,6.111,false,search_prefilter,2938.32,11.163330078125,0.08695652173913043,0.17154659993821397,0.545,0.317,low,0.38,0.38,Non-Toxin,0.08000000000000002,true,true,true,1.100111484527588,12.592486227176053,0.9162896289815367,8.246879122188133,1.4500383138656616,1.0823684930801392,0.6471482515335083,0.4855623245239258,12,true,true,2,true,not_started,0.981459,0.948084,0.845488,3,true,at_or_above_parent_run_top_quartile_per_independent_model,autoresearch_structure_cohort_challenger_shadow,0,0.3,169.563,vegfa,HemoPI2-Zenodo-14676712-rf-only-v27,0.2147216673120842,0.28251089202785207,False,False,no_conflict,False,apex;peptiverse
vegfa,4,masked_substitution,autoresearch-macrel-endpoint-rescue-v1,3a2e821be090ddd66629cfe44f67e39a615b92a0d1fd99437a834e75c5d9d5df,2e63871d8908b992a3ec113942dff8d3f933de2d13418750b237634fca5a2038,2e63871d8908b992a3ec113942dff8d3f933de2d13418750b237634fca5a2038,GEHHRNGEHVTKYKKRKKRVKHGDR,0.228,seqfam80_2e63871d8908b992a3ec,GEHHRNGEHVTKYKKRKKRVKHGDR,true,true,1,G1F,FEHHRNGEHVTKYKKRKKRVKHGDR,d9a2941c005778b1aaa3b46cb610a029d03543f084f0461c67c8d78784ff23c6,proposal-d9a2941c005778b1aaa3,13.844000000000003,1,0.16,7.153,false,search_prefilter,3171.59,11.202392578125,0.12,0.1053518063117407,0.386,0.485,low,0.31,0.0,Non-Toxin,0.158,true,true,true,0.43723413348197937,2.7367437407896396,1.4424980520756652,27.701166144383695,1.2588284015655518,1.8273948431015015,0.7761621475219727,1.907653570175171,12,true,true,1,false,not_started,0.824475,0.996292,0.686032,2,true,at_or_above_parent_run_top_quartile_per_independent_model,autoresearch_structure_cohort_challenger_shadow,0,0.3,166.314,vegfa,HemoPI2-Zenodo-14676712-rf-only-v27,0.2147216673120842,0.28251089202785207,False,False,no_conflict,False,apex;peptiverse
vegfa,4,masked_substitution,autoresearch-macrel-endpoint-rescue-v1,2eb08147d5ec06dd07b38b6fba3d9160aad3c73e3208b1fad9c8fa603329aa4b,2e63871d8908b992a3ec113942dff8d3f933de2d13418750b237634fca5a2038,2e63871d8908b992a3ec113942dff8d3f933de2d13418750b237634fca5a2038,GEHHRNGEHVTKYKKRKKRVKHGDR,0.228,seqfam80_2e63871d8908b992a3ec,GEHHRNGEHVTKYKKRKKRVKHGDR,true,true,19,R19I,GEHHRNGEHVTKYKKRKKIVKHGDR,249798298e0d4e715a1f62468562844b7a112d2f7cce6a21de3124de08b7a617,proposal-249798298e0d4e715a1f,-9.003999999999996,2,0.16,6.153,false,search_prefilter,3038.44,10.954345703125,0.12,0.06842568373234975,0.287,0.416,low,0.33,0.0,Non-Toxin,0.05899999999999997,true,true,true,0.8699884414672852,7.412905119582449,1.3337050890441895,21.56279673852272,1.1877739429473877,1.7882601022720337,0.7234445810317993,1.6353732347488403,12,true,true,1,false,not_started,0.885043,0.983931,0.578492,2,true,at_or_above_parent_run_top_quartile_per_independent_model,autoresearch_structure_cohort_challenger_shadow,0,0.3,170.447,vegfa,HemoPI2-Zenodo-14676712-rf-only-v27,0.2147216673120842,0.28251089202785207,False,False,no_conflict,False,apex;peptiverse
vegfa,4,masked_substitution,autoresearch-macrel-endpoint-rescue-v1,7be5f1701fe524f6305377e498d54df78b7e0c8b54c8f7980380bb2fc0a93696,997957d2243bf9be816a825e67a4ee2a7b96b325417cd53252f2294d5cf0ea19,997957d2243bf9be816a825e67a4ee2a7b96b325417cd53252f2294d5cf0ea19,GQKDHFWRHLDHKVNKRGKKS,0.218,seqfam80_997957d2243bf9be816a,GQKDHFWRHLDHKVNKRGKKS,true,true,19,K19A,GQKDHFWRHLDHKVNKRGAKS,141285d713e447d7092b3750427bb5a5df5d8613d6a3ccdc46448fd9db555a1e,proposal-141285d713e447d7092b,39.70476190476191,2,0.23809523809523808,4.113,false,search_prefilter,2544.84,11.06494140625,0.19047619047619047,0.22067796148539173,0.257,0.376,low,0.345,0.345,Non-Toxin,0.03900000000000001,true,true,true,1.4286125898361206,26.829500660321514,1.165825686213168,14.649597286424646,1.2903070449829102,1.6336677074432373,0.96724534034729,0.7720450162887573,12,true,true,0,false,not_started,0.943140,0.766378,0.515451,2,true,at_or_above_parent_run_top_quartile_per_independent_model,autoresearch_structure_cohort_challenger_shadow,0,0.3,162.049,vegfa,HemoPI2-Zenodo-14676712-rf-only-v27,0.2147216673120842,0.28251089202785207,False,False,no_conflict,False,apex;peptiverse
vegfa,4,masked_substitution,autoresearch-macrel-endpoint-rescue-v1,e44c66ecc6cd65f1c75b131601e4b21e2d798239cb5757ff5293f26d0e2beedb,997957d2243bf9be816a825e67a4ee2a7b96b325417cd53252f2294d5cf0ea19,997957d2243bf9be816a825e67a4ee2a7b96b325417cd53252f2294d5cf0ea19,GQKDHFWRHLDHKVNKRGKKS,0.218,seqfam80_997957d2243bf9be816a,GQKDHFWRHLDHKVNKRGKKS,true,true,19,K19I,GQKDHFWRHLDHKVNKRGIKS,2dce9cbc83248ef1579b1c3e58a895168e28a6e91f0d8c96028c71b211abad48,proposal-2dce9cbc83248ef1579b,35.661904761904765,2,0.23809523809523808,4.113,false,search_prefilter,2586.92,11.06494140625,0.19047619047619047,0.20549612801909686,0.257,0.426,low,0.36,0.36,Non-Toxin,0.03900000000000001,true,true,true,1.30940842628479,20.38958687052401,1.0716309599582017,11.793180888115183,1.2502578496932983,1.5353699922561646,0.914781928062439,0.5860676765441895,12,true,true,0,false,not_started,0.966625,0.864030,0.515451,2,true,at_or_above_parent_run_top_quartile_per_independent_model,autoresearch_structure_cohort_challenger_shadow,0,0.3,146.734,vegfa,HemoPI2-Zenodo-14676712-rf-only-v27,0.2147216673120842,0.28251089202785207,False,False,no_conflict,False,apex;peptiverse
vegfa,4,masked_substitution,autoresearch-macrel-endpoint-rescue-v1,b9d7b9f3da9f1478f931e03e4452e19ba5609628500231eb7aee340efce0d22a,6628a43211f7b31ed2b6638559418b9bfc2e79353115be8b33d86d54b5005413,6628a43211f7b31ed2b6638559418b9bfc2e79353115be8b33d86d54b5005413,YDKRGHHHRGGGIKFDKKTRTKW,0.465,seqfam80_6628a43211f7b31ed2b6,YDKRGHHHRGGGIKFDKKTRTKW,true,true,12,G12F,YDKRGHHHRGGFIKFDKKTRTKW,c7d03d27ec87de7129a32eff304efb91231c2893c408b0a91b5ee94798523f7f,proposal-c7d03d27ec87de7129a3,26.308695652173906,2,0.21739130434782608,6.111,false,search_prefilter,2899.29,11.163330078125,0.13043478260869565,0.18823159960891206,0.525,0.337,low,0.355,0.355,Non-Toxin,0.06,true,true,true,1.309291958808899,20.384119600221492,0.9952283835015809,9.890730842031545,1.4893876314163208,1.1718186140060425,0.7170782089233398,0.6025913953781128,12,true,true,2,true,not_started,0.977750,0.864030,0.800989,3,true,at_or_above_parent_run_top_quartile_per_independent_model,autoresearch_structure_cohort_challenger_shadow,0,0.305,164.064,vegfa,HemoPI2-Zenodo-14676712-rf-only-v27,0.22117413373990175,0.28251089202785207,False,False,no_conflict,False,apex;peptiverse
vegfa,4,masked_substitution,autoresearch-macrel-endpoint-rescue-v1,21a10803bead60b949b25710905911604fe28aae68cb4fd68e8103828fdb8d9b,2e63871d8908b992a3ec113942dff8d3f933de2d13418750b237634fca5a2038,2e63871d8908b992a3ec113942dff8d3f933de2d13418750b237634fca5a2038,GEHHRNGEHVTKYKKRKKRVKHGDR,0.228,seqfam80_2e63871d8908b992a3ec,GEHHRNGEHVTKYKKRKKRVKHGDR,true,true,16,R16F,GEHHRNGEHVTKYKKFKKRVKHGDR,297b6f19c808c3ed20a6e11f32d8d655909c7b5fe9b451e6785ab16e6767c6e0,proposal-297b6f19c808c3ed20a6,-8.223999999999998,1,0.16,6.153,false,search_prefilter,3072.46,10.954345703125,0.12,0.18990128807774506,0.307,0.485,low,0.42,0.0,Non-Toxin,0.07899999999999999,true,true,true,0.8090081214904785,6.441813118655028,1.055044624071303,11.351274448441522,0.6734933853149414,1.6018240451812744,0.7106195092201233,1.2342605590820312,12,true,true,1,false,not_started,0.967862,0.987639,0.614339,2,true,at_or_above_parent_run_top_quartile_per_independent_model,autoresearch_structure_cohort_challenger_shadow,0,0.305,158.751,vegfa,HemoPI2-Zenodo-14676712-rf-only-v27,0.22117413373990175,0.28251089202785207,False,False,no_conflict,False,apex;peptiverse
vegfa,4,masked_substitution,autoresearch-macrel-endpoint-rescue-v1,0341ed38a417937bb3a59b18e57e36168ca2a7d61fb8624031ca3e53de3b4d28,997957d2243bf9be816a825e67a4ee2a7b96b325417cd53252f2294d5cf0ea19,997957d2243bf9be816a825e67a4ee2a7b96b325417cd53252f2294d5cf0ea19,GQKDHFWRHLDHKVNKRGKKS,0.218,seqfam80_997957d2243bf9be816a,GQKDHFWRHLDHKVNKRGKKS,true,true,16,K16F,GQKDHFWRHLDHKVNFRGKKS,3504b6a8f55e323c82ff920c4960349df4bfedbfce5c0a71448e4d6e9b2ba559,proposal-3504b6a8f55e323c82ff,5.747619047619045,2,0.23809523809523808,4.113,false,search_prefilter,2620.93,11.06494140625,0.19047619047619047,0.16446028377685518,0.267,0.495,low,0.33,0.33,Non-Toxin,0.049000000000000016,true,true,true,1.3456732034683228,22.165279062446682,1.113191101842125,12.977501921137936,1.2750215530395508,1.539115071296692,0.9608150720596313,0.6777706742286682,12,true,true,0,false,not_started,0.957973,0.843016,0.533993,2,true,at_or_above_parent_run_top_quartile_per_independent_model,autoresearch_structure_cohort_challenger_shadow,0,0.305,115.55,vegfa,HemoPI2-Zenodo-14676712-rf-only-v27,0.22117413373990175,0.28251089202785207,False,False,no_conflict,False,apex;peptiverse
vegfa,4,masked_substitution,autoresearch-macrel-endpoint-rescue-v1,1e326bc0169660e94812684e523e68dcd14c4d8601abf8ac47348acb642b0d98,997957d2243bf9be816a825e67a4ee2a7b96b325417cd53252f2294d5cf0ea19,997957d2243bf9be816a825e67a4ee2a7b96b325417cd53252f2294d5cf0ea19,GQKDHFWRHLDHKVNKRGKKS,0.218,seqfam80_997957d2243bf9be816a,GQKDHFWRHLDHKVNKRGKKS,true,true,19,K19L,GQKDHFWRHLDHKVNKRGLKS,88a694b815066a5e3da22d7597eaf051183703c93e03a73678ddab14700cc541,proposal-88a694b815066a5e3da2,39.70476190476191,2,0.23809523809523808,4.113,false,search_prefilter,2586.92,11.06494140625,0.19047619047619047,0.21069083885641998,0.257,0.426,low,0.365,0.365,Non-Toxin,0.03900000000000001,true,true,true,1.321290135383606,20.95511918980864,1.178197189798246,15.072912908586108,1.2690198421478271,1.592908263206482,1.0592620372772217,0.7915605902671814,12,true,true,0,false,not_started,0.940667,0.862794,0.515451,2,true,at_or_above_parent_run_top_quartile_per_independent_model,autoresearch_structure_cohort_challenger_shadow,0,0.305,152.82,vegfa,HemoPI2-Zenodo-14676712-rf-only-v27,0.22117413373990175,0.28251089202785207,False,False,no_conflict,False,apex;peptiverse
vegfa,4,masked_substitution,autoresearch-macrel-endpoint-rescue-v1,cc82ce50fb6b3362a57b1c40489f1a2845ee0906591728231c1e83fac0f10a8b,997957d2243bf9be816a825e67a4ee2a7b96b325417cd53252f2294d5cf0ea19,997957d2243bf9be816a825e67a4ee2a7b96b325417cd53252f2294d5cf0ea19,GQKDHFWRHLDHKVNKRGKKS,0.218,seqfam80_997957d2243bf9be816a,GQKDHFWRHLDHKVNKRGKKS,true,true,1,G1Y,YQKDHFWRHLDHKVNKRGKKS,142bd0852c5f7afc35642c36bef28c2bef082a4348f36f41464ed3f93df97a15,proposal-142bd0852c5f7afc3564,39.70476190476191,2,0.23809523809523808,5.111,false,search_prefilter,2708.06,10.869873046875,0.14285714285714285,0.29097109287639783,0.287,0.376,low,0.38,0.38,Non-Toxin,0.06899999999999998,true,true,true,1.3094944953918457,20.393628108705588,1.379374585860516,23.95380919593812,1.277297019958496,1.8291856050491333,1.1557857990264893,1.25521719455719,12,true,true,0,false,not_started,0.860321,0.864030,0.578492,2,true,at_or_above_parent_run_top_quartile_per_independent_model,autoresearch_structure_cohort_challenger_shadow,0,0.305,124.101,vegfa,HemoPI2-Zenodo-14676712-rf-only-v27,0.22117413373990175,0.28251089202785207,False,False,no_conflict,False,apex;peptiverse
vegfa,4,masked_substitution,autoresearch-macrel-endpoint-rescue-v1,c15095249c5cd9cb4f88b6c2c08e2f0b10d5b935d87f6d882540d164377a6f86,2e63871d8908b992a3ec113942dff8d3f933de2d13418750b237634fca5a2038,2e63871d8908b992a3ec113942dff8d3f933de2d13418750b237634fca5a2038,GEHHRNGEHVTKYKKRKKRVKHGDR,0.228,seqfam80_2e63871d8908b992a3ec,GEHHRNGEHVTKYKKRKKRVKHGDR,true,true,18,K18I,GEHHRNGEHVTKYKKRKIRVKHGDR,7f60a6d3a7f9c7792f473e90cb50095e17772895a43e875902ed23cb51119a14,proposal-7f60a6d3a7f9c7792f47,-5.607999999999997,1,0.16,6.154,false,search_prefilter,3066.45,11.130859375,0.12,0.149318320418542,0.277,0.396,low,0.325,0.0,Non-Toxin,0.049000000000000016,true,true,true,0.6487014293670654,4.4534997202077475,1.384008124828584,24.210743400355888,1.0325173139572144,1.8685612678527832,0.7227537631988525,1.9122536182403564,12,true,true,1,false,not_started,0.859085,0.990111,0.548826,2,true,at_or_above_parent_run_top_quartile_per_independent_model,autoresearch_structure_cohort_challenger_shadow,0,0.31,156.686,vegfa,HemoPI2-Zenodo-14676712-rf-only-v27,0.2277032848517308,0.28251089202785207,False,False,no_conflict,False,apex;peptiverse
vegfa,4,masked_substitution,autoresearch-macrel-endpoint-rescue-v1,21d20ea8dbd926add27fc1b196535ab941ad7b96e25d25ba8594ccac874955ee,2e63871d8908b992a3ec113942dff8d3f933de2d13418750b237634fca5a2038,2e63871d8908b992a3ec113942dff8d3f933de2d13418750b237634fca5a2038,GEHHRNGEHVTKYKKRKKRVKHGDR,0.228,seqfam80_2e63871d8908b992a3ec,GEHHRNGEHVTKYKKRKKRVKHGDR,true,true,16,R16L,GEHHRNGEHVTKYKKLKKRVKHGDR,d86a2bbbc8b6165a24a99e1fe80b65289e0cd8475b7031a3e4f0ee435d330fee,proposal-d86a2bbbc8b6165a24a9,-9.004,1,0.16,6.153,false,search_prefilter,3038.44,10.954345703125,0.12,0.1870093699303258,0.297,0.475,low,0.345,0.0,Non-Toxin,0.06899999999999998,true,true,true,0.6588385105133057,4.558673732101257,1.3303050456748402,21.394643079539016,1.1790940761566162,2.0129194259643555,0.7203797101974487,1.4088385105133057,12,true,true,1,false,not_started,0.886279,0.988875,0.597033,2,true,at_or_above_parent_run_top_quartile_per_independent_model,autoresearch_structure_cohort_challenger_shadow,0,0.315,159.048,vegfa,HemoPI2-Zenodo-14676712-rf-only-v27,0.23430765256616987,0.28251089202785207,False,False,no_conflict,False,apex;peptiverse
vegfa,4,masked_substitution,autoresearch-macrel-endpoint-rescue-v1,93773600d5fc514d6544898e6d9c946ca85e300f72c36911e8e9990edc8df566,997957d2243bf9be816a825e67a4ee2a7b96b325417cd53252f2294d5cf0ea19,997957d2243bf9be816a825e67a4ee2a7b96b325417cd53252f2294d5cf0ea19,GQKDHFWRHLDHKVNKRGKKS,0.218,seqfam80_997957d2243bf9be816a,GQKDHFWRHLDHKVNKRGKKS,true,true,19,K19Y,GQKDHFWRHLDHKVNKRGYKS,28e1273ca0db31bf9b560f32df4a3c80e496cc74681366994513a902a4f3d7ce,proposal-28e1273ca0db31bf9b56,39.70476190476191,2,0.23809523809523808,4.111,false,search_prefilter,2636.93,10.734375,0.14285714285714285,0.22938085535100117,0.248,0.426,low,0.28,0.28,Non-Toxin,0.03,true,true,true,1.346538782119751,22.20950003500611,1.1943318877060782,15.643426561326962,1.2360410690307617,1.5599629878997803,1.0932859182357788,0.8880066871643066,12,true,true,0,false,not_started,0.939431,0.843016,0.487021,2,true,at_or_above_parent_run_top_quartile_per_independent_model,autoresearch_structure_cohort_challenger_shadow,0,0.315,156.548,vegfa,HemoPI2-Zenodo-14676712-rf-only-v27,0.23430765256616987,0.28251089202785207,False,False,no_conflict,False,apex;peptiverse
vegfa,4,masked_substitution,autoresearch-macrel-endpoint-rescue-v1,65ef0882ccc9c582447026a008e0b37189c19d26a309402c67b2d448c801c946,997957d2243bf9be816a825e67a4ee2a7b96b325417cd53252f2294d5cf0ea19,997957d2243bf9be816a825e67a4ee2a7b96b325417cd53252f2294d5cf0ea19,GQKDHFWRHLDHKVNKRGKKS,0.218,seqfam80_997957d2243bf9be816a,GQKDHFWRHLDHKVNKRGKKS,true,true,16,K16Y,GQKDHFWRHLDHKVNYRGKKS,0d7ace0ac45f1f6633316e48b9c1da37be61b2bdf5cb13e063bc6905704f2b19,proposal-0d7ace0ac45f1f663331,4.852380952380951,2,0.23809523809523808,4.111,false,search_prefilter,2636.93,10.734375,0.14285714285714285,0.20447382308631276,0.257,0.485,low,0.325,0.325,Non-Toxin,0.03900000000000001,true,true,true,1.2912014722824097,19.552462980031752,1.1602008975572944,14.461085623271705,1.2761650085449219,1.5126971006393433,1.0017874240875244,0.850123405456543,12,true,true,0,false,not_started,0.945612,0.877627,0.515451,2,true,at_or_above_parent_run_top_quartile_per_independent_model,autoresearch_structure_cohort_challenger_shadow,0,0.315,125.252,vegfa,HemoPI2-Zenodo-14676712-rf-only-v27,0.23430765256616987,0.28251089202785207,False,False,no_conflict,False,apex;peptiverse
vegfa,4,masked_substitution,autoresearch-macrel-endpoint-rescue-v1,22f88defa98b5b9f23550e274b4cf076ddfccec60805cbc799fd162169938ff6,2e63871d8908b992a3ec113942dff8d3f933de2d13418750b237634fca5a2038,2e63871d8908b992a3ec113942dff8d3f933de2d13418750b237634fca5a2038,GEHHRNGEHVTKYKKRKKRVKHGDR,0.228,seqfam80_2e63871d8908b992a3ec,GEHHRNGEHVTKYKKRKKRVKHGDR,true,true,15,K15I,GEHHRNGEHVTKYKIRKKRVKHGDR,e5cb18560e19acde92dc835a4e06cfbe08e1eaac8db2cb7ec34c8b734a1982ee,proposal-e5cb18560e19acde92dc,-5.607999999999999,1,0.16,6.154,false,search_prefilter,3066.45,11.130859375,0.12,0.0338842132840124,0.267,0.406,low,0.325,0.0,Non-Toxin,0.03900000000000001,true,true,true,1.1740105152130127,14.928305538126587,1.4185479813895392,26.214886479330207,1.1479105949401855,1.793001413345337,0.7589976787567139,1.9743375778198242,12,true,true,0,false,not_started,0.844252,0.920890,0.533993,2,true,at_or_above_parent_run_top_quartile_per_independent_model,autoresearch_structure_cohort_challenger_shadow,0,0.32,158.64,vegfa,HemoPI2-Zenodo-14676712-rf-only-v27,0.24098572030325782,0.28251089202785207,False,False,no_conflict,False,apex;peptiverse
vegfa,4,masked_substitution,autoresearch-macrel-endpoint-rescue-v1,e89e8ade45a3909f0af948946e285945c6c5e7785aa9141c7ed66c66483cf226,997957d2243bf9be816a825e67a4ee2a7b96b325417cd53252f2294d5cf0ea19,997957d2243bf9be816a825e67a4ee2a7b96b325417cd53252f2294d5cf0ea19,GQKDHFWRHLDHKVNKRGKKS,0.218,seqfam80_997957d2243bf9be816a,GQKDHFWRHLDHKVNKRGKKS,true,true,20,K20Y,GQKDHFWRHLDHKVNKRGKYS,0c12321d7b697d9e22a94a81be9c5447b99202d582278f416e86bf9c3755d802,proposal-0c12321d7b697d9e22a9,39.70476190476191,2,0.23809523809523808,4.111,false,search_prefilter,2636.93,10.734375,0.14285714285714285,0.2475543967431959,0.248,0.426,low,0.32,0.32,Non-Toxin,0.03,true,true,true,1.3702083826065063,23.453538899979723,1.1653526011532283,14.633647896080346,1.2364051342010498,1.4596500396728516,1.0056560039520264,0.9596781730651855,12,true,true,0,false,not_started,0.943140,0.822002,0.487021,2,true,at_or_above_parent_run_top_quartile_per_independent_model,autoresearch_structure_cohort_challenger_shadow,0,0.325,148.105,vegfa,HemoPI2-Zenodo-14676712-rf-only-v27,0.24773592332956057,0.28251089202785207,False,False,no_conflict,False,apex;peptiverse
vegfa,4,masked_substitution,autoresearch-macrel-endpoint-rescue-v1,a6d2417fdbd7787b00c71add6f21afbf027c62337f3f24d1314e720a2327920b,997957d2243bf9be816a825e67a4ee2a7b96b325417cd53252f2294d5cf0ea19,997957d2243bf9be816a825e67a4ee2a7b96b325417cd53252f2294d5cf0ea19,GQKDHFWRHLDHKVNKRGKKS,0.218,seqfam80_997957d2243bf9be816a,GQKDHFWRHLDHKVNKRGKKS,true,true,16,K16W,GQKDHFWRHLDHKVNWRGKKS,aaca6d152abab1d7822f773ac5fcd827b41da63086b6351c2e21252161f5192a,proposal-aaca6d152abab1d7822f,7.966666666666665,2,0.23809523809523808,4.113,false,search_prefilter,2659.97,11.06494140625,0.14285714285714285,0.18079159013686757,0.257,0.495,low,0.38,0.38,Non-Toxin,0.03900000000000001,true,true,true,1.398587942123413,25.037325884388604,0.993585048203589,9.853375832856441,1.1517086029052734,1.4696675539016724,0.8797736167907715,0.473140686750412,12,true,true,1,false,not_started,0.977750,0.797281,0.515451,2,true,at_or_above_parent_run_top_quartile_per_independent_model,autoresearch_structure_cohort_challenger_shadow,0,0.325,150.107,vegfa,HemoPI2-Zenodo-14676712-rf-only-v27,0.24773592332956057,0.28251089202785207,False,False,no_conflict,False,apex;peptiverse
vegfa,4,masked_substitution,autoresearch-macrel-endpoint-rescue-v1,bbbff004550c36cd5b8adb1d63b87527ab2d1e4d71e94dfedcf14c28fdc704c5,2e63871d8908b992a3ec113942dff8d3f933de2d13418750b237634fca5a2038,2e63871d8908b992a3ec113942dff8d3f933de2d13418750b237634fca5a2038,GEHHRNGEHVTKYKKRKKRVKHGDR,0.228,seqfam80_2e63871d8908b992a3ec,GEHHRNGEHVTKYKKRKKRVKHGDR,true,true,16,R16I,GEHHRNGEHVTKYKKIKKRVKHGDR,5cff73f09ed23b6608b327bf06e3e9801af8d34518a53cb4fb12482b24fd1be8,proposal-5cff73f09ed23b6608b3,-9.004,1,0.16,6.153,false,search_prefilter,3038.44,10.954345703125,0.12,0.19580216739680203,0.297,0.485,low,0.325,0.0,Non-Toxin,0.06899999999999998,true,true,true,0.7703765630722046,5.893544445629843,1.1739256199231558,14.925387658629178,0.918269693851471,1.7525038719177246,0.7090116143226624,1.3159335851669312,12,true,true,1,false,not_started,0.941904,0.987639,0.597033,2,true,at_or_above_parent_run_top_quartile_per_independent_model,autoresearch_structure_cohort_challenger_shadow,0,0.33,157.184,vegfa,HemoPI2-Zenodo-14676712-rf-only-v27,0.2545566491851605,0.28251089202785207,False,False,no_conflict,False,apex;peptiverse
vegfa,4,masked_substitution,autoresearch-macrel-endpoint-rescue-v1,e6ab34dfc61667e81e96409a4246c0a3866a04d5092737c6a049b1509bb03e6e,997957d2243bf9be816a825e67a4ee2a7b96b325417cd53252f2294d5cf0ea19,997957d2243bf9be816a825e67a4ee2a7b96b325417cd53252f2294d5cf0ea19,GQKDHFWRHLDHKVNKRGKKS,0.218,seqfam80_997957d2243bf9be816a,GQKDHFWRHLDHKVNKRGKKS,true,true,19,K19V,GQKDHFWRHLDHKVNKRGVKS,e13f4758b9f9188a944bbba749e83edaf50cf274cc3ea052d41f4a819e01568e,proposal-e13f4758b9f9188a944b,42.37619047619048,2,0.23809523809523808,4.113,false,search_prefilter,2572.89,11.06494140625,0.19047619047619047,0.21069083885641998,0.248,0.376,low,0.325,0.325,Non-Toxin,0.03,true,true,true,1.409284234046936,25.661629716311477,1.1580949304219514,14.39113112956932,1.2742096185684204,1.6081411838531494,1.0300531387329102,0.7199332118034363,12,true,true,0,false,not_started,0.946848,0.782447,0.487021,2,true,at_or_above_parent_run_top_quartile_per_independent_model,autoresearch_structure_cohort_challenger_shadow,0,0.34,151.552,vegfa,HemoPI2-Zenodo-14676712-rf-only-v27,0.26840298404508983,0.28251089202785207,False,False,no_conflict,False,apex;peptiverse
