branch_key,generation,action_type,operator_id,action_sha256,parent_candidate_id,parent_sequence_sha256,parent_sequence,rescue_endpoint,rescue_metric,parent_rescue_metric_value,family_key_80_80,family_representative_sequence,new_family_relative_to_all_references,diversity_qualified,edit_position_1based,edit,sequence,sequence_sha256,candidate_id,guruprasad_instability_index,maximum_hydrophobic_run,hydrophobic_fraction,net_charge_ph7_4,historical_exact_replay,score_all_status,molecular_weight_da,isoelectric_point,hydrophobic_ratio_modlamp,hydrophobic_moment_eisenberg,macrel_amp_probability,macrel_hemolysis_probability,macrel_hemolysis_label,toxinpred3_ml_score,toxinpred3_hybrid_score,toxinpred3_label,rescue_metric_improvement,safety_hard_gate_pass,rescue_gain_positive,full_score_shortlist
vegfa,13,masked_substitution,autoresearch-macrel-endpoint-rescue-v1,849a975da1fe37e63d206690f2263733b279339c41490a8293492dab9be1f0fd,d17030b2ad8d1f99cf3b77f86b46e25aa7d7b4410a48647dd412cbad29a9631c,d17030b2ad8d1f99cf3b77f86b46e25aa7d7b4410a48647dd412cbad29a9631c,KKKDKAISKKKLWKSRKKLAKASKD,macrel,macrel_amp_probability,0.416,seqfam80_373a9a40221f768f7139,TKKDKSRSKKKLWKSRKKLAKASKD,true,true,3,K3F,KKFDKAISKKKLWKSRKKLAKASKD,2c4852d66fb2078c88a1cbc2bdc5a009516dc54f2aa05962837133a3da24fc27,activity-rescue-2c4852d66fb2078c88a1,21.524,2,0.32,9.984,false,search_prefilter,2961.6,11.29150390625,0.28,0.09894165009898147,0.505,0.366,low,0.645,0.145,Non-Toxin,0.08900000000000002,true,true,true
vegfa,13,masked_substitution,autoresearch-macrel-endpoint-rescue-v1,1689a6459bc7276ea79b67f7f80353efaa1a9cbcbedbc94cf7a9fff6c2a344eb,d17030b2ad8d1f99cf3b77f86b46e25aa7d7b4410a48647dd412cbad29a9631c,d17030b2ad8d1f99cf3b77f86b46e25aa7d7b4410a48647dd412cbad29a9631c,KKKDKAISKKKLWKSRKKLAKASKD,macrel,macrel_amp_probability,0.416,seqfam80_373a9a40221f768f7139,TKKDKSRSKKKLWKSRKKLAKASKD,true,true,15,S15Y,KKKDKAISKKKLWKYRKKLAKASKD,397200d4b1e8db464179a073c36f6cded682ac2e65c0b8856339a20569d27c92,activity-rescue-397200d4b1e8db464179,2.1199999999999997,2,0.32,10.982,false,search_prefilter,3018.7,11.14697265625,0.24,0.19470930653374477,0.495,0.416,low,0.605,0.105,Non-Toxin,0.07900000000000001,true,true,true
vegfa,13,masked_substitution,autoresearch-macrel-endpoint-rescue-v1,eba6feff956757e12111840ed413d722c2d47ebcca8d0589b0f7eebd95ee3352,a8fbf2724bdcbca59253a1d873fbdc2e5c2257c7dec026f12b1729a9ae0000bf,a8fbf2724bdcbca59253a1d873fbdc2e5c2257c7dec026f12b1729a9ae0000bf,KKKDKSLSKKKLWKARKKLAKASKD,macrel,macrel_amp_probability,0.416,seqfam80_373a9a40221f768f7139,TKKDKSRSKKKLWKSRKKLAKASKD,true,true,2,K2F,KFKDKSLSKKKLWKARKKLAKASKD,f03fdbef7753334ff3c93fe9bd1c88c57f1c89d58878e9064bc6dd9ad839b51b,activity-rescue-f03fdbef7753334ff3c9,2.8720000000000008,2,0.32,9.984,false,search_prefilter,2961.6,11.29150390625,0.28,0.21943039499575895,0.485,0.416,low,0.675,0.175,Non-Toxin,0.069,true,true,true
vegfa,13,masked_substitution,autoresearch-macrel-endpoint-rescue-v1,64b64e5a1c09085dc8b6f4e3940bd5fe6a1d5eb364c5e1b5988b1f421a268b2f,a8fbf2724bdcbca59253a1d873fbdc2e5c2257c7dec026f12b1729a9ae0000bf,a8fbf2724bdcbca59253a1d873fbdc2e5c2257c7dec026f12b1729a9ae0000bf,KKKDKSLSKKKLWKARKKLAKASKD,macrel,macrel_amp_probability,0.416,seqfam80_373a9a40221f768f7139,TKKDKSRSKKKLWKSRKKLAKASKD,true,true,3,K3F,KKFDKSLSKKKLWKARKKLAKASKD,e8d8b67798d45d76002b44abcdc2604bae24bf089683f1e1d7cb816c95f5747f,activity-rescue-e8d8b67798d45d76002b,13.82,2,0.32,9.984,false,search_prefilter,2961.6,11.29150390625,0.28,0.161322134625282,0.485,0.386,low,0.63,0.13,Non-Toxin,0.069,true,true,true
vegfa,13,masked_substitution,autoresearch-macrel-endpoint-rescue-v1,979e81718dd88ee6ebee23420aec88d38f8f6cf627ce4e0d89bdda6a313fb6f6,d17030b2ad8d1f99cf3b77f86b46e25aa7d7b4410a48647dd412cbad29a9631c,d17030b2ad8d1f99cf3b77f86b46e25aa7d7b4410a48647dd412cbad29a9631c,KKKDKAISKKKLWKSRKKLAKASKD,macrel,macrel_amp_probability,0.416,seqfam80_373a9a40221f768f7139,TKKDKSRSKKKLWKSRKKLAKASKD,true,true,16,R16F,KKKDKAISKKKLWKSFKKLAKASKD,0d8033d7f651d90bdf9ec0e1efe6ac258e6d9e41cfae2b14c03fa17875068f62,activity-rescue-0d8033d7f651d90bdf9e,2.872,2,0.32,9.984,false,search_prefilter,2933.59,11.150390625,0.28,0.27138445816184037,0.485,0.475,low,0.62,0.12,Non-Toxin,0.069,true,true,true
vegfa,13,masked_substitution,autoresearch-macrel-endpoint-rescue-v1,6e632187621d75b27a3d9e056307b6157e370f71a0de1636577c9e80bb763928,a8fbf2724bdcbca59253a1d873fbdc2e5c2257c7dec026f12b1729a9ae0000bf,a8fbf2724bdcbca59253a1d873fbdc2e5c2257c7dec026f12b1729a9ae0000bf,KKKDKSLSKKKLWKARKKLAKASKD,macrel,macrel_amp_probability,0.416,seqfam80_373a9a40221f768f7139,TKKDKSRSKKKLWKSRKKLAKASKD,true,true,6,S6F,KKKDKFLSKKKLWKARKKLAKASKD,6b94fcba9e7625b79fd398acb6d694991ab8a91d2a1e1a0e6f52c5ec7dc25b9f,activity-rescue-6b94fcba9e7625b79fd3,8.884,2,0.32,10.984,false,search_prefilter,3002.7,11.33447265625,0.28,0.19151563806992308,0.485,0.436,low,0.695,0.195,Non-Toxin,0.069,true,true,true
vegfa,13,masked_substitution,autoresearch-macrel-endpoint-rescue-v1,361461e344faaa7ef13f7f0d7cd512b21c4362c4db76295e8e92d72578a2979e,9ffc2377bdaa51cb1cc8496e86eb69c2cad11f2e0deda69930086144de06860f,9ffc2377bdaa51cb1cc8496e86eb69c2cad11f2e0deda69930086144de06860f,KKKDFSRSKKKLWKARKKLAKASKD,macrel,macrel_amp_probability,0.416,seqfam80_373a9a40221f768f7139,TKKDKSRSKKKLWKSRKKLAKASKD,true,true,7,R7Y,KKKDFSYSKKKLWKARKKLAKASKD,642f5384fc450929d5003f4127f5cd521187d905030cf22029729217b97a9b32,activity-rescue-642f5384fc450929d500,9.264,2,0.32,9.982,false,search_prefilter,3011.62,11.0997314453125,0.24,0.33468750369621536,0.48,0.356,low,0.595,0.095,Non-Toxin,0.064,true,true,true
vegfa,13,masked_substitution,autoresearch-macrel-endpoint-rescue-v1,336bafd51e0a0b31842731445b2d706cc176186f617c2340a55f1ccde9d126b0,67f455fe624f420dde2e1dd877237db299baaff2fbe697fe38c764935283c56d,67f455fe624f420dde2e1dd877237db299baaff2fbe697fe38c764935283c56d,KKKDKSISKKKLWKARKKLAKASKD,macrel,macrel_amp_probability,0.416,seqfam80_373a9a40221f768f7139,TKKDKSRSKKKLWKSRKKLAKASKD,true,true,6,S6F,KKKDKFISKKKLWKARKKLAKASKD,6ede790c1e1f1e0d4aa36857a10267f858017cdffd243d510f80872fbf229f70,activity-rescue-6ede790c1e1f1e0d4aa3,8.884,2,0.32,10.984,false,search_prefilter,3002.7,11.33447265625,0.28,0.18704982499140907,0.475,0.436,low,0.67,0.17,Non-Toxin,0.059,true,true,true
vegfa,13,masked_substitution,autoresearch-macrel-endpoint-rescue-v1,50509605156801a4fb329a29e6be9d0c32c3563ef713213414c384acc798fc25,a8fbf2724bdcbca59253a1d873fbdc2e5c2257c7dec026f12b1729a9ae0000bf,a8fbf2724bdcbca59253a1d873fbdc2e5c2257c7dec026f12b1729a9ae0000bf,KKKDKSLSKKKLWKARKKLAKASKD,macrel,macrel_amp_probability,0.416,seqfam80_373a9a40221f768f7139,TKKDKSRSKKKLWKSRKKLAKASKD,true,true,23,S23F,KKKDKSLSKKKLWKARKKLAKAFKD,469347b9f479effd4dfbfaa86ee7faad5c4632a491569bdfc31f6da0dbc4dd74,activity-rescue-469347b9f479effd4dfb,2.8720000000000008,2,0.32,10.984,false,search_prefilter,3002.7,11.33447265625,0.28,0.2757124158266591,0.475,0.475,low,0.68,0.18,Non-Toxin,0.059,true,true,true
vegfa,13,masked_substitution,autoresearch-macrel-endpoint-rescue-v1,96ac3071d021d4f23b6cb1726486fff3470c65508f88c44e2f833be9fb72f561,d17030b2ad8d1f99cf3b77f86b46e25aa7d7b4410a48647dd412cbad29a9631c,d17030b2ad8d1f99cf3b77f86b46e25aa7d7b4410a48647dd412cbad29a9631c,KKKDKAISKKKLWKSRKKLAKASKD,macrel,macrel_amp_probability,0.416,seqfam80_373a9a40221f768f7139,TKKDKSRSKKKLWKSRKKLAKASKD,true,true,2,K2F,KFKDKAISKKKLWKSRKKLAKASKD,4f1e8655d754b4dbd444402afaa55c9e1bb34c239f276797bdd04fce64dafc48,activity-rescue-4f1e8655d754b4dbd444,10.576000000000002,2,0.32,9.984,false,search_prefilter,2961.6,11.29150390625,0.28,0.17782278043263872,0.465,0.426,low,0.665,0.165,Non-Toxin,0.049000000000000044,true,true,true
vegfa,13,masked_substitution,autoresearch-macrel-endpoint-rescue-v1,c20a185da71328820bd04a450f153bc2cc90af179bae32c68a2b30ad34567e5b,9ffc2377bdaa51cb1cc8496e86eb69c2cad11f2e0deda69930086144de06860f,9ffc2377bdaa51cb1cc8496e86eb69c2cad11f2e0deda69930086144de06860f,KKKDFSRSKKKLWKARKKLAKASKD,macrel,macrel_amp_probability,0.416,seqfam80_373a9a40221f768f7139,TKKDKSRSKKKLWKSRKKLAKASKD,true,true,6,S6I,KKKDFIRSKKKLWKARKKLAKASKD,3ed08c786e425a5fcae60f33d26dbbe25552ea7eaee052190327e1019a6f662f,activity-rescue-3ed08c786e425a5fcae6,26.84,2,0.32,10.984,false,search_prefilter,3030.71,11.506591796875,0.28,0.38264792180039836,0.465,0.446,low,0.635,0.135,Non-Toxin,0.049000000000000044,true,true,true
vegfa,13,masked_substitution,autoresearch-macrel-endpoint-rescue-v1,911232c660689a12e493a886710fa871aabe602566d3216016f04a590b889611,9ffc2377bdaa51cb1cc8496e86eb69c2cad11f2e0deda69930086144de06860f,9ffc2377bdaa51cb1cc8496e86eb69c2cad11f2e0deda69930086144de06860f,KKKDFSRSKKKLWKARKKLAKASKD,macrel,macrel_amp_probability,0.416,seqfam80_373a9a40221f768f7139,TKKDKSRSKKKLWKSRKKLAKASKD,true,true,7,R7I,KKKDFSISKKKLWKARKKLAKASKD,eaeaf58a0a13f42a4d6e0196a6f26adb6f18fa671a31deb8808e988000d97fa5,activity-rescue-eaeaf58a0a13f42a4d6e,9.264,2,0.32,9.984,false,search_prefilter,2961.6,11.29150390625,0.28,0.30931838844433396,0.465,0.366,low,0.55,0.05,Non-Toxin,0.049000000000000044,true,true,true
vegfa,13,masked_substitution,autoresearch-macrel-endpoint-rescue-v1,1885979f5c9a477f102856e85c0aae330002e7d08f4ae711834bd9f9a7e75e79,9ffc2377bdaa51cb1cc8496e86eb69c2cad11f2e0deda69930086144de06860f,9ffc2377bdaa51cb1cc8496e86eb69c2cad11f2e0deda69930086144de06860f,KKKDFSRSKKKLWKARKKLAKASKD,macrel,macrel_amp_probability,0.416,seqfam80_373a9a40221f768f7139,TKKDKSRSKKKLWKSRKKLAKASKD,true,true,7,R7L,KKKDFSLSKKKLWKARKKLAKASKD,41447f16444460bc13fc827ae2c1c2638976344958a5c1ce6522aa4581a6e486,activity-rescue-41447f16444460bc13fc,9.264,2,0.32,9.984,false,search_prefilter,2961.6,11.29150390625,0.28,0.31555364392305285,0.465,0.366,low,0.575,0.075,Non-Toxin,0.049000000000000044,true,true,true
vegfa,13,masked_substitution,autoresearch-macrel-endpoint-rescue-v1,f7fd7c42863ba9e8a88c0ca2ab2d901a761f39640348d7d2fa50173b743df55c,9ffc2377bdaa51cb1cc8496e86eb69c2cad11f2e0deda69930086144de06860f,9ffc2377bdaa51cb1cc8496e86eb69c2cad11f2e0deda69930086144de06860f,KKKDFSRSKKKLWKARKKLAKASKD,macrel,macrel_amp_probability,0.416,seqfam80_373a9a40221f768f7139,TKKDKSRSKKKLWKSRKKLAKASKD,true,true,23,S23I,KKKDFSRSKKKLWKARKKLAKAIKD,3a41aebada109b396b4aeb7aafa29f7c7db0f762dd0aef60f72856c27fbf3fe8,activity-rescue-3a41aebada109b396b4a,31.148000000000003,2,0.32,10.984,false,search_prefilter,3030.71,11.506591796875,0.28,0.4705579534581697,0.465,0.396,low,0.64,0.14,Non-Toxin,0.049000000000000044,true,true,true
vegfa,13,masked_substitution,autoresearch-macrel-endpoint-rescue-v1,6559316b1115d6808bbf2ad94e67fa0dec8c685c3831364d86a899b5368af7a5,9ffc2377bdaa51cb1cc8496e86eb69c2cad11f2e0deda69930086144de06860f,9ffc2377bdaa51cb1cc8496e86eb69c2cad11f2e0deda69930086144de06860f,KKKDFSRSKKKLWKARKKLAKASKD,macrel,macrel_amp_probability,0.416,seqfam80_373a9a40221f768f7139,TKKDKSRSKKKLWKSRKKLAKASKD,true,true,23,S23L,KKKDFSRSKKKLWKARKKLAKALKD,c0a6e4380ee9ca76f227d86f4099dfab8d3d88d14aad873ab7f106cedd2a6892,activity-rescue-c0a6e4380ee9ca76f227,31.148000000000003,2,0.32,10.984,false,search_prefilter,3030.71,11.506591796875,0.28,0.4591481236176793,0.465,0.396,low,0.61,0.11,Non-Toxin,0.049000000000000044,true,true,true
vegfa,13,masked_substitution,autoresearch-macrel-endpoint-rescue-v1,04e53efe97b3d27f43961bbe880837604b97b51374e5397d182105d237f62061,9ffc2377bdaa51cb1cc8496e86eb69c2cad11f2e0deda69930086144de06860f,9ffc2377bdaa51cb1cc8496e86eb69c2cad11f2e0deda69930086144de06860f,KKKDFSRSKKKLWKARKKLAKASKD,macrel,macrel_amp_probability,0.416,seqfam80_373a9a40221f768f7139,TKKDKSRSKKKLWKSRKKLAKASKD,true,true,8,S8Y,KKKDFSRYKKKLWKARKKLAKASKD,98ab5d14be97c80bff9a162b66fc6f949727064b89ea7b1a2cc361c430987404,activity-rescue-98ab5d14be97c80bff9a,13.952000000000002,2,0.32,10.982,false,search_prefilter,3080.73,11.275634765625,0.24,0.4245750398591271,0.465,0.475,low,0.595,0.095,Non-Toxin,0.049000000000000044,true,true,true
vegfa,13,masked_substitution,autoresearch-macrel-endpoint-rescue-v1,b2e6d4db74cad650b88d7e2a296ec77963c6bc5fbd7a569b1fac3beb51f85a70,d17030b2ad8d1f99cf3b77f86b46e25aa7d7b4410a48647dd412cbad29a9631c,d17030b2ad8d1f99cf3b77f86b46e25aa7d7b4410a48647dd412cbad29a9631c,KKKDKAISKKKLWKSRKKLAKASKD,macrel,macrel_amp_probability,0.416,seqfam80_373a9a40221f768f7139,TKKDKSRSKKKLWKSRKKLAKASKD,true,true,23,S23W,KKKDKAISKKKLWKSRKKLAKAWKD,9b6331bdf216c7cbe72ba829e3fedf0308e63af74183de64141dd4c2dbefd764,activity-rescue-9b6331bdf216c7cbe72b,16.588,2,0.32,10.984,false,search_prefilter,3041.74,11.33447265625,0.24,0.20788983313797935,0.465,0.396,low,0.675,0.175,Non-Toxin,0.049000000000000044,true,true,true
vegfa,13,masked_substitution,autoresearch-macrel-endpoint-rescue-v1,9d7e41eda20ef6fc8faad7a636a34cbaa676ddde518f7860b24fa00ba775a820,d17030b2ad8d1f99cf3b77f86b46e25aa7d7b4410a48647dd412cbad29a9631c,d17030b2ad8d1f99cf3b77f86b46e25aa7d7b4410a48647dd412cbad29a9631c,KKKDKAISKKKLWKSRKKLAKASKD,macrel,macrel_amp_probability,0.416,seqfam80_373a9a40221f768f7139,TKKDKSRSKKKLWKSRKKLAKASKD,true,true,23,S23Y,KKKDKAISKKKLWKSRKKLAKAYKD,45d3dcc1abfe9ed537753429df3597f103e2e69fbb43456f832a38bb6f49b91e,activity-rescue-45d3dcc1abfe9ed53775,16.588,2,0.32,10.982,false,search_prefilter,3018.7,11.14697265625,0.24,0.19162467103036382,0.465,0.376,low,0.55,0.05,Non-Toxin,0.049000000000000044,true,true,true
vegfa,13,masked_substitution,autoresearch-macrel-endpoint-rescue-v1,86a42fc7d7e6e211ed460776008bebc3b259cece539a3e169a343090e84d39e7,d17030b2ad8d1f99cf3b77f86b46e25aa7d7b4410a48647dd412cbad29a9631c,d17030b2ad8d1f99cf3b77f86b46e25aa7d7b4410a48647dd412cbad29a9631c,KKKDKAISKKKLWKSRKKLAKASKD,macrel,macrel_amp_probability,0.416,seqfam80_373a9a40221f768f7139,TKKDKSRSKKKLWKSRKKLAKASKD,true,true,15,S15W,KKKDKAISKKKLWKWRKKLAKASKD,f2e9436a2a93e9d23ecc1faeaff68f60e97263d96027ba24e2673b453834b2ac,activity-rescue-f2e9436a2a93e9d23ecc,8.884,2,0.32,10.984,false,search_prefilter,3041.74,11.33447265625,0.24,0.2142417013671459,0.465,0.436,low,0.655,0.155,Non-Toxin,0.049000000000000044,true,true,true
vegfa,13,masked_substitution,autoresearch-macrel-endpoint-rescue-v1,bcde362013d1c5a1fb54ef201df338bccf27ef1136186a5ef6e04bc4f985b642,67f455fe624f420dde2e1dd877237db299baaff2fbe697fe38c764935283c56d,67f455fe624f420dde2e1dd877237db299baaff2fbe697fe38c764935283c56d,KKKDKSISKKKLWKARKKLAKASKD,macrel,macrel_amp_probability,0.416,seqfam80_373a9a40221f768f7139,TKKDKSRSKKKLWKSRKKLAKASKD,true,true,23,S23F,KKKDKSISKKKLWKARKKLAKAFKD,9e538046e67e1fbe4804b08afa24f574bbbdee529fcf0e5f325a7c3d5dadc6cc,activity-rescue-9e538046e67e1fbe4804,2.8720000000000008,2,0.32,10.984,false,search_prefilter,3002.7,11.33447265625,0.28,0.27076166266056867,0.465,0.475,low,0.655,0.155,Non-Toxin,0.049000000000000044,true,true,true
vegfa,13,masked_substitution,autoresearch-macrel-endpoint-rescue-v1,8542882f3b776d0845795c68a1a30b9bdc5a2b3da33898b18a222d60205fad1b,a8fbf2724bdcbca59253a1d873fbdc2e5c2257c7dec026f12b1729a9ae0000bf,a8fbf2724bdcbca59253a1d873fbdc2e5c2257c7dec026f12b1729a9ae0000bf,KKKDKSLSKKKLWKARKKLAKASKD,macrel,macrel_amp_probability,0.416,seqfam80_373a9a40221f768f7139,TKKDKSRSKKKLWKSRKKLAKASKD,true,true,8,S8F,KKKDKSLFKKKLWKARKKLAKASKD,244b9eceb33c30e43bf29e9e362992c240252f19370ae7e0b56a57bc29698a70,activity-rescue-244b9eceb33c30e43bf2,2.8720000000000008,2,0.32,10.984,false,search_prefilter,3002.7,11.33447265625,0.28,0.2944181251871433,0.465,0.426,low,0.705,0.205,Non-Toxin,0.049000000000000044,true,true,true
vegfa,13,masked_substitution,autoresearch-macrel-endpoint-rescue-v1,c454eef03304c08aa42ca961f51b7f35857afdd9e34be843cc712f5cf5244d0b,67f455fe624f420dde2e1dd877237db299baaff2fbe697fe38c764935283c56d,67f455fe624f420dde2e1dd877237db299baaff2fbe697fe38c764935283c56d,KKKDKSISKKKLWKARKKLAKASKD,macrel,macrel_amp_probability,0.416,seqfam80_373a9a40221f768f7139,TKKDKSRSKKKLWKSRKKLAKASKD,true,true,6,S6W,KKKDKWISKKKLWKARKKLAKASKD,4b2b81340bb222dda915d6441cf817ab91affb9c368a8d628287bbc8ef92b36b,activity-rescue-4b2b81340bb222dda915,8.884,2,0.32,10.984,false,search_prefilter,3041.74,11.33447265625,0.24,0.2006920728702233,0.465,0.436,low,0.65,0.15,Non-Toxin,0.049000000000000044,true,true,true
vegfa,13,masked_substitution,autoresearch-macrel-endpoint-rescue-v1,ef4f0485164a787be4fba1e9b6fd0d49d38c42848cfc70c7e18d3848b9d3192d,a8fbf2724bdcbca59253a1d873fbdc2e5c2257c7dec026f12b1729a9ae0000bf,a8fbf2724bdcbca59253a1d873fbdc2e5c2257c7dec026f12b1729a9ae0000bf,KKKDKSLSKKKLWKARKKLAKASKD,macrel,macrel_amp_probability,0.416,seqfam80_373a9a40221f768f7139,TKKDKSRSKKKLWKSRKKLAKASKD,true,true,6,S6W,KKKDKWLSKKKLWKARKKLAKASKD,68e5b22057a718c3c84ed661dd94f2e25227ae0a13199612646fdf768c2f2aec,activity-rescue-68e5b22057a718c3c84e,13.82,2,0.32,10.984,false,search_prefilter,3041.74,11.33447265625,0.24,0.20470197075563665,0.465,0.416,low,0.695,0.195,Non-Toxin,0.049000000000000044,true,true,true
vegfa,13,masked_substitution,autoresearch-macrel-endpoint-rescue-v1,398642c12ae721d7c8cb47f5e297b2daedea57ef94d0d5cdcc0068c1f0d0cf98,9ffc2377bdaa51cb1cc8496e86eb69c2cad11f2e0deda69930086144de06860f,9ffc2377bdaa51cb1cc8496e86eb69c2cad11f2e0deda69930086144de06860f,KKKDFSRSKKKLWKARKKLAKASKD,macrel,macrel_amp_probability,0.416,seqfam80_373a9a40221f768f7139,TKKDKSRSKKKLWKSRKKLAKASKD,true,true,7,R7F,KKKDFSFSKKKLWKARKKLAKASKD,7da05aace9c15412de3c09e455d5c7b1c71bf7950b40c22758306b4c8678bc07,activity-rescue-7da05aace9c15412de3c,9.264,2,0.32,9.984,false,search_prefilter,2995.62,11.29150390625,0.28,0.31343796292942006,0.46,0.366,low,0.6,0.1,Non-Toxin,0.04400000000000004,true,true,true
vegfa,13,masked_substitution,autoresearch-macrel-endpoint-rescue-v1,1c361252d4a8048fc4e71cd2da499e941cc213bd8c5e518d802c4af69b358911,9ffc2377bdaa51cb1cc8496e86eb69c2cad11f2e0deda69930086144de06860f,9ffc2377bdaa51cb1cc8496e86eb69c2cad11f2e0deda69930086144de06860f,KKKDFSRSKKKLWKARKKLAKASKD,macrel,macrel_amp_probability,0.416,seqfam80_373a9a40221f768f7139,TKKDKSRSKKKLWKSRKKLAKASKD,true,true,6,S6L,KKKDFLRSKKKLWKARKKLAKASKD,dc00253bc3db0756b13705f11649cce6fc5b786b0c8e35e00994885684aa9805,activity-rescue-dc00253bc3db0756b137,34.544000000000004,2,0.32,10.984,false,search_prefilter,3030.71,11.506591796875,0.28,0.3873669669888361,0.455,0.416,low,0.63,0.13,Non-Toxin,0.039000000000000035,true,true,true
vegfa,13,masked_substitution,autoresearch-macrel-endpoint-rescue-v1,d5b9c105cdcddd2c7bc11cde5c92b44b6985b5d3e46b6a868f90110c6683f932,9ffc2377bdaa51cb1cc8496e86eb69c2cad11f2e0deda69930086144de06860f,9ffc2377bdaa51cb1cc8496e86eb69c2cad11f2e0deda69930086144de06860f,KKKDFSRSKKKLWKARKKLAKASKD,macrel,macrel_amp_probability,0.416,seqfam80_373a9a40221f768f7139,TKKDKSRSKKKLWKSRKKLAKASKD,true,true,8,S8A,KKKDFSRAKKKLWKARKKLAKASKD,c603d622c7b6f1fe3af2c856615b667504571d26a1166bdc773959eb0228b6f6,activity-rescue-c603d622c7b6f1fe3af2,16.968,2,0.32,10.984,false,search_prefilter,2988.63,11.506591796875,0.28,0.43601622147172764,0.455,0.406,low,0.615,0.115,Non-Toxin,0.039000000000000035,true,true,true
vegfa,13,masked_substitution,autoresearch-macrel-endpoint-rescue-v1,4dfc4214dae7cb4305cfe700d397a4aade25e0def02369331f9b20d0053d87f3,9ffc2377bdaa51cb1cc8496e86eb69c2cad11f2e0deda69930086144de06860f,9ffc2377bdaa51cb1cc8496e86eb69c2cad11f2e0deda69930086144de06860f,KKKDFSRSKKKLWKARKKLAKASKD,macrel,macrel_amp_probability,0.416,seqfam80_373a9a40221f768f7139,TKKDKSRSKKKLWKSRKKLAKASKD,true,true,9,K9I,KKKDFSRSIKKLWKARKKLAKASKD,a5803dab11419078fe23cbe7871160f9bf6b29c47cfd1dcfde9ba01d9412d604,activity-rescue-a5803dab11419078fe23,31.147999999999996,2,0.32,9.985,false,search_prefilter,2989.62,11.468994140625,0.28,0.47871124192480907,0.455,0.465,low,0.61,0.11,Non-Toxin,0.039000000000000035,true,true,true
vegfa,13,masked_substitution,autoresearch-macrel-endpoint-rescue-v1,3412e184090a1f2f691c2dbd9b80b601d9cc78819da8178d97eb16b4db522182,9ffc2377bdaa51cb1cc8496e86eb69c2cad11f2e0deda69930086144de06860f,9ffc2377bdaa51cb1cc8496e86eb69c2cad11f2e0deda69930086144de06860f,KKKDFSRSKKKLWKARKKLAKASKD,macrel,macrel_amp_probability,0.416,seqfam80_373a9a40221f768f7139,TKKDKSRSKKKLWKSRKKLAKASKD,true,true,23,S23A,KKKDFSRSKKKLWKARKKLAKAAKD,9a6676d6ae39ad358532857af6511d441023e9c927f93e05f1276f84fefb0d1b,activity-rescue-9a6676d6ae39ad358532,34.544000000000004,2,0.32,10.984,false,search_prefilter,2988.63,11.506591796875,0.28,0.4409575698362228,0.455,0.327,low,0.585,0.085,Non-Toxin,0.039000000000000035,true,true,true
vegfa,13,masked_substitution,autoresearch-macrel-endpoint-rescue-v1,45b8f41381f31699ae2a1ce087a679afc9fb82e79faf4de5d3d08991b2e45db5,9ffc2377bdaa51cb1cc8496e86eb69c2cad11f2e0deda69930086144de06860f,9ffc2377bdaa51cb1cc8496e86eb69c2cad11f2e0deda69930086144de06860f,KKKDFSRSKKKLWKARKKLAKASKD,macrel,macrel_amp_probability,0.416,seqfam80_373a9a40221f768f7139,TKKDKSRSKKKLWKSRKKLAKASKD,true,true,23,S23Y,KKKDFSRSKKKLWKARKKLAKAYKD,3a0c8e6a5616f783ddcefdbf06b1ebc42a643c1d10414d4c5b699167f0144f90,activity-rescue-3a0c8e6a5616f783ddce,34.544000000000004,2,0.32,10.982,false,search_prefilter,3080.73,11.275634765625,0.24,0.42737261567225027,0.455,0.406,low,0.53,0.03,Non-Toxin,0.039000000000000035,true,true,true
vegfa,13,masked_substitution,autoresearch-macrel-endpoint-rescue-v1,374e7f6eb5f5d29fe0719141e0c8dbd6522db13e42462b6c52cb8dcba36c3836,9ffc2377bdaa51cb1cc8496e86eb69c2cad11f2e0deda69930086144de06860f,9ffc2377bdaa51cb1cc8496e86eb69c2cad11f2e0deda69930086144de06860f,KKKDFSRSKKKLWKARKKLAKASKD,macrel,macrel_amp_probability,0.416,seqfam80_373a9a40221f768f7139,TKKDKSRSKKKLWKSRKKLAKASKD,true,true,9,K9W,KKKDFSRSWKKLWKARKKLAKASKD,f22a31aaeafbd1bc6fd537274339fdc83bfc3f6d412a970b52c8b0cef2338b51,activity-rescue-f22a31aaeafbd1bc6fd5,34.544000000000004,2,0.32,9.985,false,search_prefilter,3062.67,11.468994140625,0.24,0.46335875255223685,0.455,0.446,low,0.665,0.165,Non-Toxin,0.039000000000000035,true,true,true
vegfa,13,masked_substitution,autoresearch-macrel-endpoint-rescue-v1,6de39aad99d1059393bf2bcbb0df318c73bf946bad95dbbef83ad16c4aefd782,9ffc2377bdaa51cb1cc8496e86eb69c2cad11f2e0deda69930086144de06860f,9ffc2377bdaa51cb1cc8496e86eb69c2cad11f2e0deda69930086144de06860f,KKKDFSRSKKKLWKARKKLAKASKD,macrel,macrel_amp_probability,0.416,seqfam80_373a9a40221f768f7139,TKKDKSRSKKKLWKSRKKLAKASKD,true,true,6,S6Y,KKKDFYRSKKKLWKARKKLAKASKD,e9d96bb6686aa6dae7a918c901654ddd4a72bcea6e68ba0c1c0bb6721663ff4e,activity-rescue-e9d96bb6686aa6dae7a9,33.1164,2,0.32,10.982,false,search_prefilter,3080.73,11.275634765625,0.24,0.40219371610063215,0.455,0.406,low,0.6,0.1,Non-Toxin,0.039000000000000035,true,true,true
vegfa,13,masked_substitution,autoresearch-macrel-endpoint-rescue-v1,ae4158f3f13266004af62fe15935b2b1e5db9f514e618aba217efd78a9f9d11c,d17030b2ad8d1f99cf3b77f86b46e25aa7d7b4410a48647dd412cbad29a9631c,d17030b2ad8d1f99cf3b77f86b46e25aa7d7b4410a48647dd412cbad29a9631c,KKKDKAISKKKLWKSRKKLAKASKD,macrel,macrel_amp_probability,0.416,seqfam80_373a9a40221f768f7139,TKKDKSRSKKKLWKSRKKLAKASKD,true,true,15,S15F,KKKDKAISKKKLWKFRKKLAKASKD,b38d8d566f9a3b78d9f21da73824c81671f03cf78cb69ee8380073ee74c33e28,activity-rescue-b38d8d566f9a3b78d9f2,8.884,2,0.32,10.984,false,search_prefilter,3002.7,11.33447265625,0.28,0.22836404640030267,0.455,0.475,low,0.67,0.17,Non-Toxin,0.039000000000000035,true,true,true
vegfa,13,masked_substitution,autoresearch-macrel-endpoint-rescue-v1,1693df920d2f976908bf6b7841d69444121449c93ac2b10f9ba44a21aec53153,d17030b2ad8d1f99cf3b77f86b46e25aa7d7b4410a48647dd412cbad29a9631c,d17030b2ad8d1f99cf3b77f86b46e25aa7d7b4410a48647dd412cbad29a9631c,KKKDKAISKKKLWKSRKKLAKASKD,macrel,macrel_amp_probability,0.416,seqfam80_373a9a40221f768f7139,TKKDKSRSKKKLWKSRKKLAKASKD,true,true,23,S23F,KKKDKAISKKKLWKSRKKLAKAFKD,6456650a2e2a3b00f176ac33874676c024aab9b167aaa460eea614da19633ef2,activity-rescue-6456650a2e2a3b00f176,10.576,2,0.32,10.984,false,search_prefilter,3002.7,11.33447265625,0.28,0.22002848611150155,0.455,0.446,low,0.67,0.17,Non-Toxin,0.039000000000000035,true,true,true
vegfa,13,masked_substitution,autoresearch-macrel-endpoint-rescue-v1,32061e403a4159ed1ada7081fbf70179392806fe514b7808cac77d3be4756639,d17030b2ad8d1f99cf3b77f86b46e25aa7d7b4410a48647dd412cbad29a9631c,d17030b2ad8d1f99cf3b77f86b46e25aa7d7b4410a48647dd412cbad29a9631c,KKKDKAISKKKLWKSRKKLAKASKD,macrel,macrel_amp_probability,0.416,seqfam80_373a9a40221f768f7139,TKKDKSRSKKKLWKSRKKLAKASKD,true,true,16,R16W,KKKDKAISKKKLWKSWKKLAKASKD,acd7e1c24f478280f67e9cd1d117fe5bcfc0bae8c88c26f68959ab3689f32e91,activity-rescue-acd7e1c24f478280f67e,8.884,2,0.32,9.984,false,search_prefilter,2972.63,11.150390625,0.24,0.25926246144268267,0.455,0.485,low,0.66,0.16,Non-Toxin,0.039000000000000035,true,true,true
vegfa,13,masked_substitution,autoresearch-macrel-endpoint-rescue-v1,73ef74170934d154656567dfdbfce67cfa9b0dede4f8fc6a9639c402eea1fd9d,67f455fe624f420dde2e1dd877237db299baaff2fbe697fe38c764935283c56d,67f455fe624f420dde2e1dd877237db299baaff2fbe697fe38c764935283c56d,KKKDKSISKKKLWKARKKLAKASKD,macrel,macrel_amp_probability,0.416,seqfam80_373a9a40221f768f7139,TKKDKSRSKKKLWKSRKKLAKASKD,true,true,8,S8F,KKKDKSIFKKKLWKARKKLAKASKD,e7cf2af25eed5a8af22b790fd0523df9b0a1602afbbb6ab502100df44bf9d83a,activity-rescue-e7cf2af25eed5a8af22b,2.8720000000000008,2,0.32,10.984,false,search_prefilter,3002.7,11.33447265625,0.28,0.29153289667325605,0.455,0.426,low,0.685,0.185,Non-Toxin,0.039000000000000035,true,true,true
vegfa,13,masked_substitution,autoresearch-macrel-endpoint-rescue-v1,70988a2d08daa875fd55ee275939979e7b59e84b2b6231852884eb3926711f82,67f455fe624f420dde2e1dd877237db299baaff2fbe697fe38c764935283c56d,67f455fe624f420dde2e1dd877237db299baaff2fbe697fe38c764935283c56d,KKKDKSISKKKLWKARKKLAKASKD,macrel,macrel_amp_probability,0.416,seqfam80_373a9a40221f768f7139,TKKDKSRSKKKLWKSRKKLAKASKD,true,true,16,R16F,KKKDKSISKKKLWKAFKKLAKASKD,fcc2de8aea4243a9d2b9c0ca2674f427f3f0c50304288bdb91951ac8d221a3f9,activity-rescue-fcc2de8aea4243a9d2b9,2.872,2,0.32,9.984,false,search_prefilter,2933.59,11.150390625,0.28,0.30664694317104524,0.455,0.465,low,0.615,0.115,Non-Toxin,0.039000000000000035,true,true,true
vegfa,13,masked_substitution,autoresearch-macrel-endpoint-rescue-v1,f6f24bff240869a7ead3102e8361f00063241acac979d92c888afa701fcba1b4,67f455fe624f420dde2e1dd877237db299baaff2fbe697fe38c764935283c56d,67f455fe624f420dde2e1dd877237db299baaff2fbe697fe38c764935283c56d,KKKDKSISKKKLWKARKKLAKASKD,macrel,macrel_amp_probability,0.416,seqfam80_373a9a40221f768f7139,TKKDKSRSKKKLWKSRKKLAKASKD,true,true,23,S23W,KKKDKSISKKKLWKARKKLAKAWKD,0f4939257a21d4dc5f63a556681ff3184d47a5dd8b92892bf6d251068d17d4e8,activity-rescue-0f4939257a21d4dc5f63,8.884,2,0.32,10.984,false,search_prefilter,3041.74,11.33447265625,0.24,0.2603282261053686,0.455,0.455,low,0.68,0.18,Non-Toxin,0.039000000000000035,true,true,true
vegfa,13,masked_substitution,autoresearch-macrel-endpoint-rescue-v1,c01d77fe5bf4ae58a44ce03efad3250fe5d802dc228410b5bd242282c3af2b03,67f455fe624f420dde2e1dd877237db299baaff2fbe697fe38c764935283c56d,67f455fe624f420dde2e1dd877237db299baaff2fbe697fe38c764935283c56d,KKKDKSISKKKLWKARKKLAKASKD,macrel,macrel_amp_probability,0.416,seqfam80_373a9a40221f768f7139,TKKDKSRSKKKLWKSRKKLAKASKD,true,true,23,S23Y,KKKDKSISKKKLWKARKKLAKAYKD,83e856e7620dd7999c17559ea027914127cfae07c88c2e92cd82876eb2adb2fd,activity-rescue-83e856e7620dd7999c17,8.884,2,0.32,10.982,false,search_prefilter,3018.7,11.14697265625,0.24,0.24654335088218476,0.455,0.406,low,0.545,0.045,Non-Toxin,0.039000000000000035,true,true,true
vegfa,13,masked_substitution,autoresearch-macrel-endpoint-rescue-v1,1dc29f0c74708939bff682c20681ebda2b725bfa6f745609beeaf2195306dfdc,67f455fe624f420dde2e1dd877237db299baaff2fbe697fe38c764935283c56d,67f455fe624f420dde2e1dd877237db299baaff2fbe697fe38c764935283c56d,KKKDKSISKKKLWKARKKLAKASKD,macrel,macrel_amp_probability,0.416,seqfam80_373a9a40221f768f7139,TKKDKSRSKKKLWKSRKKLAKASKD,true,true,8,S8W,KKKDKSIWKKKLWKARKKLAKASKD,eaf5f97bf3d6e0ba1571f98327d52ccb003c99412b769e97097a970e0a0f5b01,activity-rescue-eaf5f97bf3d6e0ba1571,8.884,2,0.32,10.984,false,search_prefilter,3041.74,11.33447265625,0.24,0.27595215937129036,0.455,0.426,low,0.75,0.25,Non-Toxin,0.039000000000000035,true,true,true
vegfa,13,masked_substitution,autoresearch-macrel-endpoint-rescue-v1,11de1169a25ee81100364b7c3523919b09566ab378b2604a353a93f06cb6dbe5,67f455fe624f420dde2e1dd877237db299baaff2fbe697fe38c764935283c56d,67f455fe624f420dde2e1dd877237db299baaff2fbe697fe38c764935283c56d,KKKDKSISKKKLWKARKKLAKASKD,macrel,macrel_amp_probability,0.416,seqfam80_373a9a40221f768f7139,TKKDKSRSKKKLWKSRKKLAKASKD,true,true,8,S8Y,KKKDKSIYKKKLWKARKKLAKASKD,1b7f4363964ecbe68af5cdb7cd2975e5760b2fabd099b6d409e6559119f80577,activity-rescue-1b7f4363964ecbe68af5,8.884,2,0.32,10.982,false,search_prefilter,3018.7,11.14697265625,0.24,0.25398334385370525,0.455,0.406,low,0.62,0.12,Non-Toxin,0.039000000000000035,true,true,true
vegfa,13,masked_substitution,autoresearch-macrel-endpoint-rescue-v1,9bc80ecb4e0c1221abd99efaee3d72da1fb7fdb7b8ab9e222cf8bc2b24f2a5e3,a8fbf2724bdcbca59253a1d873fbdc2e5c2257c7dec026f12b1729a9ae0000bf,a8fbf2724bdcbca59253a1d873fbdc2e5c2257c7dec026f12b1729a9ae0000bf,KKKDKSLSKKKLWKARKKLAKASKD,macrel,macrel_amp_probability,0.416,seqfam80_373a9a40221f768f7139,TKKDKSRSKKKLWKSRKKLAKASKD,true,true,16,R16F,KKKDKSLSKKKLWKAFKKLAKASKD,018bed8f40c49c5f499dd966557bb7154998480993aafd7b39d51795ac9b7a2d,activity-rescue-018bed8f40c49c5f499d,2.872,2,0.32,9.984,false,search_prefilter,2933.59,11.150390625,0.28,0.3147139991268042,0.455,0.465,low,0.67,0.17,Non-Toxin,0.039000000000000035,true,true,true
vegfa,13,masked_substitution,autoresearch-macrel-endpoint-rescue-v1,8bd02d60a71f9215cd2c0f644b2a3a17e7cc8a528928c36ee90430f82f63acfb,a8fbf2724bdcbca59253a1d873fbdc2e5c2257c7dec026f12b1729a9ae0000bf,a8fbf2724bdcbca59253a1d873fbdc2e5c2257c7dec026f12b1729a9ae0000bf,KKKDKSLSKKKLWKARKKLAKASKD,macrel,macrel_amp_probability,0.416,seqfam80_373a9a40221f768f7139,TKKDKSRSKKKLWKSRKKLAKASKD,true,true,23,S23W,KKKDKSLSKKKLWKARKKLAKAWKD,f25c56889c4af8a819a3545fa24751fd93c6e8ee789b59856600265096c43357,activity-rescue-f25c56889c4af8a819a3,8.884,2,0.32,10.984,false,search_prefilter,3041.74,11.33447265625,0.24,0.26481016344582153,0.455,0.455,low,0.69,0.19,Non-Toxin,0.039000000000000035,true,true,true
vegfa,13,masked_substitution,autoresearch-macrel-endpoint-rescue-v1,6e5280d5c6dda9d0dffc121fb741de8d2e2466824178f42ee8e0a0f3367d90b6,a8fbf2724bdcbca59253a1d873fbdc2e5c2257c7dec026f12b1729a9ae0000bf,a8fbf2724bdcbca59253a1d873fbdc2e5c2257c7dec026f12b1729a9ae0000bf,KKKDKSLSKKKLWKARKKLAKASKD,macrel,macrel_amp_probability,0.416,seqfam80_373a9a40221f768f7139,TKKDKSRSKKKLWKSRKKLAKASKD,true,true,23,S23Y,KKKDKSLSKKKLWKARKKLAKAYKD,1ea26e70e186c15ff0b9ceedcc38c681a043242b225da351555bfd743f29eea9,activity-rescue-1ea26e70e186c15ff0b9,8.884,2,0.32,10.982,false,search_prefilter,3018.7,11.14697265625,0.24,0.2502820479328789,0.455,0.406,low,0.57,0.07,Non-Toxin,0.039000000000000035,true,true,true
vegfa,13,masked_substitution,autoresearch-macrel-endpoint-rescue-v1,412668a681a962f34b8d8a194ec5666fb9e6825e650d58de06493e4281485e01,a8fbf2724bdcbca59253a1d873fbdc2e5c2257c7dec026f12b1729a9ae0000bf,a8fbf2724bdcbca59253a1d873fbdc2e5c2257c7dec026f12b1729a9ae0000bf,KKKDKSLSKKKLWKARKKLAKASKD,macrel,macrel_amp_probability,0.416,seqfam80_373a9a40221f768f7139,TKKDKSRSKKKLWKSRKKLAKASKD,true,true,8,S8Y,KKKDKSLYKKKLWKARKKLAKASKD,ca60dc05609d9c3f5e9fc9639a11573d72ecaacf8009ab34aae1d326b222a998,activity-rescue-ca60dc05609d9c3f5e9f,8.884,2,0.32,10.982,false,search_prefilter,3018.7,11.14697265625,0.24,0.2569852942010415,0.455,0.406,low,0.61,0.11,Non-Toxin,0.039000000000000035,true,true,true
vegfa,13,masked_substitution,autoresearch-macrel-endpoint-rescue-v1,ff93e56dd6c082dcf96692a74e5c035f0656039a2024949e3afd10d4998d0ad1,67f455fe624f420dde2e1dd877237db299baaff2fbe697fe38c764935283c56d,67f455fe624f420dde2e1dd877237db299baaff2fbe697fe38c764935283c56d,KKKDKSISKKKLWKARKKLAKASKD,macrel,macrel_amp_probability,0.416,seqfam80_373a9a40221f768f7139,TKKDKSRSKKKLWKSRKKLAKASKD,true,true,6,S6Y,KKKDKYISKKKLWKARKKLAKASKD,a1486f15cb6be1129e52b0dc344f5099814824c2a382417f36ccaa49c40834b8,activity-rescue-a1486f15cb6be1129e52,8.884,2,0.32,10.982,false,search_prefilter,3018.7,11.14697265625,0.24,0.22037309424424883,0.455,0.406,low,0.59,0.09,Non-Toxin,0.039000000000000035,true,true,true
vegfa,13,masked_substitution,autoresearch-macrel-endpoint-rescue-v1,0acec5306f6aca00f6a60026840cba6a02c52d9098b140ebc45a7797302bd087,a8fbf2724bdcbca59253a1d873fbdc2e5c2257c7dec026f12b1729a9ae0000bf,a8fbf2724bdcbca59253a1d873fbdc2e5c2257c7dec026f12b1729a9ae0000bf,KKKDKSLSKKKLWKARKKLAKASKD,macrel,macrel_amp_probability,0.416,seqfam80_373a9a40221f768f7139,TKKDKSRSKKKLWKSRKKLAKASKD,true,true,6,S6Y,KKKDKYLSKKKLWKARKKLAKASKD,e6d1602491ac9eedb6882c80f691bb689f4529e408b1858a757307b22d833742,activity-rescue-e6d1602491ac9eedb688,8.884,2,0.32,10.982,false,search_prefilter,3018.7,11.14697265625,0.24,0.22382627894702384,0.455,0.406,low,0.63,0.13,Non-Toxin,0.039000000000000035,true,true,true
vegfa,13,masked_substitution,autoresearch-macrel-endpoint-rescue-v1,aa534a2a33e960fbe3fc1c85b981af5f17d470ea272908118196c10e6b216beb,67f455fe624f420dde2e1dd877237db299baaff2fbe697fe38c764935283c56d,67f455fe624f420dde2e1dd877237db299baaff2fbe697fe38c764935283c56d,KKKDKSISKKKLWKARKKLAKASKD,macrel,macrel_amp_probability,0.416,seqfam80_373a9a40221f768f7139,TKKDKSRSKKKLWKSRKKLAKASKD,true,true,5,K5Y,KKKDYSISKKKLWKARKKLAKASKD,caf6f306c2571bb00fdee1a275200621b67b648686ae8a830f707523d3d4a741,activity-rescue-caf6f306c2571bb00fde,12.28,2,0.32,9.982,false,search_prefilter,2977.6,11.0997314453125,0.24,0.2813877241943941,0.455,0.327,low,0.605,0.105,Non-Toxin,0.039000000000000035,true,true,true
vegfa,13,masked_substitution,autoresearch-macrel-endpoint-rescue-v1,19196c73412e66668e8c83fb7b1266bc79f8b9202e89109d407a36b461ea575e,a8fbf2724bdcbca59253a1d873fbdc2e5c2257c7dec026f12b1729a9ae0000bf,a8fbf2724bdcbca59253a1d873fbdc2e5c2257c7dec026f12b1729a9ae0000bf,KKKDKSLSKKKLWKARKKLAKASKD,macrel,macrel_amp_probability,0.416,seqfam80_373a9a40221f768f7139,TKKDKSRSKKKLWKSRKKLAKASKD,true,true,5,K5Y,KKKDYSLSKKKLWKARKKLAKASKD,79adccfcaf104bc9426695c48f6ff49735dad5e5c17ee2102289b0bc12c2ffa1,activity-rescue-79adccfcaf104bc94266,12.28,2,0.32,9.982,false,search_prefilter,2977.6,11.0997314453125,0.24,0.28675304613834557,0.455,0.327,low,0.635,0.135,Non-Toxin,0.039000000000000035,true,true,true
vegfa,13,masked_substitution,autoresearch-macrel-endpoint-rescue-v1,c9c7d578a3f66c4ffb3d1673ca63bb00053385a7e440feabdad697832bab4f90,9ffc2377bdaa51cb1cc8496e86eb69c2cad11f2e0deda69930086144de06860f,9ffc2377bdaa51cb1cc8496e86eb69c2cad11f2e0deda69930086144de06860f,KKKDFSRSKKKLWKARKKLAKASKD,macrel,macrel_amp_probability,0.416,seqfam80_373a9a40221f768f7139,TKKDKSRSKKKLWKSRKKLAKASKD,true,true,7,R7W,KKKDFSWSKKKLWKARKKLAKASKD,743ba4998ae12d4a1cf4145f19338dcdae55a6a975c9428145226263c625c953,activity-rescue-743ba4998ae12d4a1cf4,9.264,2,0.32,9.984,false,search_prefilter,3034.66,11.29150390625,0.24,0.32189163455681247,0.45,0.366,low,0.64,0.14,Non-Toxin,0.03400000000000003,true,true,true
vegfa,13,masked_substitution,autoresearch-macrel-endpoint-rescue-v1,c149767324e4df7b28d085d8766ac31f00ce72c083d001468f7aad65c264bcec,9ffc2377bdaa51cb1cc8496e86eb69c2cad11f2e0deda69930086144de06860f,9ffc2377bdaa51cb1cc8496e86eb69c2cad11f2e0deda69930086144de06860f,KKKDFSRSKKKLWKARKKLAKASKD,macrel,macrel_amp_probability,0.416,seqfam80_373a9a40221f768f7139,TKKDKSRSKKKLWKSRKKLAKASKD,true,true,6,S6A,KKKDFARSKKKLWKARKKLAKASKD,e50063cf827a9dc9c98f6f63bcfa1ca21059c055bb0ec8395b55e417809be9f7,activity-rescue-e50063cf827a9dc9c98f,26.84,2,0.32,10.984,false,search_prefilter,2988.63,11.506591796875,0.28,0.39555806552727035,0.446,0.356,low,0.625,0.125,Non-Toxin,0.030000000000000027,true,true,true
vegfa,13,masked_substitution,autoresearch-macrel-endpoint-rescue-v1,64832c9c6808ad9804fe7191a12293caeb90a89fcc0218ab25a8615154bc225e,9ffc2377bdaa51cb1cc8496e86eb69c2cad11f2e0deda69930086144de06860f,9ffc2377bdaa51cb1cc8496e86eb69c2cad11f2e0deda69930086144de06860f,KKKDFSRSKKKLWKARKKLAKASKD,macrel,macrel_amp_probability,0.416,seqfam80_373a9a40221f768f7139,TKKDKSRSKKKLWKSRKKLAKASKD,true,true,16,R16I,KKKDFSRSKKKLWKAIKKLAKASKD,a8cf8b2dcc3ac46261e9e0d60f760c8955f0fd8d1ffc7b8d04a2badf68e07781,activity-rescue-a8cf8b2dcc3ac46261e9,31.148000000000003,2,0.32,9.984,false,search_prefilter,2961.6,11.29150390625,0.28,0.5390547479394279,0.446,0.465,low,0.625,0.125,Non-Toxin,0.030000000000000027,true,true,true
vegfa,13,masked_substitution,autoresearch-macrel-endpoint-rescue-v1,8788ddc35a8d3a0a46051e51a193ef4a8b2714047d9fadd3072e0b1271024eda,9ffc2377bdaa51cb1cc8496e86eb69c2cad11f2e0deda69930086144de06860f,9ffc2377bdaa51cb1cc8496e86eb69c2cad11f2e0deda69930086144de06860f,KKKDFSRSKKKLWKARKKLAKASKD,macrel,macrel_amp_probability,0.416,seqfam80_373a9a40221f768f7139,TKKDKSRSKKKLWKSRKKLAKASKD,true,true,24,K24W,KKKDFSRSKKKLWKARKKLAKASWD,d254611f145b3e9666b132dda77967ba5ef894706759a7eedf2ad7c68172f44d,activity-rescue-d254611f145b3e9666b1,34.544000000000004,2,0.32,9.985,false,search_prefilter,3062.67,11.468994140625,0.24,0.3725323924465888,0.446,0.347,low,0.645,0.145,Non-Toxin,0.030000000000000027,true,true,true
vegfa,13,masked_substitution,autoresearch-macrel-endpoint-rescue-v1,bb79f81aab0ff40fb39d119a8b62610fc363fab38f02a44d647ee8d5468c8027,9ffc2377bdaa51cb1cc8496e86eb69c2cad11f2e0deda69930086144de06860f,9ffc2377bdaa51cb1cc8496e86eb69c2cad11f2e0deda69930086144de06860f,KKKDFSRSKKKLWKARKKLAKASKD,macrel,macrel_amp_probability,0.416,seqfam80_373a9a40221f768f7139,TKKDKSRSKKKLWKSRKKLAKASKD,true,true,23,S23W,KKKDFSRSKKKLWKARKKLAKAWKD,298fac160d4f5137f837857a65e66a127ff5a7a958e3e5f98dd088e3e31eed00,activity-rescue-298fac160d4f5137f837,34.544000000000004,2,0.32,10.984,false,search_prefilter,3103.76,11.506591796875,0.24,0.44814792671456966,0.446,0.396,low,0.665,0.165,Non-Toxin,0.030000000000000027,true,true,true
vegfa,13,masked_substitution,autoresearch-macrel-endpoint-rescue-v1,378766d039489357069f865047b404f34b0a4fa916f6fa6a68815e833293aec9,9ffc2377bdaa51cb1cc8496e86eb69c2cad11f2e0deda69930086144de06860f,9ffc2377bdaa51cb1cc8496e86eb69c2cad11f2e0deda69930086144de06860f,KKKDFSRSKKKLWKARKKLAKASKD,macrel,macrel_amp_probability,0.416,seqfam80_373a9a40221f768f7139,TKKDKSRSKKKLWKSRKKLAKASKD,true,true,8,S8V,KKKDFSRVKKKLWKARKKLAKASKD,94d4152f7b1746b120f97b0d3400058cb0497756c5364659c08fe9532f47467a,activity-rescue-94d4152f7b1746b120f9,15.816,2,0.32,10.984,false,search_prefilter,3016.68,11.506591796875,0.28,0.45153461285555985,0.446,0.446,low,0.585,0.085,Non-Toxin,0.030000000000000027,true,true,true
vegfa,13,masked_substitution,autoresearch-macrel-endpoint-rescue-v1,dad8fe0ceeaca2f9741d9016a652ecb0cc3c03a1afdf327b374e77749ec1b5dd,d17030b2ad8d1f99cf3b77f86b46e25aa7d7b4410a48647dd412cbad29a9631c,d17030b2ad8d1f99cf3b77f86b46e25aa7d7b4410a48647dd412cbad29a9631c,KKKDKAISKKKLWKSRKKLAKASKD,macrel,macrel_amp_probability,0.416,seqfam80_373a9a40221f768f7139,TKKDKSRSKKKLWKSRKKLAKASKD,true,true,24,K24W,KKKDKAISKKKLWKSRKKLAKASWD,083644d3dda7663598e246a6e12b3ffd595ec94c877a436ef857c8dcf797dae5,activity-rescue-083644d3dda7663598e2,16.588,2,0.32,9.984,false,search_prefilter,3000.64,11.29150390625,0.24,0.11177097692005793,0.446,0.347,low,0.67,0.17,Non-Toxin,0.030000000000000027,true,true,true
vegfa,13,masked_substitution,autoresearch-macrel-endpoint-rescue-v1,c8f463fc0654730c20b8671dbbcdf2950fb1a6d7dcb3e27a52d86c72b3148c7f,d17030b2ad8d1f99cf3b77f86b46e25aa7d7b4410a48647dd412cbad29a9631c,d17030b2ad8d1f99cf3b77f86b46e25aa7d7b4410a48647dd412cbad29a9631c,KKKDKAISKKKLWKSRKKLAKASKD,macrel,macrel_amp_probability,0.416,seqfam80_373a9a40221f768f7139,TKKDKSRSKKKLWKSRKKLAKASKD,true,true,16,R16Y,KKKDKAISKKKLWKSYKKLAKASKD,f8069c5c3718ebc53fe86624bcbe5f3da416d3fb59e626030b31ae98e93c58b0,activity-rescue-f8069c5c3718ebc53fe8,8.884,2,0.32,9.982,false,search_prefilter,2949.59,10.9935302734375,0.24,0.24284305476219697,0.446,0.495,low,0.58,0.08,Non-Toxin,0.030000000000000027,true,true,true
vegfa,13,masked_substitution,autoresearch-macrel-endpoint-rescue-v1,6891a071c55eb7fd536400a1f6f75b35f4772c53a2d87d876daf8576d53e2c2e,d17030b2ad8d1f99cf3b77f86b46e25aa7d7b4410a48647dd412cbad29a9631c,d17030b2ad8d1f99cf3b77f86b46e25aa7d7b4410a48647dd412cbad29a9631c,KKKDKAISKKKLWKSRKKLAKASKD,macrel,macrel_amp_probability,0.416,seqfam80_373a9a40221f768f7139,TKKDKSRSKKKLWKSRKKLAKASKD,true,true,10,K10W,KKKDKAISKWKLWKSRKKLAKASKD,817b79e688f4f38010f55789c3bed79a9cf444d1454a5520b37da63d2690afd7,activity-rescue-817b79e688f4f38010f5,16.588,2,0.32,9.984,false,search_prefilter,3000.64,11.29150390625,0.24,0.08913179969726903,0.446,0.347,low,0.67,0.17,Non-Toxin,0.030000000000000027,true,true,true
vegfa,13,masked_substitution,autoresearch-macrel-endpoint-rescue-v1,6fc67e37c6c3aa56167ed3a2b502ed1ad07e029fcba4632b4d258c081ef90e69,d17030b2ad8d1f99cf3b77f86b46e25aa7d7b4410a48647dd412cbad29a9631c,d17030b2ad8d1f99cf3b77f86b46e25aa7d7b4410a48647dd412cbad29a9631c,KKKDKAISKKKLWKSRKKLAKASKD,macrel,macrel_amp_probability,0.416,seqfam80_373a9a40221f768f7139,TKKDKSRSKKKLWKSRKKLAKASKD,true,true,9,K9W,KKKDKAISWKKLWKSRKKLAKASKD,20caf20cc4bb3fa362a1bf2f3b6c314ebdcd3d0c882fd0686782a6edf5b69929,activity-rescue-20caf20cc4bb3fa362a1,16.588,2,0.32,9.984,false,search_prefilter,3000.64,11.29150390625,0.24,0.2041107497952234,0.446,0.347,low,0.68,0.18,Non-Toxin,0.030000000000000027,true,true,true
vegfa,13,masked_substitution,autoresearch-macrel-endpoint-rescue-v1,b1a8922f947731f6c108224c18aa6fd312834244eaea0e7c965f768fe8072330,a8fbf2724bdcbca59253a1d873fbdc2e5c2257c7dec026f12b1729a9ae0000bf,a8fbf2724bdcbca59253a1d873fbdc2e5c2257c7dec026f12b1729a9ae0000bf,KKKDKSLSKKKLWKARKKLAKASKD,macrel,macrel_amp_probability,0.416,seqfam80_373a9a40221f768f7139,TKKDKSRSKKKLWKSRKKLAKASKD,true,true,16,R16I,KKKDKSLSKKKLWKAIKKLAKASKD,4aea5ca642a8e36814d738c7225c1707004f6720b445f387fe1536d8f6d67db7,activity-rescue-4aea5ca642a8e36814d7,5.4879999999999995,2,0.32,9.984,false,search_prefilter,2899.58,11.150390625,0.28,0.3202289861539906,0.446,0.495,low,0.655,0.155,Non-Toxin,0.030000000000000027,true,true,true
vegfa,13,masked_substitution,autoresearch-macrel-endpoint-rescue-v1,fb5dc310c4a42b8af9885577f147c77b779139948125129de4926e179a34a836,a8fbf2724bdcbca59253a1d873fbdc2e5c2257c7dec026f12b1729a9ae0000bf,a8fbf2724bdcbca59253a1d873fbdc2e5c2257c7dec026f12b1729a9ae0000bf,KKKDKSLSKKKLWKARKKLAKASKD,macrel,macrel_amp_probability,0.416,seqfam80_373a9a40221f768f7139,TKKDKSRSKKKLWKSRKKLAKASKD,true,true,8,S8W,KKKDKSLWKKKLWKARKKLAKASKD,7158654436a154c585de658386a6767d40f2ace638af360db76dd067fa560f48,activity-rescue-7158654436a154c585de,18.355999999999998,2,0.32,10.984,false,search_prefilter,3041.74,11.33447265625,0.24,0.2788820234076993,0.446,0.386,low,0.705,0.205,Non-Toxin,0.030000000000000027,true,true,true
vegfa,13,masked_substitution,autoresearch-macrel-endpoint-rescue-v1,7a6aeaa28c2537e67bc84b298440104441be611e1764b12feb1860cede182bbe,9ffc2377bdaa51cb1cc8496e86eb69c2cad11f2e0deda69930086144de06860f,9ffc2377bdaa51cb1cc8496e86eb69c2cad11f2e0deda69930086144de06860f,KKKDFSRSKKKLWKARKKLAKASKD,macrel,macrel_amp_probability,0.416,seqfam80_373a9a40221f768f7139,TKKDKSRSKKKLWKSRKKLAKASKD,true,true,9,K9F,KKKDFSRSFKKLWKARKKLAKASKD,2b62c07bc977164fa47fb640e98ca10e8a6be60fa81a6ab64a780fbfb90aa317,activity-rescue-2b62c07bc977164fa47f,28.532,2,0.32,9.985,false,search_prefilter,3023.63,11.468994140625,0.28,0.4734309883665474,0.441,0.455,low,0.58,0.08,Non-Toxin,0.025000000000000022,true,true,false
vegfa,13,masked_substitution,autoresearch-macrel-endpoint-rescue-v1,775c82b54b7bb5d4bcbe395262f4784ce1bc8336f049eb527eb50fc24751e470,9ffc2377bdaa51cb1cc8496e86eb69c2cad11f2e0deda69930086144de06860f,9ffc2377bdaa51cb1cc8496e86eb69c2cad11f2e0deda69930086144de06860f,KKKDFSRSKKKLWKARKKLAKASKD,macrel,macrel_amp_probability,0.416,seqfam80_373a9a40221f768f7139,TKKDKSRSKKKLWKSRKKLAKASKD,true,true,16,R16Y,KKKDFSRSKKKLWKAYKKLAKASKD,cc9fd7d17ac76f0284fa412dc316a2df8c2accf2f76ebbe5dde1d4a59b9c35f2,activity-rescue-cc9fd7d17ac76f0284fa,34.544000000000004,2,0.32,9.982,false,search_prefilter,3011.62,11.0997314453125,0.24,0.4999464787109074,0.441,0.426,low,0.52,0.02,Non-Toxin,0.025000000000000022,true,true,false
vegfa,13,masked_substitution,autoresearch-macrel-endpoint-rescue-v1,156d637f838c7590d4f7e8a9a35ddf7ac7fa933eba67f1ad7ca6f3277ddc1346,9ffc2377bdaa51cb1cc8496e86eb69c2cad11f2e0deda69930086144de06860f,9ffc2377bdaa51cb1cc8496e86eb69c2cad11f2e0deda69930086144de06860f,KKKDFSRSKKKLWKARKKLAKASKD,macrel,macrel_amp_probability,0.416,seqfam80_373a9a40221f768f7139,TKKDKSRSKKKLWKSRKKLAKASKD,true,true,23,S23F,KKKDFSRSKKKLWKARKKLAKAFKD,488c7a13247fc4bd0324851c91a74495733a77b1a74eda7b903293cba9a44eb0,activity-rescue-488c7a13247fc4bd0324,28.532,2,0.32,10.984,false,search_prefilter,3064.73,11.506591796875,0.28,0.4629480843485629,0.436,0.396,low,0.595,0.095,Non-Toxin,0.020000000000000018,true,true,false
vegfa,13,masked_substitution,autoresearch-macrel-endpoint-rescue-v1,62acee479b551653d18cd8f9fdacb48a48eb3a63178d5d11a3499f81917090f2,9ffc2377bdaa51cb1cc8496e86eb69c2cad11f2e0deda69930086144de06860f,9ffc2377bdaa51cb1cc8496e86eb69c2cad11f2e0deda69930086144de06860f,KKKDFSRSKKKLWKARKKLAKASKD,macrel,macrel_amp_probability,0.416,seqfam80_373a9a40221f768f7139,TKKDKSRSKKKLWKSRKKLAKASKD,true,true,24,K24Y,KKKDFSRSKKKLWKARKKLAKASYD,729f0c1449d06779ff61d73240d73296d3844f1c8fc98687aaf3c375a246e495,activity-rescue-729f0c1449d06779ff61,44.016,2,0.32,9.983,false,search_prefilter,3039.63,11.23095703125,0.24,0.3799703028192916,0.436,0.347,low,0.57,0.07,Non-Toxin,0.020000000000000018,true,true,false
vegfa,13,masked_substitution,autoresearch-macrel-endpoint-rescue-v1,06dda4e8b18becea600cfce38d12bfec4475a007f43e0abdea934f88bcfaa9e8,9ffc2377bdaa51cb1cc8496e86eb69c2cad11f2e0deda69930086144de06860f,9ffc2377bdaa51cb1cc8496e86eb69c2cad11f2e0deda69930086144de06860f,KKKDFSRSKKKLWKARKKLAKASKD,macrel,macrel_amp_probability,0.416,seqfam80_373a9a40221f768f7139,TKKDKSRSKKKLWKSRKKLAKASKD,true,true,10,K10W,KKKDFSRSKWKLWKARKKLAKASKD,b55671a1f110a71005b7b9d44945a0e94991fd3c48e43f0f70ec10b7e68fc5d7,activity-rescue-b55671a1f110a71005b7,34.544000000000004,2,0.32,9.985,false,search_prefilter,3062.67,11.468994140625,0.24,0.32520055167728373,0.436,0.297,low,0.65,0.15,Non-Toxin,0.020000000000000018,true,true,false
vegfa,13,masked_substitution,autoresearch-macrel-endpoint-rescue-v1,dc791b4ecc595de5b27ed75e149d713b11e36747dd07c6012b47eaf734bb9d03,9ffc2377bdaa51cb1cc8496e86eb69c2cad11f2e0deda69930086144de06860f,9ffc2377bdaa51cb1cc8496e86eb69c2cad11f2e0deda69930086144de06860f,KKKDFSRSKKKLWKARKKLAKASKD,macrel,macrel_amp_probability,0.416,seqfam80_373a9a40221f768f7139,TKKDKSRSKKKLWKSRKKLAKASKD,true,true,10,K10Y,KKKDFSRSKYKLWKARKKLAKASKD,e1e843ae4288b6fffa8120436a5121c1b29c57800677133e73be1a9a49901660,activity-rescue-e1e843ae4288b6fffa81,34.544000000000004,2,0.32,9.983,false,search_prefilter,3039.63,11.23095703125,0.24,0.3452760315860447,0.436,0.337,low,0.56,0.06,Non-Toxin,0.020000000000000018,true,true,false
vegfa,13,masked_substitution,autoresearch-macrel-endpoint-rescue-v1,ca3ce65fe08b937b0f2266686db4111c1ee7f3bc088cd1b85d4ede0780ee2e8e,9ffc2377bdaa51cb1cc8496e86eb69c2cad11f2e0deda69930086144de06860f,9ffc2377bdaa51cb1cc8496e86eb69c2cad11f2e0deda69930086144de06860f,KKKDFSRSKKKLWKARKKLAKASKD,macrel,macrel_amp_probability,0.416,seqfam80_373a9a40221f768f7139,TKKDKSRSKKKLWKSRKKLAKASKD,true,true,9,K9V,KKKDFSRSVKKLWKARKKLAKASKD,44972eaa29c434d0ca4a785c2097f00796b14e93cccaf2f7ee558150311b6a9f,activity-rescue-44972eaa29c434d0ca4a,33.392,2,0.32,9.985,false,search_prefilter,2975.59,11.468994140625,0.28,0.47081963058690784,0.436,0.446,low,0.58,0.08,Non-Toxin,0.020000000000000018,true,true,false
vegfa,13,masked_substitution,autoresearch-macrel-endpoint-rescue-v1,d6d3ba8aff6844b9aa673e532671580cc8df9f9ada424fefe2cd6a24d63c3b4f,9ffc2377bdaa51cb1cc8496e86eb69c2cad11f2e0deda69930086144de06860f,9ffc2377bdaa51cb1cc8496e86eb69c2cad11f2e0deda69930086144de06860f,KKKDFSRSKKKLWKARKKLAKASKD,macrel,macrel_amp_probability,0.416,seqfam80_373a9a40221f768f7139,TKKDKSRSKKKLWKSRKKLAKASKD,true,true,6,S6V,KKKDFVRSKKKLWKARKKLAKASKD,3a6c2e751fa6178fd4e2e8b14d2d241a491657caf36032d8c05dad8860f56d49,activity-rescue-3a6c2e751fa6178fd4e2,26.84,2,0.32,10.984,false,search_prefilter,3016.68,11.506591796875,0.28,0.3873669669888361,0.436,0.376,low,0.595,0.095,Non-Toxin,0.020000000000000018,true,true,false
vegfa,13,masked_substitution,autoresearch-macrel-endpoint-rescue-v1,a22943d55b7b9732b669a938d65c4a7d7bed8ee323741e900ad4156fc821c053,d17030b2ad8d1f99cf3b77f86b46e25aa7d7b4410a48647dd412cbad29a9631c,d17030b2ad8d1f99cf3b77f86b46e25aa7d7b4410a48647dd412cbad29a9631c,KKKDKAISKKKLWKSRKKLAKASKD,macrel,macrel_amp_probability,0.416,seqfam80_373a9a40221f768f7139,TKKDKSRSKKKLWKSRKKLAKASKD,true,true,9,K9F,KKKDKAISFKKLWKSRKKLAKASKD,03ae12c29caa674be7fbbfc531fcc6e3633afc329fb4815755285cc7b0e3dd81,activity-rescue-03ae12c29caa674be7fb,10.576000000000002,2,0.32,9.984,false,search_prefilter,2961.6,11.29150390625,0.28,0.2119911084963383,0.436,0.366,low,0.645,0.145,Non-Toxin,0.020000000000000018,true,true,false
vegfa,13,masked_substitution,autoresearch-macrel-endpoint-rescue-v1,502bb1f3857e5b5d48df445b55fbf1aae76535e40ec9153130f84cb869fa3a38,d17030b2ad8d1f99cf3b77f86b46e25aa7d7b4410a48647dd412cbad29a9631c,d17030b2ad8d1f99cf3b77f86b46e25aa7d7b4410a48647dd412cbad29a9631c,KKKDKAISKKKLWKSRKKLAKASKD,macrel,macrel_amp_probability,0.416,seqfam80_373a9a40221f768f7139,TKKDKSRSKKKLWKSRKKLAKASKD,true,true,10,K10F,KKKDKAISKFKLWKSRKKLAKASKD,ec0db1d2f7ff9811191cd3641a6bfcad5ee9b108025f09467b55f589ea64f317,activity-rescue-ec0db1d2f7ff9811191c,10.576000000000002,2,0.32,9.984,false,search_prefilter,2961.6,11.29150390625,0.28,0.07437120606527745,0.436,0.376,low,0.665,0.165,Non-Toxin,0.020000000000000018,true,true,false
vegfa,13,masked_substitution,autoresearch-macrel-endpoint-rescue-v1,3ce731b75f792e6390fb772f42718d9e87e3e278ac06f321755015d0bf91ce9c,d17030b2ad8d1f99cf3b77f86b46e25aa7d7b4410a48647dd412cbad29a9631c,d17030b2ad8d1f99cf3b77f86b46e25aa7d7b4410a48647dd412cbad29a9631c,KKKDKAISKKKLWKSRKKLAKASKD,macrel,macrel_amp_probability,0.416,seqfam80_373a9a40221f768f7139,TKKDKSRSKKKLWKSRKKLAKASKD,true,true,16,R16L,KKKDKAISKKKLWKSLKKLAKASKD,1d1ee703d324057d680473e70186f9315daadd3b7969455f4e99f6f273657972,activity-rescue-1d1ee703d324057d6804,5.4879999999999995,2,0.32,9.984,false,search_prefilter,2899.58,11.150390625,0.28,0.26824198981780784,0.436,0.485,low,0.665,0.165,Non-Toxin,0.020000000000000018,true,true,false
vegfa,13,masked_substitution,autoresearch-macrel-endpoint-rescue-v1,e37c01e9e27ab7a6dad9a17ee95d9c13412fc104704551e0a32b603117aa08c2,d17030b2ad8d1f99cf3b77f86b46e25aa7d7b4410a48647dd412cbad29a9631c,d17030b2ad8d1f99cf3b77f86b46e25aa7d7b4410a48647dd412cbad29a9631c,KKKDKAISKKKLWKSRKKLAKASKD,macrel,macrel_amp_probability,0.416,seqfam80_373a9a40221f768f7139,TKKDKSRSKKKLWKSRKKLAKASKD,true,true,10,K10Y,KKKDKAISKYKLWKSRKKLAKASKD,3a439770a54696cd1e96d03a5cdb7f141d9ee5b45033efdf70b8973e30122dfe,activity-rescue-3a439770a54696cd1e96,16.588,2,0.32,9.982,false,search_prefilter,2977.6,11.0997314453125,0.24,0.11034125496996733,0.436,0.337,low,0.595,0.095,Non-Toxin,0.020000000000000018,true,true,false
vegfa,13,masked_substitution,autoresearch-macrel-endpoint-rescue-v1,890d9e6f06355e57e541d2fa94811c1c5c9a21c32ac00e20959d93a786e3ad98,d17030b2ad8d1f99cf3b77f86b46e25aa7d7b4410a48647dd412cbad29a9631c,d17030b2ad8d1f99cf3b77f86b46e25aa7d7b4410a48647dd412cbad29a9631c,KKKDKAISKKKLWKSRKKLAKASKD,macrel,macrel_amp_probability,0.416,seqfam80_373a9a40221f768f7139,TKKDKSRSKKKLWKSRKKLAKASKD,true,true,9,K9Y,KKKDKAISYKKLWKSRKKLAKASKD,c4a3d04af30b8d9b54cb68f4343c02c988df5d436054db73f06a2ea81f96034a,activity-rescue-c4a3d04af30b8d9b54cb,16.588,2,0.32,9.982,false,search_prefilter,2977.6,11.0997314453125,0.24,0.19458705616306954,0.436,0.337,low,0.6,0.1,Non-Toxin,0.020000000000000018,true,true,false
vegfa,13,masked_substitution,autoresearch-macrel-endpoint-rescue-v1,f09dc6c88cd71de79a54e722fe71b29640d8903d111909b3a7863686749b21c7,67f455fe624f420dde2e1dd877237db299baaff2fbe697fe38c764935283c56d,67f455fe624f420dde2e1dd877237db299baaff2fbe697fe38c764935283c56d,KKKDKSISKKKLWKARKKLAKASKD,macrel,macrel_amp_probability,0.416,seqfam80_373a9a40221f768f7139,TKKDKSRSKKKLWKSRKKLAKASKD,true,true,16,R16W,KKKDKSISKKKLWKAWKKLAKASKD,86c768e2854db837e012e552f73ace592c7e8ade2de676a87d2acb45f18d435e,activity-rescue-86c768e2854db837e012,8.884,2,0.32,9.984,false,search_prefilter,2972.63,11.150390625,0.24,0.2965579002805935,0.436,0.475,low,0.65,0.15,Non-Toxin,0.020000000000000018,true,true,false
vegfa,13,masked_substitution,autoresearch-macrel-endpoint-rescue-v1,21b6a54312b1395619f26a2ae9194787874b14d8f0f92e890985da1d098149f3,a8fbf2724bdcbca59253a1d873fbdc2e5c2257c7dec026f12b1729a9ae0000bf,a8fbf2724bdcbca59253a1d873fbdc2e5c2257c7dec026f12b1729a9ae0000bf,KKKDKSLSKKKLWKARKKLAKASKD,macrel,macrel_amp_probability,0.416,seqfam80_373a9a40221f768f7139,TKKDKSRSKKKLWKSRKKLAKASKD,true,true,16,R16W,KKKDKSLSKKKLWKAWKKLAKASKD,6089159dea0592e19c4f24a30ad03995715365e2088feca2912985cc0e0c27ba,activity-rescue-6089159dea0592e19c4f,8.884,2,0.32,9.984,false,search_prefilter,2972.63,11.150390625,0.24,0.3042774091336298,0.436,0.475,low,0.685,0.185,Non-Toxin,0.020000000000000018,true,true,false
vegfa,13,masked_substitution,autoresearch-macrel-endpoint-rescue-v1,8faf4a34bdfa27b7dbb25f920d146b3ef651d60e1a830c4b45e7e74c43b9db83,a8fbf2724bdcbca59253a1d873fbdc2e5c2257c7dec026f12b1729a9ae0000bf,a8fbf2724bdcbca59253a1d873fbdc2e5c2257c7dec026f12b1729a9ae0000bf,KKKDKSLSKKKLWKARKKLAKASKD,macrel,macrel_amp_probability,0.416,seqfam80_373a9a40221f768f7139,TKKDKSRSKKKLWKSRKKLAKASKD,true,true,2,K2Y,KYKDKSLSKKKLWKARKKLAKASKD,2d0dd01cd7ee5c5ae4893859c23130c208fc55628bafa9f59942f667ed5c1af8,activity-rescue-2d0dd01cd7ee5c5ae489,8.884,2,0.32,9.982,false,search_prefilter,2977.6,11.0997314453125,0.24,0.22069484934545866,0.436,0.337,low,0.615,0.115,Non-Toxin,0.020000000000000018,true,true,false
vegfa,13,masked_substitution,autoresearch-macrel-endpoint-rescue-v1,6a2176add1f1745f83a155f8b352b0039ad5ddcfd3ca416816d77e16ae1a2d13,67f455fe624f420dde2e1dd877237db299baaff2fbe697fe38c764935283c56d,67f455fe624f420dde2e1dd877237db299baaff2fbe697fe38c764935283c56d,KKKDKSISKKKLWKARKKLAKASKD,macrel,macrel_amp_probability,0.416,seqfam80_373a9a40221f768f7139,TKKDKSRSKKKLWKSRKKLAKASKD,true,true,1,K1I,IKKDKSISKKKLWKARKKLAKASKD,6f4342e0b18cbd99cfdc2200841aceef2b8d7cbcfd27d32c584cb594c8cac51f,activity-rescue-6f4342e0b18cbd99cfdc,5.4879999999999995,2,0.32,9.984,false,search_prefilter,2927.59,11.29150390625,0.28,0.3491608341068868,0.426,0.416,low,0.63,0.13,Non-Toxin,0.010000000000000009,true,true,false
vegfa,13,masked_substitution,autoresearch-macrel-endpoint-rescue-v1,b59201b2e1adf45392af76fccb000e53677e1f9dc7a21124a18df107dd378394,a8fbf2724bdcbca59253a1d873fbdc2e5c2257c7dec026f12b1729a9ae0000bf,a8fbf2724bdcbca59253a1d873fbdc2e5c2257c7dec026f12b1729a9ae0000bf,KKKDKSLSKKKLWKARKKLAKASKD,macrel,macrel_amp_probability,0.416,seqfam80_373a9a40221f768f7139,TKKDKSRSKKKLWKSRKKLAKASKD,true,true,1,K1I,IKKDKSLSKKKLWKARKKLAKASKD,d3c8bc1672a81463e6309226264d41d83a12c15037eb45c359a6ce76e5b3aab9,activity-rescue-d3c8bc1672a81463e630,5.4879999999999995,2,0.32,9.984,false,search_prefilter,2927.59,11.29150390625,0.28,0.3532220853294097,0.426,0.416,low,0.66,0.16,Non-Toxin,0.010000000000000009,true,true,false
vegfa,13,masked_substitution,autoresearch-macrel-endpoint-rescue-v1,0e3b8c4be65ccffe4db00cb37f50f3472503e579388e7043568664d88b187828,9ffc2377bdaa51cb1cc8496e86eb69c2cad11f2e0deda69930086144de06860f,9ffc2377bdaa51cb1cc8496e86eb69c2cad11f2e0deda69930086144de06860f,KKKDFSRSKKKLWKARKKLAKASKD,macrel,macrel_amp_probability,0.416,seqfam80_373a9a40221f768f7139,TKKDKSRSKKKLWKSRKKLAKASKD,true,true,6,S6F,KKKDFFRSKKKLWKARKKLAKASKD,007c25863795deb11fd011473d41327c7493ff929abbf4e484188bd1eba90322,activity-rescue-007c25863795deb11fd0,26.84,2,0.32,10.984,false,search_prefilter,3064.73,11.506591796875,0.28,0.3857588911424786,0.426,0.436,low,0.645,0.145,Non-Toxin,0.010000000000000009,true,true,false
vegfa,13,masked_substitution,autoresearch-macrel-endpoint-rescue-v1,f4c86f40bfdeed9e34ba7ab275bfe9dc02b56b8e001c43fee9cf886bb7981db3,9ffc2377bdaa51cb1cc8496e86eb69c2cad11f2e0deda69930086144de06860f,9ffc2377bdaa51cb1cc8496e86eb69c2cad11f2e0deda69930086144de06860f,KKKDFSRSKKKLWKARKKLAKASKD,macrel,macrel_amp_probability,0.416,seqfam80_373a9a40221f768f7139,TKKDKSRSKKKLWKSRKKLAKASKD,true,true,23,S23V,KKKDFSRSKKKLWKARKKLAKAVKD,f62294c677bf84aa22340c15dc239fddb78ce9a1f9282c64da15e8031dce5641,activity-rescue-f62294c677bf84aa2234,33.392,2,0.32,10.984,false,search_prefilter,3016.68,11.506591796875,0.28,0.4591481236176793,0.426,0.337,low,0.575,0.075,Non-Toxin,0.010000000000000009,true,true,false
vegfa,13,masked_substitution,autoresearch-macrel-endpoint-rescue-v1,2c0fcc538f4e09208396dad0ab1f9c300fa610c6bff562f9269d1a0f4574e1eb,9ffc2377bdaa51cb1cc8496e86eb69c2cad11f2e0deda69930086144de06860f,9ffc2377bdaa51cb1cc8496e86eb69c2cad11f2e0deda69930086144de06860f,KKKDFSRSKKKLWKARKKLAKASKD,macrel,macrel_amp_probability,0.416,seqfam80_373a9a40221f768f7139,TKKDKSRSKKKLWKSRKKLAKASKD,true,true,9,K9L,KKKDFSRSLKKLWKARKKLAKASKD,21176d4d2f126a70fbc8355ff058ce7726be48076fd2c5907bbcd9c17f115d49,activity-rescue-21176d4d2f126a70fbc8,31.147999999999996,2,0.32,9.985,false,search_prefilter,2989.62,11.468994140625,0.28,0.47081963058690784,0.426,0.465,low,0.58,0.08,Non-Toxin,0.010000000000000009,true,true,false
vegfa,13,masked_substitution,autoresearch-macrel-endpoint-rescue-v1,ebaf0dd1bb3e3b6e24cb68a829b726517fdcc5d35434afe8efee6b9b64bc60e8,9ffc2377bdaa51cb1cc8496e86eb69c2cad11f2e0deda69930086144de06860f,9ffc2377bdaa51cb1cc8496e86eb69c2cad11f2e0deda69930086144de06860f,KKKDFSRSKKKLWKARKKLAKASKD,macrel,macrel_amp_probability,0.416,seqfam80_373a9a40221f768f7139,TKKDKSRSKKKLWKSRKKLAKASKD,true,true,7,R7V,KKKDFSVSKKKLWKARKKLAKASKD,81b9477c506c48a708d676e742ad74da192a1d8849a420213aa5afbb7eff9021,activity-rescue-81b9477c506c48a708d6,9.264,2,0.32,9.984,false,search_prefilter,2947.58,11.29150390625,0.28,0.31555364392305285,0.426,0.327,low,0.585,0.085,Non-Toxin,0.010000000000000009,true,true,false
vegfa,13,masked_substitution,autoresearch-macrel-endpoint-rescue-v1,cc3c280de5ba8cb197c6c1eba38644e237de75090fe55de50b23796827b448d9,d17030b2ad8d1f99cf3b77f86b46e25aa7d7b4410a48647dd412cbad29a9631c,d17030b2ad8d1f99cf3b77f86b46e25aa7d7b4410a48647dd412cbad29a9631c,KKKDKAISKKKLWKSRKKLAKASKD,macrel,macrel_amp_probability,0.416,seqfam80_373a9a40221f768f7139,TKKDKSRSKKKLWKSRKKLAKASKD,true,true,15,S15A,KKKDKAISKKKLWKARKKLAKASKD,b7ee067caa193d9b23282c31f1c39eb3315a073ccd3b8f0803953090b7febeae,activity-rescue-b7ee067caa193d9b2328,8.884,2,0.32,10.984,false,search_prefilter,2926.6,11.33447265625,0.28,0.20743829771481007,0.426,0.366,low,0.62,0.12,Non-Toxin,0.010000000000000009,true,true,false
vegfa,13,masked_substitution,autoresearch-macrel-endpoint-rescue-v1,13db2b1e0c3e21ab37ebc9bfd31a0d4d83782b8baaada190016d6d37a1b23579,d17030b2ad8d1f99cf3b77f86b46e25aa7d7b4410a48647dd412cbad29a9631c,d17030b2ad8d1f99cf3b77f86b46e25aa7d7b4410a48647dd412cbad29a9631c,KKKDKAISKKKLWKSRKKLAKASKD,macrel,macrel_amp_probability,0.416,seqfam80_373a9a40221f768f7139,TKKDKSRSKKKLWKSRKKLAKASKD,true,true,15,S15I,KKKDKAISKKKLWKIRKKLAKASKD,fbe11914d1fb7cc0d939a40ae2339e6f7f9a4c63fb12f9ac942ace791d67a3be,activity-rescue-fbe11914d1fb7cc0d939,5.4879999999999995,2,0.32,10.984,false,search_prefilter,2968.68,11.33447265625,0.28,0.23567857247972016,0.426,0.465,low,0.645,0.145,Non-Toxin,0.010000000000000009,true,true,false
vegfa,13,masked_substitution,autoresearch-macrel-endpoint-rescue-v1,c7c45fcf3aa496a9f29941d07acbab3319100db019da8fcbfa233c72e3a25f2c,d17030b2ad8d1f99cf3b77f86b46e25aa7d7b4410a48647dd412cbad29a9631c,d17030b2ad8d1f99cf3b77f86b46e25aa7d7b4410a48647dd412cbad29a9631c,KKKDKAISKKKLWKSRKKLAKASKD,macrel,macrel_amp_probability,0.416,seqfam80_373a9a40221f768f7139,TKKDKSRSKKKLWKSRKKLAKASKD,true,true,15,S15L,KKKDKAISKKKLWKLRKKLAKASKD,1bb33e359adf08c68b895f8defdb7d14985db304ae03328c1f36346380d30f54,activity-rescue-1bb33e359adf08c68b89,13.192,2,0.32,10.984,false,search_prefilter,2968.68,11.33447265625,0.28,0.22472430168862478,0.426,0.446,low,0.635,0.135,Non-Toxin,0.010000000000000009,true,true,false
vegfa,13,masked_substitution,autoresearch-macrel-endpoint-rescue-v1,5e997d122ab806541ee4a0168941db3672caf780f63daef332763830b61d9df5,d17030b2ad8d1f99cf3b77f86b46e25aa7d7b4410a48647dd412cbad29a9631c,d17030b2ad8d1f99cf3b77f86b46e25aa7d7b4410a48647dd412cbad29a9631c,KKKDKAISKKKLWKSRKKLAKASKD,macrel,macrel_amp_probability,0.416,seqfam80_373a9a40221f768f7139,TKKDKSRSKKKLWKSRKKLAKASKD,true,true,23,S23A,KKKDKAISKKKLWKSRKKLAKAAKD,1a732bd3edfeda2455210cbe3c43c0d350e528dc7d058044e4335f4ff6c64326,activity-rescue-1a732bd3edfeda245521,16.588,2,0.32,10.984,false,search_prefilter,2926.6,11.33447265625,0.28,0.20214826486784113,0.426,0.327,low,0.605,0.105,Non-Toxin,0.010000000000000009,true,true,false
vegfa,13,masked_substitution,autoresearch-macrel-endpoint-rescue-v1,46cdab1440b3b9a430e19334e784b7ae125967217c70bde53387a2d2eb305abf,d17030b2ad8d1f99cf3b77f86b46e25aa7d7b4410a48647dd412cbad29a9631c,d17030b2ad8d1f99cf3b77f86b46e25aa7d7b4410a48647dd412cbad29a9631c,KKKDKAISKKKLWKSRKKLAKASKD,macrel,macrel_amp_probability,0.416,seqfam80_373a9a40221f768f7139,TKKDKSRSKKKLWKSRKKLAKASKD,true,true,23,S23I,KKKDKAISKKKLWKSRKKLAKAIKD,09ce8ab452f579152309d742535e2ea82b12b0d8aa84fdb7159c051726b642e3,activity-rescue-09ce8ab452f579152309,13.192,2,0.32,10.984,false,search_prefilter,2968.68,11.33447265625,0.28,0.2264179872400678,0.426,0.446,low,0.655,0.155,Non-Toxin,0.010000000000000009,true,true,false
vegfa,13,masked_substitution,autoresearch-macrel-endpoint-rescue-v1,a7c8dc7b54585be29122b048113af38065c02f19355e2767882e0c19ddc22088,d17030b2ad8d1f99cf3b77f86b46e25aa7d7b4410a48647dd412cbad29a9631c,d17030b2ad8d1f99cf3b77f86b46e25aa7d7b4410a48647dd412cbad29a9631c,KKKDKAISKKKLWKSRKKLAKASKD,macrel,macrel_amp_probability,0.416,seqfam80_373a9a40221f768f7139,TKKDKSRSKKKLWKSRKKLAKASKD,true,true,24,K24F,KKKDKAISKKKLWKSRKKLAKASFD,291632bcc6fe4a2623ee5c7ab0ab6f5093cc15d6ca6089fa1dbd791b0a5baa50,activity-rescue-291632bcc6fe4a2623ee,21.524,2,0.32,9.984,false,search_prefilter,2961.6,11.29150390625,0.28,0.1041500849641222,0.426,0.337,low,0.575,0.075,Non-Toxin,0.010000000000000009,true,true,false
vegfa,13,masked_substitution,autoresearch-macrel-endpoint-rescue-v1,1d67f2533a63163d54fb438813191a2a41704b4b29b578aa37c9e49e01d2bd8c,a8fbf2724bdcbca59253a1d873fbdc2e5c2257c7dec026f12b1729a9ae0000bf,a8fbf2724bdcbca59253a1d873fbdc2e5c2257c7dec026f12b1729a9ae0000bf,KKKDKSLSKKKLWKARKKLAKASKD,macrel,macrel_amp_probability,0.416,seqfam80_373a9a40221f768f7139,TKKDKSRSKKKLWKSRKKLAKASKD,true,true,6,S6A,KKKDKALSKKKLWKARKKLAKASKD,ce579b2eb041c80e87ae0941cc143c73db1632e40ee45f99da8aef04dc777c58,activity-rescue-ce579b2eb041c80e87ae,8.884,2,0.32,10.984,false,search_prefilter,2926.6,11.33447265625,0.28,0.2112452665730199,0.426,0.366,low,0.685,0.185,Non-Toxin,0.010000000000000009,true,true,false
vegfa,13,masked_substitution,autoresearch-macrel-endpoint-rescue-v1,b613873c9b16c4fb27db83744085b619e2e3b22e0bb1bc66341c772e38ebcc7c,a8fbf2724bdcbca59253a1d873fbdc2e5c2257c7dec026f12b1729a9ae0000bf,a8fbf2724bdcbca59253a1d873fbdc2e5c2257c7dec026f12b1729a9ae0000bf,KKKDKSLSKKKLWKARKKLAKASKD,macrel,macrel_amp_probability,0.416,seqfam80_373a9a40221f768f7139,TKKDKSRSKKKLWKSRKKLAKASKD,true,true,6,S6L,KKKDKLLSKKKLWKARKKLAKASKD,e9d4673f9ffec49e21ad2e591921c8332176e56975a9212d333b7f7300b4916b,activity-rescue-e9d4673f9ffec49e21ad,5.4879999999999995,2,0.32,10.984,false,search_prefilter,2968.68,11.33447265625,0.28,0.19486276021639765,0.426,0.436,low,0.715,0.215,Non-Toxin,0.010000000000000009,true,true,false
vegfa,13,masked_substitution,autoresearch-macrel-endpoint-rescue-v1,1af66bfd05c9072b29bf5ed9cf341d53c45ef7b15cfe1538d856b7806912b683,67f455fe624f420dde2e1dd877237db299baaff2fbe697fe38c764935283c56d,67f455fe624f420dde2e1dd877237db299baaff2fbe697fe38c764935283c56d,KKKDKSISKKKLWKARKKLAKASKD,macrel,macrel_amp_probability,0.416,seqfam80_373a9a40221f768f7139,TKKDKSRSKKKLWKSRKKLAKASKD,true,true,8,S8A,KKKDKSIAKKKLWKARKKLAKASKD,1477cab5e186ddcf55ab75d44caae5a624401db9109fba3535df6f8737b17e31,activity-rescue-1477cab5e186ddcf55ab,8.884,2,0.32,10.984,false,search_prefilter,2926.6,11.33447265625,0.28,0.2683623545462193,0.426,0.356,low,0.66,0.16,Non-Toxin,0.010000000000000009,true,true,false
vegfa,13,masked_substitution,autoresearch-macrel-endpoint-rescue-v1,d7141fd3490f40d6699b8aac50368ab38bfefcbab807eb06983c64372cc80205,67f455fe624f420dde2e1dd877237db299baaff2fbe697fe38c764935283c56d,67f455fe624f420dde2e1dd877237db299baaff2fbe697fe38c764935283c56d,KKKDKSISKKKLWKARKKLAKASKD,macrel,macrel_amp_probability,0.416,seqfam80_373a9a40221f768f7139,TKKDKSRSKKKLWKSRKKLAKASKD,true,true,23,S23A,KKKDKSISKKKLWKARKKLAKAAKD,5478e22b57ceef3f4b6f52b44308db1cc6f611880f8800e07b416121dc3c363f,activity-rescue-5478e22b57ceef3f4b6f,8.884,2,0.32,10.984,false,search_prefilter,2926.6,11.33447265625,0.28,0.2554360949961369,0.426,0.396,low,0.61,0.11,Non-Toxin,0.010000000000000009,true,true,false
vegfa,13,masked_substitution,autoresearch-macrel-endpoint-rescue-v1,fc33c12d20ae6612415083e4819c27f59d70d2f9757864c8008490b9217b0bef,67f455fe624f420dde2e1dd877237db299baaff2fbe697fe38c764935283c56d,67f455fe624f420dde2e1dd877237db299baaff2fbe697fe38c764935283c56d,KKKDKSISKKKLWKARKKLAKASKD,macrel,macrel_amp_probability,0.416,seqfam80_373a9a40221f768f7139,TKKDKSRSKKKLWKSRKKLAKASKD,true,true,16,R16Y,KKKDKSISKKKLWKAYKKLAKASKD,f42d32dc21822d21af04ace120551bc8acb1aed33d623e90fa25630a5eb0ec94,activity-rescue-f42d32dc21822d21af04,8.884,2,0.32,9.982,false,search_prefilter,2949.59,10.9935302734375,0.24,0.283180696411428,0.426,0.485,low,0.515,0.015,Non-Toxin,0.010000000000000009,true,true,false
vegfa,13,masked_substitution,autoresearch-macrel-endpoint-rescue-v1,95aba31c7961a86ee9b98fe3b72ff3ce211506be62030d9bf4a63ce0290eb760,67f455fe624f420dde2e1dd877237db299baaff2fbe697fe38c764935283c56d,67f455fe624f420dde2e1dd877237db299baaff2fbe697fe38c764935283c56d,KKKDKSISKKKLWKARKKLAKASKD,macrel,macrel_amp_probability,0.416,seqfam80_373a9a40221f768f7139,TKKDKSRSKKKLWKSRKKLAKASKD,true,true,10,K10W,KKKDKSISKWKLWKARKKLAKASKD,70aee8e1f052d3e29ea2985003ae653b961a85b6916a7c1371cff653e437e3f5,activity-rescue-70aee8e1f052d3e29ea2,8.884,2,0.32,9.984,false,search_prefilter,3000.64,11.29150390625,0.24,0.15018898621966317,0.426,0.366,low,0.68,0.18,Non-Toxin,0.010000000000000009,true,true,false
vegfa,13,masked_substitution,autoresearch-macrel-endpoint-rescue-v1,85738b03044166aab166590140ec7576decb149375622d60f17d2a1cd4b5cf6c,67f455fe624f420dde2e1dd877237db299baaff2fbe697fe38c764935283c56d,67f455fe624f420dde2e1dd877237db299baaff2fbe697fe38c764935283c56d,KKKDKSISKKKLWKARKKLAKASKD,macrel,macrel_amp_probability,0.416,seqfam80_373a9a40221f768f7139,TKKDKSRSKKKLWKSRKKLAKASKD,true,true,10,K10Y,KKKDKSISKYKLWKARKKLAKASKD,25d9eac688af0b308acd6a2c4e06b3f4b37933c94c608b49e755f52d52512644,activity-rescue-25d9eac688af0b308acd,8.884,2,0.32,9.982,false,search_prefilter,2977.6,11.0997314453125,0.24,0.1701312069098038,0.426,0.356,low,0.58,0.08,Non-Toxin,0.010000000000000009,true,true,false
vegfa,13,masked_substitution,autoresearch-macrel-endpoint-rescue-v1,a598a0c113f5f6cdd9121a9c2a5b7a7385b046ded5d63105442b468230f8df1a,67f455fe624f420dde2e1dd877237db299baaff2fbe697fe38c764935283c56d,67f455fe624f420dde2e1dd877237db299baaff2fbe697fe38c764935283c56d,KKKDKSISKKKLWKARKKLAKASKD,macrel,macrel_amp_probability,0.416,seqfam80_373a9a40221f768f7139,TKKDKSRSKKKLWKSRKKLAKASKD,true,true,9,K9W,KKKDKSISWKKLWKARKKLAKASKD,46e1c3c5d1f94dbac1ed913f18a18cd169fd80e6b306fa0a94db3150f15b9114,activity-rescue-46e1c3c5d1f94dbac1ed,8.884,2,0.32,9.984,false,search_prefilter,3000.64,11.29150390625,0.24,0.24376220561038814,0.426,0.366,low,0.69,0.19,Non-Toxin,0.010000000000000009,true,true,false
vegfa,13,masked_substitution,autoresearch-macrel-endpoint-rescue-v1,703abcf253c76f05023a3a06414c37d9b03cb4ce76c67493d5a95269eb1826a2,67f455fe624f420dde2e1dd877237db299baaff2fbe697fe38c764935283c56d,67f455fe624f420dde2e1dd877237db299baaff2fbe697fe38c764935283c56d,KKKDKSISKKKLWKARKKLAKASKD,macrel,macrel_amp_probability,0.416,seqfam80_373a9a40221f768f7139,TKKDKSRSKKKLWKSRKKLAKASKD,true,true,9,K9Y,KKKDKSISYKKLWKARKKLAKASKD,263b9e9656d67e53f0fedb4383629475c6e6339bfa20e8746a74c4243161441d,activity-rescue-263b9e9656d67e53f0fe,8.884,2,0.32,9.982,false,search_prefilter,2977.6,11.0997314453125,0.24,0.23881150962271988,0.426,0.356,low,0.6,0.1,Non-Toxin,0.010000000000000009,true,true,false
vegfa,13,masked_substitution,autoresearch-macrel-endpoint-rescue-v1,73066e094ec2526edea47cb75f2f3f08b94b0ee7846ae0186868a9c1cd910106,a8fbf2724bdcbca59253a1d873fbdc2e5c2257c7dec026f12b1729a9ae0000bf,a8fbf2724bdcbca59253a1d873fbdc2e5c2257c7dec026f12b1729a9ae0000bf,KKKDKSLSKKKLWKARKKLAKASKD,macrel,macrel_amp_probability,0.416,seqfam80_373a9a40221f768f7139,TKKDKSRSKKKLWKSRKKLAKASKD,true,true,8,S8A,KKKDKSLAKKKLWKARKKLAKASKD,0cc18a44a9ad0dbe88847937e1edd51461146a320ab3fbc507653ad68bb2bb11,activity-rescue-0cc18a44a9ad0dbe8884,8.884,2,0.32,10.984,false,search_prefilter,2926.6,11.33447265625,0.28,0.27131580976470715,0.426,0.356,low,0.66,0.16,Non-Toxin,0.010000000000000009,true,true,false
vegfa,13,masked_substitution,autoresearch-macrel-endpoint-rescue-v1,11fd56eb17f8b13fe93a012f99ac02c0f86cd91765abbfe9e77521e2b090137b,a8fbf2724bdcbca59253a1d873fbdc2e5c2257c7dec026f12b1729a9ae0000bf,a8fbf2724bdcbca59253a1d873fbdc2e5c2257c7dec026f12b1729a9ae0000bf,KKKDKSLSKKKLWKARKKLAKASKD,macrel,macrel_amp_probability,0.416,seqfam80_373a9a40221f768f7139,TKKDKSRSKKKLWKSRKKLAKASKD,true,true,23,S23A,KKKDKSLSKKKLWKARKKLAKAAKD,eb18f01a3845d14f8bfd8f3f7723fe9dc4a5c7fe4f3f524f8fc874849f3cddd7,activity-rescue-eb18f01a3845d14f8bfd,8.884,2,0.32,10.984,false,search_prefilter,2926.6,11.33447265625,0.28,0.25967255544219314,0.426,0.396,low,0.64,0.14,Non-Toxin,0.010000000000000009,true,true,false
vegfa,13,masked_substitution,autoresearch-macrel-endpoint-rescue-v1,a8083c162dbf555b7f453f2aa297166208f76080121f571427af29d55baba19b,a8fbf2724bdcbca59253a1d873fbdc2e5c2257c7dec026f12b1729a9ae0000bf,a8fbf2724bdcbca59253a1d873fbdc2e5c2257c7dec026f12b1729a9ae0000bf,KKKDKSLSKKKLWKARKKLAKASKD,macrel,macrel_amp_probability,0.416,seqfam80_373a9a40221f768f7139,TKKDKSRSKKKLWKSRKKLAKASKD,true,true,16,R16Y,KKKDKSLSKKKLWKAYKKLAKASKD,90f72bc1d883c50bba2df6120bcb99be361f4915caabea8a0550ab77d35db168,activity-rescue-90f72bc1d883c50bba2d,8.884,2,0.32,9.982,false,search_prefilter,2949.59,10.9935302734375,0.24,0.2903471375961906,0.426,0.485,low,0.57,0.07,Non-Toxin,0.010000000000000009,true,true,false
vegfa,13,masked_substitution,autoresearch-macrel-endpoint-rescue-v1,67529b3de5b3fdc4f641b1ac78c91bdfe201b242c898b05a95b28e672442dd30,a8fbf2724bdcbca59253a1d873fbdc2e5c2257c7dec026f12b1729a9ae0000bf,a8fbf2724bdcbca59253a1d873fbdc2e5c2257c7dec026f12b1729a9ae0000bf,KKKDKSLSKKKLWKARKKLAKASKD,macrel,macrel_amp_probability,0.416,seqfam80_373a9a40221f768f7139,TKKDKSRSKKKLWKSRKKLAKASKD,true,true,10,K10Y,KKKDKSLSKYKLWKARKKLAKASKD,2b0263c93ed6328be298d0cb83b5f8f5f28f1a05f1bbea2495415c3de0b850ad,activity-rescue-2b0263c93ed6328be298,8.884,2,0.32,9.982,false,search_prefilter,2977.6,11.0997314453125,0.24,0.17193132656623786,0.426,0.356,low,0.615,0.115,Non-Toxin,0.010000000000000009,true,true,false
vegfa,13,masked_substitution,autoresearch-macrel-endpoint-rescue-v1,8c48ddc69c8e5d3d26788ff2cfdb6597ed03a484fdc4dc63f930325965d99197,a8fbf2724bdcbca59253a1d873fbdc2e5c2257c7dec026f12b1729a9ae0000bf,a8fbf2724bdcbca59253a1d873fbdc2e5c2257c7dec026f12b1729a9ae0000bf,KKKDKSLSKKKLWKARKKLAKASKD,macrel,macrel_amp_probability,0.416,seqfam80_373a9a40221f768f7139,TKKDKSRSKKKLWKSRKKLAKASKD,true,true,9,K9Y,KKKDKSLSYKKLWKARKKLAKASKD,037fefdf98700daae320992577e0733f6d8e03d7bd1e4b3d4f8b36b056401c94,activity-rescue-037fefdf98700daae320,8.884,2,0.32,9.982,false,search_prefilter,2977.6,11.0997314453125,0.24,0.24511057763915894,0.426,0.356,low,0.63,0.13,Non-Toxin,0.010000000000000009,true,true,false
vegfa,13,masked_substitution,autoresearch-macrel-endpoint-rescue-v1,b628331f4e5c5ac1104feb3092f517706b1a6af3e8b005174de0119c3df14573,67f455fe624f420dde2e1dd877237db299baaff2fbe697fe38c764935283c56d,67f455fe624f420dde2e1dd877237db299baaff2fbe697fe38c764935283c56d,KKKDKSISKKKLWKARKKLAKASKD,macrel,macrel_amp_probability,0.416,seqfam80_373a9a40221f768f7139,TKKDKSRSKKKLWKSRKKLAKASKD,true,true,1,K1L,LKKDKSISKKKLWKARKKLAKASKD,4fe977379547d1527aef8f636c97b00fc56a8e3552bbb3f6aa7a978af6af42dd,activity-rescue-4fe977379547d1527aef,5.4879999999999995,2,0.32,9.984,false,search_prefilter,2927.59,11.29150390625,0.28,0.33739499281177143,0.426,0.416,low,0.64,0.14,Non-Toxin,0.010000000000000009,true,true,false
vegfa,13,masked_substitution,autoresearch-macrel-endpoint-rescue-v1,b07c0013d2e4c1324dd6c523ad8c48d01b6d61d084e15f7cd552c33ceef9a9da,a8fbf2724bdcbca59253a1d873fbdc2e5c2257c7dec026f12b1729a9ae0000bf,a8fbf2724bdcbca59253a1d873fbdc2e5c2257c7dec026f12b1729a9ae0000bf,KKKDKSLSKKKLWKARKKLAKASKD,macrel,macrel_amp_probability,0.416,seqfam80_373a9a40221f768f7139,TKKDKSRSKKKLWKSRKKLAKASKD,true,true,1,K1L,LKKDKSLSKKKLWKARKKLAKASKD,5aadaae71942971d0c0844849f9f542c569734d91f301135aa3eef2b63df641f,activity-rescue-5aadaae71942971d0c08,5.4879999999999995,2,0.32,9.984,false,search_prefilter,2927.59,11.29150390625,0.28,0.34138531700220376,0.426,0.416,low,0.67,0.17,Non-Toxin,0.010000000000000009,true,true,false
vegfa,13,masked_substitution,autoresearch-macrel-endpoint-rescue-v1,0e797a56406e00361ec1048f6388c0d26e92717f014bdd9aa69c99ea656d308c,9ffc2377bdaa51cb1cc8496e86eb69c2cad11f2e0deda69930086144de06860f,9ffc2377bdaa51cb1cc8496e86eb69c2cad11f2e0deda69930086144de06860f,KKKDFSRSKKKLWKARKKLAKASKD,macrel,macrel_amp_probability,0.416,seqfam80_373a9a40221f768f7139,TKKDKSRSKKKLWKSRKKLAKASKD,true,true,24,K24F,KKKDFSRSKKKLWKARKKLAKASFD,c3bf2bf0d6185bd826549b7302ca20da6376a120b1877268a36ac000eb5a7499,activity-rescue-c3bf2bf0d6185bd82654,39.480000000000004,2,0.32,9.985,false,search_prefilter,3023.63,11.468994140625,0.28,0.3679648459421403,0.421,0.347,low,0.54,0.04,Non-Toxin,0.0050000000000000044,true,true,false
vegfa,13,masked_substitution,autoresearch-macrel-endpoint-rescue-v1,3d3c040fac0cf3c5c9e4c0080c458fb8db7625e10ea6fd5fd0703228b67c13d6,9ffc2377bdaa51cb1cc8496e86eb69c2cad11f2e0deda69930086144de06860f,9ffc2377bdaa51cb1cc8496e86eb69c2cad11f2e0deda69930086144de06860f,KKKDFSRSKKKLWKARKKLAKASKD,macrel,macrel_amp_probability,0.416,seqfam80_373a9a40221f768f7139,TKKDKSRSKKKLWKSRKKLAKASKD,true,true,16,R16W,KKKDFSRSKKKLWKAWKKLAKASKD,e4ca52c645918b1b90cbd79704298306e5c2f14cb43b3cbeb1057b1fc9a99386,activity-rescue-e4ca52c645918b1b90cb,34.544000000000004,2,0.32,9.984,false,search_prefilter,3034.66,11.29150390625,0.24,0.5186821592345194,0.421,0.426,low,0.67,0.17,Non-Toxin,0.0050000000000000044,true,true,false
