branch_key,action_sha256,action_type,child_sequence_sha256,baseline_role,parent_sequence_sha256,metric_name,metric_kind,comparable,reason,direction,unit,parent_value,child_value,raw_delta_child_minus_parent,improvement_delta,changed,delta_sha256
acea,82ce22380ff80dcaffe8a9bbd5d6d64e25351f149d03bb29c5bc201831e03277,masked_substitution,b851884cbe5463be1b8730c84f0ed7fb4be23e9340b1e1cb373e9c0fb426f1d3,primary_parent,ae8db0ce7357770e4ab145f342946b39b9a9f0513ec011f76373440d08c8e4bb,amp_read_log10_mic_um,numeric,true,same_frozen_numeric_contract,minimize,log10(uM),1.3675517958954506,1.3292894620483684,-0.03826233384708222,0.03826233384708222,true,0558e443fadebe1d57e66a567604ec992dd1b0fff24c1901a0d6daa694a965fc
acea,82ce22380ff80dcaffe8a9bbd5d6d64e25351f149d03bb29c5bc201831e03277,masked_substitution,b851884cbe5463be1b8730c84f0ed7fb4be23e9340b1e1cb373e9c0fb426f1d3,primary_parent,ae8db0ce7357770e4ab145f342946b39b9a9f0513ec011f76373440d08c8e4bb,guruprasad_instability_index,numeric,true,same_frozen_numeric_contract,minimize,index,28.303846153846163,42.15769230769231,13.853846153846145,-13.853846153846145,true,bca4f7ddb86e0b2400a97a3201a7298689cd8b3337f85ca5ea48cee9251a8d95
acea,82ce22380ff80dcaffe8a9bbd5d6d64e25351f149d03bb29c5bc201831e03277,masked_substitution,b851884cbe5463be1b8730c84f0ed7fb4be23e9340b1e1cb373e9c0fb426f1d3,primary_parent,ae8db0ce7357770e4ab145f342946b39b9a9f0513ec011f76373440d08c8e4bb,hydrophobic_moment_eisenberg,numeric,false,audit_metric_has_no_monotonic_improvement_direction,audit,dimensionless,0.07851484024411201,0.07792255268812648,-0.0005922875559855323,,true,d64cad474af4e4ceb54f6c6091ef702879b2b19c687a0c83a50d6de8e4ff6ff3
acea,82ce22380ff80dcaffe8a9bbd5d6d64e25351f149d03bb29c5bc201831e03277,masked_substitution,b851884cbe5463be1b8730c84f0ed7fb4be23e9340b1e1cb373e9c0fb426f1d3,primary_parent,ae8db0ce7357770e4ab145f342946b39b9a9f0513ec011f76373440d08c8e4bb,hydrophobic_ratio_modlamp,numeric,false,audit_metric_has_no_monotonic_improvement_direction,audit,fraction,0.0,0.0,0.0,,false,5ddcb591023e858e5483f80cb0ec238fdef1691dbb0bbce11277e06ad49e4ea0
acea,82ce22380ff80dcaffe8a9bbd5d6d64e25351f149d03bb29c5bc201831e03277,masked_substitution,b851884cbe5463be1b8730c84f0ed7fb4be23e9340b1e1cb373e9c0fb426f1d3,primary_parent,ae8db0ce7357770e4ab145f342946b39b9a9f0513ec011f76373440d08c8e4bb,llamp_log10_mic_um,numeric,true,same_frozen_numeric_contract,minimize,log10(uM),0.5628807544708252,0.6188269853591919,0.0559462308883667,-0.0559462308883667,true,31dfec17e281b660ff65f3a9a66930671732c3ca73a6ba8192448e9773cb15d9
acea,82ce22380ff80dcaffe8a9bbd5d6d64e25351f149d03bb29c5bc201831e03277,masked_substitution,b851884cbe5463be1b8730c84f0ed7fb4be23e9340b1e1cb373e9c0fb426f1d3,primary_parent,ae8db0ce7357770e4ab145f342946b39b9a9f0513ec011f76373440d08c8e4bb,macrel_amp_probability,numeric,true,same_frozen_numeric_contract,maximize,probability,0.416,0.495,0.07900000000000001,0.07900000000000001,true,2f5d0e3447b9f5f19d4d6ed3d4d651decc17833b4e9f2bf6b4b90c0f2acca8fc
acea,82ce22380ff80dcaffe8a9bbd5d6d64e25351f149d03bb29c5bc201831e03277,masked_substitution,b851884cbe5463be1b8730c84f0ed7fb4be23e9340b1e1cb373e9c0fb426f1d3,primary_parent,ae8db0ce7357770e4ab145f342946b39b9a9f0513ec011f76373440d08c8e4bb,macrel_hemolysis_label,categorical,true,same_frozen_label_contract,audit,label,low,low,,,false,a7db9e7e01909470378aba634dd6d5f792b0ae0d1a3b1a49fad51a464a744fbd
acea,82ce22380ff80dcaffe8a9bbd5d6d64e25351f149d03bb29c5bc201831e03277,masked_substitution,b851884cbe5463be1b8730c84f0ed7fb4be23e9340b1e1cb373e9c0fb426f1d3,primary_parent,ae8db0ce7357770e4ab145f342946b39b9a9f0513ec011f76373440d08c8e4bb,macrel_hemolysis_probability,numeric,true,same_frozen_numeric_contract,minimize,probability,0.455,0.406,-0.04899999999999999,0.04899999999999999,true,6f23a6cefa2168dc1219ba243329904f1f9cb90b09a03747c9864fde2a6ad146
acea,82ce22380ff80dcaffe8a9bbd5d6d64e25351f149d03bb29c5bc201831e03277,masked_substitution,b851884cbe5463be1b8730c84f0ed7fb4be23e9340b1e1cb373e9c0fb426f1d3,primary_parent,ae8db0ce7357770e4ab145f342946b39b9a9f0513ec011f76373440d08c8e4bb,maximum_hydrophobic_run,numeric,true,same_frozen_numeric_contract,minimize,residues,1.0,1.0,0.0,-0.0,false,7dc5c8516cc8853471c183ecf858fce3bb8839a79215116db7acaf24912ce38c
acea,82ce22380ff80dcaffe8a9bbd5d6d64e25351f149d03bb29c5bc201831e03277,masked_substitution,b851884cbe5463be1b8730c84f0ed7fb4be23e9340b1e1cb373e9c0fb426f1d3,primary_parent,ae8db0ce7357770e4ab145f342946b39b9a9f0513ec011f76373440d08c8e4bb,net_charge_ph7_4,numeric,false,audit_metric_has_no_monotonic_improvement_direction,audit,elementary_charge,11.985,12.984,0.9990000000000006,,true,68d65fbb39755aa793a047082e3ca8852597bc56f85ac3af041bcfb421d918f4
acea,82ce22380ff80dcaffe8a9bbd5d6d64e25351f149d03bb29c5bc201831e03277,masked_substitution,b851884cbe5463be1b8730c84f0ed7fb4be23e9340b1e1cb373e9c0fb426f1d3,primary_parent,ae8db0ce7357770e4ab145f342946b39b9a9f0513ec011f76373440d08c8e4bb,toxinpred3_hybrid_score,numeric,true,same_frozen_numeric_contract,minimize,dimensionless,0.015,0.0,-0.015,0.015,true,6ee7e0e539c6e2d3de3083dc9e5ef603fb1cf1d01e4b99dcd600cdee5450b3ae
acea,82ce22380ff80dcaffe8a9bbd5d6d64e25351f149d03bb29c5bc201831e03277,masked_substitution,b851884cbe5463be1b8730c84f0ed7fb4be23e9340b1e1cb373e9c0fb426f1d3,primary_parent,ae8db0ce7357770e4ab145f342946b39b9a9f0513ec011f76373440d08c8e4bb,toxinpred3_label,categorical,true,same_frozen_label_contract,audit,label,Non-Toxin,Non-Toxin,,,false,f6963d8b149420e43a162abd68b90a813a5095e1977af567ac04abea64f338c1
acea,09980a0d945affb4a7b2519f2faf07fc3403ad498ca3e2528f5d808f854cbf24,masked_substitution,ccf2929a4d96eac22108a3017cc609dfdf5e00c81fbf44d57b5e066909e4b177,primary_parent,ae8db0ce7357770e4ab145f342946b39b9a9f0513ec011f76373440d08c8e4bb,amp_read_log10_mic_um,numeric,true,same_frozen_numeric_contract,minimize,log10(uM),1.3675517958954506,1.3460383851359021,-0.02151341075954849,0.02151341075954849,true,c4f5afbc9856293f08c5209d3a88be15c4b57f37a7772e370e2e00bf0efa9475
acea,09980a0d945affb4a7b2519f2faf07fc3403ad498ca3e2528f5d808f854cbf24,masked_substitution,ccf2929a4d96eac22108a3017cc609dfdf5e00c81fbf44d57b5e066909e4b177,primary_parent,ae8db0ce7357770e4ab145f342946b39b9a9f0513ec011f76373440d08c8e4bb,guruprasad_instability_index,numeric,true,same_frozen_numeric_contract,minimize,index,28.303846153846163,35.71153846153848,7.407692307692319,-7.407692307692319,true,ce5a187760dc5a2292469ca247f48b018411a2963bb19a2e45685867c29295f2
acea,09980a0d945affb4a7b2519f2faf07fc3403ad498ca3e2528f5d808f854cbf24,masked_substitution,ccf2929a4d96eac22108a3017cc609dfdf5e00c81fbf44d57b5e066909e4b177,primary_parent,ae8db0ce7357770e4ab145f342946b39b9a9f0513ec011f76373440d08c8e4bb,hydrophobic_moment_eisenberg,numeric,false,audit_metric_has_no_monotonic_improvement_direction,audit,dimensionless,0.07851484024411201,0.07694911882543037,-0.001565721418681637,,true,9a359e4279e58ff50558c398a02ae9dcbd92619d54d384e939317df152526573
acea,09980a0d945affb4a7b2519f2faf07fc3403ad498ca3e2528f5d808f854cbf24,masked_substitution,ccf2929a4d96eac22108a3017cc609dfdf5e00c81fbf44d57b5e066909e4b177,primary_parent,ae8db0ce7357770e4ab145f342946b39b9a9f0513ec011f76373440d08c8e4bb,hydrophobic_ratio_modlamp,numeric,false,audit_metric_has_no_monotonic_improvement_direction,audit,fraction,0.0,0.0,0.0,,false,d7ec30f27a733c7788b7ec34f481b5f5ab64091625fb0ed44d6a872c100c8990
acea,09980a0d945affb4a7b2519f2faf07fc3403ad498ca3e2528f5d808f854cbf24,masked_substitution,ccf2929a4d96eac22108a3017cc609dfdf5e00c81fbf44d57b5e066909e4b177,primary_parent,ae8db0ce7357770e4ab145f342946b39b9a9f0513ec011f76373440d08c8e4bb,llamp_log10_mic_um,numeric,true,same_frozen_numeric_contract,minimize,log10(uM),0.5628807544708252,0.746454119682312,0.18357336521148682,-0.18357336521148682,true,b1d672244f0f0fae050d96ae2f89426197d4ef2474895f6863f4f7ab2362bb7f
acea,09980a0d945affb4a7b2519f2faf07fc3403ad498ca3e2528f5d808f854cbf24,masked_substitution,ccf2929a4d96eac22108a3017cc609dfdf5e00c81fbf44d57b5e066909e4b177,primary_parent,ae8db0ce7357770e4ab145f342946b39b9a9f0513ec011f76373440d08c8e4bb,macrel_amp_probability,numeric,true,same_frozen_numeric_contract,maximize,probability,0.416,0.485,0.069,0.069,true,705f140e36fa967d3419373a918894b737644e3a02752a8dfcdeca1ccf42c427
acea,09980a0d945affb4a7b2519f2faf07fc3403ad498ca3e2528f5d808f854cbf24,masked_substitution,ccf2929a4d96eac22108a3017cc609dfdf5e00c81fbf44d57b5e066909e4b177,primary_parent,ae8db0ce7357770e4ab145f342946b39b9a9f0513ec011f76373440d08c8e4bb,macrel_hemolysis_label,categorical,true,same_frozen_label_contract,audit,label,low,low,,,false,fcaa8eb021d570aaf6bcd400c517a2bc94c06d4ebadb7ad840b3c3cd62d5fc30
acea,09980a0d945affb4a7b2519f2faf07fc3403ad498ca3e2528f5d808f854cbf24,masked_substitution,ccf2929a4d96eac22108a3017cc609dfdf5e00c81fbf44d57b5e066909e4b177,primary_parent,ae8db0ce7357770e4ab145f342946b39b9a9f0513ec011f76373440d08c8e4bb,macrel_hemolysis_probability,numeric,true,same_frozen_numeric_contract,minimize,probability,0.455,0.475,0.019999999999999962,-0.019999999999999962,true,40a75824b1243c507cdbb4e565f30b67b08d567374252f8bf2c21d48f41f8855
acea,09980a0d945affb4a7b2519f2faf07fc3403ad498ca3e2528f5d808f854cbf24,masked_substitution,ccf2929a4d96eac22108a3017cc609dfdf5e00c81fbf44d57b5e066909e4b177,primary_parent,ae8db0ce7357770e4ab145f342946b39b9a9f0513ec011f76373440d08c8e4bb,maximum_hydrophobic_run,numeric,true,same_frozen_numeric_contract,minimize,residues,1.0,1.0,0.0,-0.0,false,304cdb2d13af45d21cd7008c9cbd0311f1d62f7762e2bb56cfccd6937abfd0b5
acea,09980a0d945affb4a7b2519f2faf07fc3403ad498ca3e2528f5d808f854cbf24,masked_substitution,ccf2929a4d96eac22108a3017cc609dfdf5e00c81fbf44d57b5e066909e4b177,primary_parent,ae8db0ce7357770e4ab145f342946b39b9a9f0513ec011f76373440d08c8e4bb,net_charge_ph7_4,numeric,false,audit_metric_has_no_monotonic_improvement_direction,audit,elementary_charge,11.985,12.984,0.9990000000000006,,true,2a3a3af6c8af6939412052a5b2c5941bd1c7924bf23e01702990491aa4bb7ea6
acea,09980a0d945affb4a7b2519f2faf07fc3403ad498ca3e2528f5d808f854cbf24,masked_substitution,ccf2929a4d96eac22108a3017cc609dfdf5e00c81fbf44d57b5e066909e4b177,primary_parent,ae8db0ce7357770e4ab145f342946b39b9a9f0513ec011f76373440d08c8e4bb,toxinpred3_hybrid_score,numeric,true,same_frozen_numeric_contract,minimize,dimensionless,0.015,0.0,-0.015,0.015,true,f136d26df8a8abf2d6c95651bac641442fa6891aee13ccb4fd3f8f40d322043b
acea,09980a0d945affb4a7b2519f2faf07fc3403ad498ca3e2528f5d808f854cbf24,masked_substitution,ccf2929a4d96eac22108a3017cc609dfdf5e00c81fbf44d57b5e066909e4b177,primary_parent,ae8db0ce7357770e4ab145f342946b39b9a9f0513ec011f76373440d08c8e4bb,toxinpred3_label,categorical,true,same_frozen_label_contract,audit,label,Non-Toxin,Non-Toxin,,,false,3ff9e697e878b079a95d2512b01c3477a55eeb5180fcab4c9c31fb0c291d7b8a
acea,c14c7587a7ce1caed2388b3f9eb09956246a66ceaa52d3db477d387049fbec04,masked_substitution,2108f9cdfe728d2233114aa5b24eb80b72341dfb04a9139c6a2664fe15b12952,primary_parent,ae8db0ce7357770e4ab145f342946b39b9a9f0513ec011f76373440d08c8e4bb,amp_read_log10_mic_um,numeric,true,same_frozen_numeric_contract,minimize,log10(uM),1.3675517958954506,1.4252435211119114,0.05769172521646082,-0.05769172521646082,true,022ccfcd2cf38b1f35c8a5daf283c5f2216272c68b43fc00627561e15971ac72
acea,c14c7587a7ce1caed2388b3f9eb09956246a66ceaa52d3db477d387049fbec04,masked_substitution,2108f9cdfe728d2233114aa5b24eb80b72341dfb04a9139c6a2664fe15b12952,primary_parent,ae8db0ce7357770e4ab145f342946b39b9a9f0513ec011f76373440d08c8e4bb,guruprasad_instability_index,numeric,true,same_frozen_numeric_contract,minimize,index,28.303846153846163,31.569230769230774,3.2653846153846118,-3.2653846153846118,true,a7cbd266a7dbb23556588e29a5190dfab3ea5759c4c6a51912f1e1f4f9d3645f
acea,c14c7587a7ce1caed2388b3f9eb09956246a66ceaa52d3db477d387049fbec04,masked_substitution,2108f9cdfe728d2233114aa5b24eb80b72341dfb04a9139c6a2664fe15b12952,primary_parent,ae8db0ce7357770e4ab145f342946b39b9a9f0513ec011f76373440d08c8e4bb,hydrophobic_moment_eisenberg,numeric,false,audit_metric_has_no_monotonic_improvement_direction,audit,dimensionless,0.07851484024411201,0.1191454444254608,0.040630604181348784,,true,fd82ffab692f228262b4cd9b357c001cfc27308f4d3abdcac71f1c35ec5af8d7
acea,c14c7587a7ce1caed2388b3f9eb09956246a66ceaa52d3db477d387049fbec04,masked_substitution,2108f9cdfe728d2233114aa5b24eb80b72341dfb04a9139c6a2664fe15b12952,primary_parent,ae8db0ce7357770e4ab145f342946b39b9a9f0513ec011f76373440d08c8e4bb,hydrophobic_ratio_modlamp,numeric,false,audit_metric_has_no_monotonic_improvement_direction,audit,fraction,0.0,0.0,0.0,,false,d2b967e953d5fdc9d1b0b38cfe9d9e0511664dfeb1b565b561b029df319bc7f5
acea,c14c7587a7ce1caed2388b3f9eb09956246a66ceaa52d3db477d387049fbec04,masked_substitution,2108f9cdfe728d2233114aa5b24eb80b72341dfb04a9139c6a2664fe15b12952,primary_parent,ae8db0ce7357770e4ab145f342946b39b9a9f0513ec011f76373440d08c8e4bb,llamp_log10_mic_um,numeric,true,same_frozen_numeric_contract,minimize,log10(uM),0.5628807544708252,0.6776622533798218,0.11478149890899658,-0.11478149890899658,true,d89e3d1c88388a6cb35ee2d9b4554b78393085e5796f5c7a384e2e156b690ea7
acea,c14c7587a7ce1caed2388b3f9eb09956246a66ceaa52d3db477d387049fbec04,masked_substitution,2108f9cdfe728d2233114aa5b24eb80b72341dfb04a9139c6a2664fe15b12952,primary_parent,ae8db0ce7357770e4ab145f342946b39b9a9f0513ec011f76373440d08c8e4bb,macrel_amp_probability,numeric,true,same_frozen_numeric_contract,maximize,probability,0.416,0.455,0.039000000000000035,0.039000000000000035,true,ef79d4dcd86eb014ecb0b1484224e48cbd6fae4fd3e756f21a2775df3c733f51
acea,c14c7587a7ce1caed2388b3f9eb09956246a66ceaa52d3db477d387049fbec04,masked_substitution,2108f9cdfe728d2233114aa5b24eb80b72341dfb04a9139c6a2664fe15b12952,primary_parent,ae8db0ce7357770e4ab145f342946b39b9a9f0513ec011f76373440d08c8e4bb,macrel_hemolysis_label,categorical,true,same_frozen_label_contract,audit,label,low,low,,,false,b8f5a6248dfe4ee23338de2fb6e8804ddf8b6323761190d40ea04aad2e61e7ba
acea,c14c7587a7ce1caed2388b3f9eb09956246a66ceaa52d3db477d387049fbec04,masked_substitution,2108f9cdfe728d2233114aa5b24eb80b72341dfb04a9139c6a2664fe15b12952,primary_parent,ae8db0ce7357770e4ab145f342946b39b9a9f0513ec011f76373440d08c8e4bb,macrel_hemolysis_probability,numeric,true,same_frozen_numeric_contract,minimize,probability,0.455,0.455,0.0,-0.0,false,5b0f75fda7c0ca5cf94afc978aaa2d121013a5e5757bca97699f143af048970f
acea,c14c7587a7ce1caed2388b3f9eb09956246a66ceaa52d3db477d387049fbec04,masked_substitution,2108f9cdfe728d2233114aa5b24eb80b72341dfb04a9139c6a2664fe15b12952,primary_parent,ae8db0ce7357770e4ab145f342946b39b9a9f0513ec011f76373440d08c8e4bb,maximum_hydrophobic_run,numeric,true,same_frozen_numeric_contract,minimize,residues,1.0,1.0,0.0,-0.0,false,24e440b0b03c34882833339990a04e681a4ba99e794b51779d27643685a40714
acea,c14c7587a7ce1caed2388b3f9eb09956246a66ceaa52d3db477d387049fbec04,masked_substitution,2108f9cdfe728d2233114aa5b24eb80b72341dfb04a9139c6a2664fe15b12952,primary_parent,ae8db0ce7357770e4ab145f342946b39b9a9f0513ec011f76373440d08c8e4bb,net_charge_ph7_4,numeric,false,audit_metric_has_no_monotonic_improvement_direction,audit,elementary_charge,11.985,10.985,-1.0,,true,5f836841f92fe33d7f9d7bee6060c7fdf09a92ec98ec6119f671d87430bef40e
acea,c14c7587a7ce1caed2388b3f9eb09956246a66ceaa52d3db477d387049fbec04,masked_substitution,2108f9cdfe728d2233114aa5b24eb80b72341dfb04a9139c6a2664fe15b12952,primary_parent,ae8db0ce7357770e4ab145f342946b39b9a9f0513ec011f76373440d08c8e4bb,toxinpred3_hybrid_score,numeric,true,same_frozen_numeric_contract,minimize,dimensionless,0.015,0.02,0.005000000000000001,-0.005000000000000001,true,a87b2c651b728887af37b33fa7df48196f29765a6b20163355375cb5fe2b7f46
acea,c14c7587a7ce1caed2388b3f9eb09956246a66ceaa52d3db477d387049fbec04,masked_substitution,2108f9cdfe728d2233114aa5b24eb80b72341dfb04a9139c6a2664fe15b12952,primary_parent,ae8db0ce7357770e4ab145f342946b39b9a9f0513ec011f76373440d08c8e4bb,toxinpred3_label,categorical,true,same_frozen_label_contract,audit,label,Non-Toxin,Non-Toxin,,,false,66bbc2f45a246ddf4e2a7d4ef95001bf84dd49eb627dd97bacb2c50e26542473
acea,a08e01252edd6bf1499fedf55f9102b5ab0389fc5dcfbbadc21783693051e8b0,masked_substitution,4b90d278bf00e46a1d1b6bb8b31113bf58c067330bf853ce183ec63b2df4ec59,primary_parent,ae8db0ce7357770e4ab145f342946b39b9a9f0513ec011f76373440d08c8e4bb,amp_read_log10_mic_um,numeric,true,same_frozen_numeric_contract,minimize,log10(uM),1.3675517958954506,1.402957439073342,0.0354056431778913,-0.0354056431778913,true,3489d96b589ec6509e3eac68a4dc37514e2542bf7a1ef2414221226904573273
acea,a08e01252edd6bf1499fedf55f9102b5ab0389fc5dcfbbadc21783693051e8b0,masked_substitution,4b90d278bf00e46a1d1b6bb8b31113bf58c067330bf853ce183ec63b2df4ec59,primary_parent,ae8db0ce7357770e4ab145f342946b39b9a9f0513ec011f76373440d08c8e4bb,guruprasad_instability_index,numeric,true,same_frozen_numeric_contract,minimize,index,28.303846153846163,28.303846153846163,0.0,-0.0,false,eb325b787622a677e3d02ec975b493580453e6c49b092d42e4fad6aaab84fa29
acea,a08e01252edd6bf1499fedf55f9102b5ab0389fc5dcfbbadc21783693051e8b0,masked_substitution,4b90d278bf00e46a1d1b6bb8b31113bf58c067330bf853ce183ec63b2df4ec59,primary_parent,ae8db0ce7357770e4ab145f342946b39b9a9f0513ec011f76373440d08c8e4bb,hydrophobic_moment_eisenberg,numeric,false,audit_metric_has_no_monotonic_improvement_direction,audit,dimensionless,0.07851484024411201,0.12355331032474662,0.04503847008063461,,true,11f6d94aef9287c9b0e93a48d9b5e2b472b4e029cac24979e665a844f8b5274c
acea,a08e01252edd6bf1499fedf55f9102b5ab0389fc5dcfbbadc21783693051e8b0,masked_substitution,4b90d278bf00e46a1d1b6bb8b31113bf58c067330bf853ce183ec63b2df4ec59,primary_parent,ae8db0ce7357770e4ab145f342946b39b9a9f0513ec011f76373440d08c8e4bb,hydrophobic_ratio_modlamp,numeric,false,audit_metric_has_no_monotonic_improvement_direction,audit,fraction,0.0,0.0,0.0,,false,25bdc543ab51fdf4e291128784a67cbe3e6cae69f4a09697dd945ee3535d2e4d
acea,a08e01252edd6bf1499fedf55f9102b5ab0389fc5dcfbbadc21783693051e8b0,masked_substitution,4b90d278bf00e46a1d1b6bb8b31113bf58c067330bf853ce183ec63b2df4ec59,primary_parent,ae8db0ce7357770e4ab145f342946b39b9a9f0513ec011f76373440d08c8e4bb,llamp_log10_mic_um,numeric,true,same_frozen_numeric_contract,minimize,log10(uM),0.5628807544708252,0.5653401017189026,0.0024593472480773926,-0.0024593472480773926,true,28424244657e73122f8c40bc318dfd1f339a8b1f68d0142eee8452206df5f7f0
acea,a08e01252edd6bf1499fedf55f9102b5ab0389fc5dcfbbadc21783693051e8b0,masked_substitution,4b90d278bf00e46a1d1b6bb8b31113bf58c067330bf853ce183ec63b2df4ec59,primary_parent,ae8db0ce7357770e4ab145f342946b39b9a9f0513ec011f76373440d08c8e4bb,macrel_amp_probability,numeric,true,same_frozen_numeric_contract,maximize,probability,0.416,0.455,0.039000000000000035,0.039000000000000035,true,6e97bfd944d09d13a4463d7381bdd80498dd299fe51acc530ab7d757442bd51c
acea,a08e01252edd6bf1499fedf55f9102b5ab0389fc5dcfbbadc21783693051e8b0,masked_substitution,4b90d278bf00e46a1d1b6bb8b31113bf58c067330bf853ce183ec63b2df4ec59,primary_parent,ae8db0ce7357770e4ab145f342946b39b9a9f0513ec011f76373440d08c8e4bb,macrel_hemolysis_label,categorical,true,same_frozen_label_contract,audit,label,low,low,,,false,3b78ddaf7c828b21f8bed172ca2187916db4b30c434f90a639d50d11d010606b
acea,a08e01252edd6bf1499fedf55f9102b5ab0389fc5dcfbbadc21783693051e8b0,masked_substitution,4b90d278bf00e46a1d1b6bb8b31113bf58c067330bf853ce183ec63b2df4ec59,primary_parent,ae8db0ce7357770e4ab145f342946b39b9a9f0513ec011f76373440d08c8e4bb,macrel_hemolysis_probability,numeric,true,same_frozen_numeric_contract,minimize,probability,0.455,0.455,0.0,-0.0,false,d83469c206194dd79f25424244be759f150dc961301785b48d7919250ce381dd
acea,a08e01252edd6bf1499fedf55f9102b5ab0389fc5dcfbbadc21783693051e8b0,masked_substitution,4b90d278bf00e46a1d1b6bb8b31113bf58c067330bf853ce183ec63b2df4ec59,primary_parent,ae8db0ce7357770e4ab145f342946b39b9a9f0513ec011f76373440d08c8e4bb,maximum_hydrophobic_run,numeric,true,same_frozen_numeric_contract,minimize,residues,1.0,1.0,0.0,-0.0,false,3cb2332c1156459a33a774d80c23a1a7470b2e7db8c17f7c46f4976bf154e24a
acea,a08e01252edd6bf1499fedf55f9102b5ab0389fc5dcfbbadc21783693051e8b0,masked_substitution,4b90d278bf00e46a1d1b6bb8b31113bf58c067330bf853ce183ec63b2df4ec59,primary_parent,ae8db0ce7357770e4ab145f342946b39b9a9f0513ec011f76373440d08c8e4bb,net_charge_ph7_4,numeric,false,audit_metric_has_no_monotonic_improvement_direction,audit,elementary_charge,11.985,10.985,-1.0,,true,d5c0960975b6fb2d8255b48e9c72f2932dd5748b085b3133d59205d08c95db14
acea,a08e01252edd6bf1499fedf55f9102b5ab0389fc5dcfbbadc21783693051e8b0,masked_substitution,4b90d278bf00e46a1d1b6bb8b31113bf58c067330bf853ce183ec63b2df4ec59,primary_parent,ae8db0ce7357770e4ab145f342946b39b9a9f0513ec011f76373440d08c8e4bb,toxinpred3_hybrid_score,numeric,true,same_frozen_numeric_contract,minimize,dimensionless,0.015,0.0,-0.015,0.015,true,6cfd1ba0a65e91953f505500359281e1ab465ae579320579aac68977f934b55e
acea,a08e01252edd6bf1499fedf55f9102b5ab0389fc5dcfbbadc21783693051e8b0,masked_substitution,4b90d278bf00e46a1d1b6bb8b31113bf58c067330bf853ce183ec63b2df4ec59,primary_parent,ae8db0ce7357770e4ab145f342946b39b9a9f0513ec011f76373440d08c8e4bb,toxinpred3_label,categorical,true,same_frozen_label_contract,audit,label,Non-Toxin,Non-Toxin,,,false,50614973237f5af43ca3f20304d2c6eb245422c45867beee5df5f7ac72a7da77
acea,2f1880c93e60c4f6afb9465c844c6de67922865075e23e2adb0f48dcd5515ea8,masked_substitution,1cf060c7453399b047b8d6abc0b186c43d78bc8a19928b903d1a6aa1004d8611,primary_parent,ae8db0ce7357770e4ab145f342946b39b9a9f0513ec011f76373440d08c8e4bb,amp_read_log10_mic_um,numeric,true,same_frozen_numeric_contract,minimize,log10(uM),1.3675517958954506,1.3923949605793924,0.024843164683941765,-0.024843164683941765,true,a633ea024602e1105a0833968eb7060dc34262169a788fdee0ef8c4d26c174ce
acea,2f1880c93e60c4f6afb9465c844c6de67922865075e23e2adb0f48dcd5515ea8,masked_substitution,1cf060c7453399b047b8d6abc0b186c43d78bc8a19928b903d1a6aa1004d8611,primary_parent,ae8db0ce7357770e4ab145f342946b39b9a9f0513ec011f76373440d08c8e4bb,guruprasad_instability_index,numeric,true,same_frozen_numeric_contract,minimize,index,28.303846153846163,31.569230769230774,3.2653846153846118,-3.2653846153846118,true,1f0605f67ace8c621b6d0448c9d047c2c654b1acacbf7720c0b348c6e02da4aa
acea,2f1880c93e60c4f6afb9465c844c6de67922865075e23e2adb0f48dcd5515ea8,masked_substitution,1cf060c7453399b047b8d6abc0b186c43d78bc8a19928b903d1a6aa1004d8611,primary_parent,ae8db0ce7357770e4ab145f342946b39b9a9f0513ec011f76373440d08c8e4bb,hydrophobic_moment_eisenberg,numeric,false,audit_metric_has_no_monotonic_improvement_direction,audit,dimensionless,0.07851484024411201,0.11628374886687627,0.03776890862276426,,true,67c8d107e5949c5b9fa966628bcbe5391e79b50d9ae3d6f4b148850a33eb6911
acea,2f1880c93e60c4f6afb9465c844c6de67922865075e23e2adb0f48dcd5515ea8,masked_substitution,1cf060c7453399b047b8d6abc0b186c43d78bc8a19928b903d1a6aa1004d8611,primary_parent,ae8db0ce7357770e4ab145f342946b39b9a9f0513ec011f76373440d08c8e4bb,hydrophobic_ratio_modlamp,numeric,false,audit_metric_has_no_monotonic_improvement_direction,audit,fraction,0.0,0.0,0.0,,false,a1a0d321c6c1974e53920b480965864e11aa8690657a22177c4d5f6d2b91c58f
acea,2f1880c93e60c4f6afb9465c844c6de67922865075e23e2adb0f48dcd5515ea8,masked_substitution,1cf060c7453399b047b8d6abc0b186c43d78bc8a19928b903d1a6aa1004d8611,primary_parent,ae8db0ce7357770e4ab145f342946b39b9a9f0513ec011f76373440d08c8e4bb,llamp_log10_mic_um,numeric,true,same_frozen_numeric_contract,minimize,log10(uM),0.5628807544708252,0.6959764957427979,0.13309574127197266,-0.13309574127197266,true,160664ded511929c417e9b0f7e0ad1e00b9d2f00418800f703f307507587a767
acea,2f1880c93e60c4f6afb9465c844c6de67922865075e23e2adb0f48dcd5515ea8,masked_substitution,1cf060c7453399b047b8d6abc0b186c43d78bc8a19928b903d1a6aa1004d8611,primary_parent,ae8db0ce7357770e4ab145f342946b39b9a9f0513ec011f76373440d08c8e4bb,macrel_amp_probability,numeric,true,same_frozen_numeric_contract,maximize,probability,0.416,0.455,0.039000000000000035,0.039000000000000035,true,b5235d9e14baee5de736dd27810d3a7e0ce503e059fd6dab29cc35cfcf54aa0a
acea,2f1880c93e60c4f6afb9465c844c6de67922865075e23e2adb0f48dcd5515ea8,masked_substitution,1cf060c7453399b047b8d6abc0b186c43d78bc8a19928b903d1a6aa1004d8611,primary_parent,ae8db0ce7357770e4ab145f342946b39b9a9f0513ec011f76373440d08c8e4bb,macrel_hemolysis_label,categorical,true,same_frozen_label_contract,audit,label,low,low,,,false,5a3bfb3d4a81db92d9e5f384a4cad52d0da832de1d30b6270b910efd93f29862
acea,2f1880c93e60c4f6afb9465c844c6de67922865075e23e2adb0f48dcd5515ea8,masked_substitution,1cf060c7453399b047b8d6abc0b186c43d78bc8a19928b903d1a6aa1004d8611,primary_parent,ae8db0ce7357770e4ab145f342946b39b9a9f0513ec011f76373440d08c8e4bb,macrel_hemolysis_probability,numeric,true,same_frozen_numeric_contract,minimize,probability,0.455,0.455,0.0,-0.0,false,80e08f50a3a34341609adfc33a489a1510d6a8032db9b924998ce605516c15ce
acea,2f1880c93e60c4f6afb9465c844c6de67922865075e23e2adb0f48dcd5515ea8,masked_substitution,1cf060c7453399b047b8d6abc0b186c43d78bc8a19928b903d1a6aa1004d8611,primary_parent,ae8db0ce7357770e4ab145f342946b39b9a9f0513ec011f76373440d08c8e4bb,maximum_hydrophobic_run,numeric,true,same_frozen_numeric_contract,minimize,residues,1.0,1.0,0.0,-0.0,false,3baa90d488a87f67c3c6f2d82aad3f38a0e80a9103d3d74134d31a12a11fde4f
acea,2f1880c93e60c4f6afb9465c844c6de67922865075e23e2adb0f48dcd5515ea8,masked_substitution,1cf060c7453399b047b8d6abc0b186c43d78bc8a19928b903d1a6aa1004d8611,primary_parent,ae8db0ce7357770e4ab145f342946b39b9a9f0513ec011f76373440d08c8e4bb,net_charge_ph7_4,numeric,false,audit_metric_has_no_monotonic_improvement_direction,audit,elementary_charge,11.985,10.985,-1.0,,true,1accd39a3d6d97ec59296650e80711b3f4401044b1a3a62c290dd8be9fd398bd
acea,2f1880c93e60c4f6afb9465c844c6de67922865075e23e2adb0f48dcd5515ea8,masked_substitution,1cf060c7453399b047b8d6abc0b186c43d78bc8a19928b903d1a6aa1004d8611,primary_parent,ae8db0ce7357770e4ab145f342946b39b9a9f0513ec011f76373440d08c8e4bb,toxinpred3_hybrid_score,numeric,true,same_frozen_numeric_contract,minimize,dimensionless,0.015,0.01,-0.004999999999999999,0.004999999999999999,true,a407737fb0961f63a85d95ac1fabd38b2e94df68a0c9460ff28bca3722f4da11
acea,2f1880c93e60c4f6afb9465c844c6de67922865075e23e2adb0f48dcd5515ea8,masked_substitution,1cf060c7453399b047b8d6abc0b186c43d78bc8a19928b903d1a6aa1004d8611,primary_parent,ae8db0ce7357770e4ab145f342946b39b9a9f0513ec011f76373440d08c8e4bb,toxinpred3_label,categorical,true,same_frozen_label_contract,audit,label,Non-Toxin,Non-Toxin,,,false,44205656ee683c8d698f3b4ac824aef426d5f5edb2a6eacd6c76a99310a68c2a
acea,30b6a23dc49abe7153444f19cd4111580e8ef27565e1fbd194ea6e2709bdf83f,masked_substitution,bdd947013f9fe49eff45fa8919908b61957fef8a2a73a4bac759526a9b9201cd,primary_parent,ae8db0ce7357770e4ab145f342946b39b9a9f0513ec011f76373440d08c8e4bb,amp_read_log10_mic_um,numeric,true,same_frozen_numeric_contract,minimize,log10(uM),1.3675517958954506,1.3491673492175182,-0.018384446677932376,0.018384446677932376,true,89e6c07f2aebea3a39c567e88e163589bd0bb88e9363ceb5e2888056164841da
acea,30b6a23dc49abe7153444f19cd4111580e8ef27565e1fbd194ea6e2709bdf83f,masked_substitution,bdd947013f9fe49eff45fa8919908b61957fef8a2a73a4bac759526a9b9201cd,primary_parent,ae8db0ce7357770e4ab145f342946b39b9a9f0513ec011f76373440d08c8e4bb,guruprasad_instability_index,numeric,true,same_frozen_numeric_contract,minimize,index,28.303846153846163,28.303846153846163,0.0,-0.0,false,08b6a5fe1b01a904d1b9a5b0b8b5700495f59c84e7d58c5088816b223abea673
acea,30b6a23dc49abe7153444f19cd4111580e8ef27565e1fbd194ea6e2709bdf83f,masked_substitution,bdd947013f9fe49eff45fa8919908b61957fef8a2a73a4bac759526a9b9201cd,primary_parent,ae8db0ce7357770e4ab145f342946b39b9a9f0513ec011f76373440d08c8e4bb,hydrophobic_moment_eisenberg,numeric,false,audit_metric_has_no_monotonic_improvement_direction,audit,dimensionless,0.07851484024411201,0.12052112655344666,0.042006286309334645,,true,bae198d59ac0b225f1a020fbc4fb57612d74f68572778bbc79d7e7c51a143f89
acea,30b6a23dc49abe7153444f19cd4111580e8ef27565e1fbd194ea6e2709bdf83f,masked_substitution,bdd947013f9fe49eff45fa8919908b61957fef8a2a73a4bac759526a9b9201cd,primary_parent,ae8db0ce7357770e4ab145f342946b39b9a9f0513ec011f76373440d08c8e4bb,hydrophobic_ratio_modlamp,numeric,false,audit_metric_has_no_monotonic_improvement_direction,audit,fraction,0.0,0.0,0.0,,false,8b30de60b6f2f7b76cefbb44e54b450ab4faf25e3989f84fe7309c281bff80a0
acea,30b6a23dc49abe7153444f19cd4111580e8ef27565e1fbd194ea6e2709bdf83f,masked_substitution,bdd947013f9fe49eff45fa8919908b61957fef8a2a73a4bac759526a9b9201cd,primary_parent,ae8db0ce7357770e4ab145f342946b39b9a9f0513ec011f76373440d08c8e4bb,llamp_log10_mic_um,numeric,true,same_frozen_numeric_contract,minimize,log10(uM),0.5628807544708252,0.6538583040237427,0.09097754955291748,-0.09097754955291748,true,b83f50cc1f763e540d599cb9cc16886c4fad3af9333427e53a4c825f644346c1
acea,30b6a23dc49abe7153444f19cd4111580e8ef27565e1fbd194ea6e2709bdf83f,masked_substitution,bdd947013f9fe49eff45fa8919908b61957fef8a2a73a4bac759526a9b9201cd,primary_parent,ae8db0ce7357770e4ab145f342946b39b9a9f0513ec011f76373440d08c8e4bb,macrel_amp_probability,numeric,true,same_frozen_numeric_contract,maximize,probability,0.416,0.455,0.039000000000000035,0.039000000000000035,true,fddd5c0a7b130e98f79238ff65ef6cee50a006c4d93b6c75fe046fdf489bbf09
acea,30b6a23dc49abe7153444f19cd4111580e8ef27565e1fbd194ea6e2709bdf83f,masked_substitution,bdd947013f9fe49eff45fa8919908b61957fef8a2a73a4bac759526a9b9201cd,primary_parent,ae8db0ce7357770e4ab145f342946b39b9a9f0513ec011f76373440d08c8e4bb,macrel_hemolysis_label,categorical,true,same_frozen_label_contract,audit,label,low,low,,,false,0970ac9ae554a342441546db60d8aeb775a6689b19046dcfd0c6f69708488c7f
acea,30b6a23dc49abe7153444f19cd4111580e8ef27565e1fbd194ea6e2709bdf83f,masked_substitution,bdd947013f9fe49eff45fa8919908b61957fef8a2a73a4bac759526a9b9201cd,primary_parent,ae8db0ce7357770e4ab145f342946b39b9a9f0513ec011f76373440d08c8e4bb,macrel_hemolysis_probability,numeric,true,same_frozen_numeric_contract,minimize,probability,0.455,0.455,0.0,-0.0,false,f62ea0d3b2d4c4002030d322aad4335d3ec94c976d5360baa828dee4cc5be2ba
acea,30b6a23dc49abe7153444f19cd4111580e8ef27565e1fbd194ea6e2709bdf83f,masked_substitution,bdd947013f9fe49eff45fa8919908b61957fef8a2a73a4bac759526a9b9201cd,primary_parent,ae8db0ce7357770e4ab145f342946b39b9a9f0513ec011f76373440d08c8e4bb,maximum_hydrophobic_run,numeric,true,same_frozen_numeric_contract,minimize,residues,1.0,1.0,0.0,-0.0,false,fcdd64ca0d020965abad272e148d2932deac129ee8f74819af3e90017dbae19d
acea,30b6a23dc49abe7153444f19cd4111580e8ef27565e1fbd194ea6e2709bdf83f,masked_substitution,bdd947013f9fe49eff45fa8919908b61957fef8a2a73a4bac759526a9b9201cd,primary_parent,ae8db0ce7357770e4ab145f342946b39b9a9f0513ec011f76373440d08c8e4bb,net_charge_ph7_4,numeric,false,audit_metric_has_no_monotonic_improvement_direction,audit,elementary_charge,11.985,10.985,-1.0,,true,35c2bb5fcdf322c685ba3abbe400d62aacca9ebddc72cb89a19f708096b289dc
acea,30b6a23dc49abe7153444f19cd4111580e8ef27565e1fbd194ea6e2709bdf83f,masked_substitution,bdd947013f9fe49eff45fa8919908b61957fef8a2a73a4bac759526a9b9201cd,primary_parent,ae8db0ce7357770e4ab145f342946b39b9a9f0513ec011f76373440d08c8e4bb,toxinpred3_hybrid_score,numeric,true,same_frozen_numeric_contract,minimize,dimensionless,0.015,0.01,-0.004999999999999999,0.004999999999999999,true,0f506ff6e09f7eeabd91774615b9244d0eb3aa2c85f0a5233d04a84390314004
acea,30b6a23dc49abe7153444f19cd4111580e8ef27565e1fbd194ea6e2709bdf83f,masked_substitution,bdd947013f9fe49eff45fa8919908b61957fef8a2a73a4bac759526a9b9201cd,primary_parent,ae8db0ce7357770e4ab145f342946b39b9a9f0513ec011f76373440d08c8e4bb,toxinpred3_label,categorical,true,same_frozen_label_contract,audit,label,Non-Toxin,Non-Toxin,,,false,4f96ecdce07274da9bc2d31a33e522d943a43d15e825757884aefdfb2cd71ac9
acea,6e9e39edd15846aaf527bbe4b2dc8494290c735f4e71c298ab2ff273232688ad,masked_substitution,2a4abe90d187d1c782a6b23c5c8a6498063452f54a2bacc1cbbc1c51f460e6d5,primary_parent,ae8db0ce7357770e4ab145f342946b39b9a9f0513ec011f76373440d08c8e4bb,amp_read_log10_mic_um,numeric,true,same_frozen_numeric_contract,minimize,log10(uM),1.3675517958954506,1.4371758217605233,0.06962402586507266,-0.06962402586507266,true,7d595d9edd6b8daaecb76bc2b7168e61fe2bbdc0bbcfc7c71651862dbd1ed1b9
acea,6e9e39edd15846aaf527bbe4b2dc8494290c735f4e71c298ab2ff273232688ad,masked_substitution,2a4abe90d187d1c782a6b23c5c8a6498063452f54a2bacc1cbbc1c51f460e6d5,primary_parent,ae8db0ce7357770e4ab145f342946b39b9a9f0513ec011f76373440d08c8e4bb,guruprasad_instability_index,numeric,true,same_frozen_numeric_contract,minimize,index,28.303846153846163,31.569230769230774,3.2653846153846118,-3.2653846153846118,true,4bbf46a4292367a20dfe93e4001b9962d1e3c6d3c63c1def0fd21c5dd383c9f6
acea,6e9e39edd15846aaf527bbe4b2dc8494290c735f4e71c298ab2ff273232688ad,masked_substitution,2a4abe90d187d1c782a6b23c5c8a6498063452f54a2bacc1cbbc1c51f460e6d5,primary_parent,ae8db0ce7357770e4ab145f342946b39b9a9f0513ec011f76373440d08c8e4bb,hydrophobic_moment_eisenberg,numeric,false,audit_metric_has_no_monotonic_improvement_direction,audit,dimensionless,0.07851484024411201,0.0911172380727044,0.01260239782859239,,true,b2969cba185dde0a188250b8e185c5ea1baed9ba439c06be27bc763536b961b7
acea,6e9e39edd15846aaf527bbe4b2dc8494290c735f4e71c298ab2ff273232688ad,masked_substitution,2a4abe90d187d1c782a6b23c5c8a6498063452f54a2bacc1cbbc1c51f460e6d5,primary_parent,ae8db0ce7357770e4ab145f342946b39b9a9f0513ec011f76373440d08c8e4bb,hydrophobic_ratio_modlamp,numeric,false,audit_metric_has_no_monotonic_improvement_direction,audit,fraction,0.0,0.0,0.0,,false,bd4f8a900ab1b29616589258044fb4bbd11f0a231aa0c5e40fe25b41cd361db7
acea,6e9e39edd15846aaf527bbe4b2dc8494290c735f4e71c298ab2ff273232688ad,masked_substitution,2a4abe90d187d1c782a6b23c5c8a6498063452f54a2bacc1cbbc1c51f460e6d5,primary_parent,ae8db0ce7357770e4ab145f342946b39b9a9f0513ec011f76373440d08c8e4bb,llamp_log10_mic_um,numeric,true,same_frozen_numeric_contract,minimize,log10(uM),0.5628807544708252,0.9717838764190674,0.4089031219482422,-0.4089031219482422,true,deeda3eabbb102cb35c88ab0bfb63624103aeb4186a0d3d5e055e0713eded8b2
acea,6e9e39edd15846aaf527bbe4b2dc8494290c735f4e71c298ab2ff273232688ad,masked_substitution,2a4abe90d187d1c782a6b23c5c8a6498063452f54a2bacc1cbbc1c51f460e6d5,primary_parent,ae8db0ce7357770e4ab145f342946b39b9a9f0513ec011f76373440d08c8e4bb,macrel_amp_probability,numeric,true,same_frozen_numeric_contract,maximize,probability,0.416,0.455,0.039000000000000035,0.039000000000000035,true,248661ed6a52fc65df67009cbe3d0d2f4d26628d7a401aa9a677d4a5e14840d4
acea,6e9e39edd15846aaf527bbe4b2dc8494290c735f4e71c298ab2ff273232688ad,masked_substitution,2a4abe90d187d1c782a6b23c5c8a6498063452f54a2bacc1cbbc1c51f460e6d5,primary_parent,ae8db0ce7357770e4ab145f342946b39b9a9f0513ec011f76373440d08c8e4bb,macrel_hemolysis_label,categorical,true,same_frozen_label_contract,audit,label,low,low,,,false,da3d159f0d91daf795c10fbe6a22158759285c5ac86d411fe652571f3c2f323e
acea,6e9e39edd15846aaf527bbe4b2dc8494290c735f4e71c298ab2ff273232688ad,masked_substitution,2a4abe90d187d1c782a6b23c5c8a6498063452f54a2bacc1cbbc1c51f460e6d5,primary_parent,ae8db0ce7357770e4ab145f342946b39b9a9f0513ec011f76373440d08c8e4bb,macrel_hemolysis_probability,numeric,true,same_frozen_numeric_contract,minimize,probability,0.455,0.455,0.0,-0.0,false,8961b089c7b26e9af3bf960e5a6951d05ea3d14562190c0dd75719a5c73ff40c
acea,6e9e39edd15846aaf527bbe4b2dc8494290c735f4e71c298ab2ff273232688ad,masked_substitution,2a4abe90d187d1c782a6b23c5c8a6498063452f54a2bacc1cbbc1c51f460e6d5,primary_parent,ae8db0ce7357770e4ab145f342946b39b9a9f0513ec011f76373440d08c8e4bb,maximum_hydrophobic_run,numeric,true,same_frozen_numeric_contract,minimize,residues,1.0,1.0,0.0,-0.0,false,925c66ca8209f3ead504b660f4e1e09e95a8d2637ecc888106bb9c5d45e71aa8
acea,6e9e39edd15846aaf527bbe4b2dc8494290c735f4e71c298ab2ff273232688ad,masked_substitution,2a4abe90d187d1c782a6b23c5c8a6498063452f54a2bacc1cbbc1c51f460e6d5,primary_parent,ae8db0ce7357770e4ab145f342946b39b9a9f0513ec011f76373440d08c8e4bb,net_charge_ph7_4,numeric,false,audit_metric_has_no_monotonic_improvement_direction,audit,elementary_charge,11.985,10.985,-1.0,,true,162db097967d656bb8c83edb4f4aaa16003a9f6b92feaf3675d98634e5f3e1c3
acea,6e9e39edd15846aaf527bbe4b2dc8494290c735f4e71c298ab2ff273232688ad,masked_substitution,2a4abe90d187d1c782a6b23c5c8a6498063452f54a2bacc1cbbc1c51f460e6d5,primary_parent,ae8db0ce7357770e4ab145f342946b39b9a9f0513ec011f76373440d08c8e4bb,toxinpred3_hybrid_score,numeric,true,same_frozen_numeric_contract,minimize,dimensionless,0.015,0.02,0.005000000000000001,-0.005000000000000001,true,f808ec35466b36965d0f735dd2c9fec980001aa5d78cd3865019fbe542b4b09d
acea,6e9e39edd15846aaf527bbe4b2dc8494290c735f4e71c298ab2ff273232688ad,masked_substitution,2a4abe90d187d1c782a6b23c5c8a6498063452f54a2bacc1cbbc1c51f460e6d5,primary_parent,ae8db0ce7357770e4ab145f342946b39b9a9f0513ec011f76373440d08c8e4bb,toxinpred3_label,categorical,true,same_frozen_label_contract,audit,label,Non-Toxin,Non-Toxin,,,false,5cc3987f21bf8c8decb6bd63422b8c1db953836c501c1cafb6dcc3509b1dc72d
acea,159a60d25baf88bc397991297fecf91664ac0ad79ca048fa244258ca8797bbeb,masked_substitution,0d8b462e0ea633f2b3ac2087566db7f5b4f58f44be89f119d8704f3aabf6d6ee,primary_parent,ae8db0ce7357770e4ab145f342946b39b9a9f0513ec011f76373440d08c8e4bb,amp_read_log10_mic_um,numeric,true,same_frozen_numeric_contract,minimize,log10(uM),1.3675517958954506,1.4278862595434783,0.060334463648027636,-0.060334463648027636,true,eed765dd439de891c96ad752dbe2928bbcca08fe9772dab6af2db3ba1d6d942e
acea,159a60d25baf88bc397991297fecf91664ac0ad79ca048fa244258ca8797bbeb,masked_substitution,0d8b462e0ea633f2b3ac2087566db7f5b4f58f44be89f119d8704f3aabf6d6ee,primary_parent,ae8db0ce7357770e4ab145f342946b39b9a9f0513ec011f76373440d08c8e4bb,guruprasad_instability_index,numeric,true,same_frozen_numeric_contract,minimize,index,28.303846153846163,28.303846153846163,0.0,-0.0,false,5c69cee537c09f8093e0526c24bc41553308553e29d8c909372b727ec958205a
acea,159a60d25baf88bc397991297fecf91664ac0ad79ca048fa244258ca8797bbeb,masked_substitution,0d8b462e0ea633f2b3ac2087566db7f5b4f58f44be89f119d8704f3aabf6d6ee,primary_parent,ae8db0ce7357770e4ab145f342946b39b9a9f0513ec011f76373440d08c8e4bb,hydrophobic_moment_eisenberg,numeric,false,audit_metric_has_no_monotonic_improvement_direction,audit,dimensionless,0.07851484024411201,0.09376425371385469,0.015249413469742679,,true,a9b6dd1b7f56f4199e3e719081b3af5f2d064abc39956c354dd822767c5b87d3
acea,159a60d25baf88bc397991297fecf91664ac0ad79ca048fa244258ca8797bbeb,masked_substitution,0d8b462e0ea633f2b3ac2087566db7f5b4f58f44be89f119d8704f3aabf6d6ee,primary_parent,ae8db0ce7357770e4ab145f342946b39b9a9f0513ec011f76373440d08c8e4bb,hydrophobic_ratio_modlamp,numeric,false,audit_metric_has_no_monotonic_improvement_direction,audit,fraction,0.0,0.0,0.0,,false,3f1d4613703a825ebff8fcfd4682d403cb47a5e0ab7c6b5d158f38c4c3083793
acea,159a60d25baf88bc397991297fecf91664ac0ad79ca048fa244258ca8797bbeb,masked_substitution,0d8b462e0ea633f2b3ac2087566db7f5b4f58f44be89f119d8704f3aabf6d6ee,primary_parent,ae8db0ce7357770e4ab145f342946b39b9a9f0513ec011f76373440d08c8e4bb,llamp_log10_mic_um,numeric,true,same_frozen_numeric_contract,minimize,log10(uM),0.5628807544708252,0.8481659889221191,0.28528523445129395,-0.28528523445129395,true,fa95bbdf0cd5e7b8063bdad7f718a239d3e34548e9a9fb4d560d0dc793555c3c
acea,159a60d25baf88bc397991297fecf91664ac0ad79ca048fa244258ca8797bbeb,masked_substitution,0d8b462e0ea633f2b3ac2087566db7f5b4f58f44be89f119d8704f3aabf6d6ee,primary_parent,ae8db0ce7357770e4ab145f342946b39b9a9f0513ec011f76373440d08c8e4bb,macrel_amp_probability,numeric,true,same_frozen_numeric_contract,maximize,probability,0.416,0.455,0.039000000000000035,0.039000000000000035,true,b18955b2061cfd99f8904f795cb955a52ab112e869edcaded5f7b163a5846683
acea,159a60d25baf88bc397991297fecf91664ac0ad79ca048fa244258ca8797bbeb,masked_substitution,0d8b462e0ea633f2b3ac2087566db7f5b4f58f44be89f119d8704f3aabf6d6ee,primary_parent,ae8db0ce7357770e4ab145f342946b39b9a9f0513ec011f76373440d08c8e4bb,macrel_hemolysis_label,categorical,true,same_frozen_label_contract,audit,label,low,low,,,false,decb97903ca717cd7492b0b2208cd8219d8c0f32d67df4d003fc695238553fea
acea,159a60d25baf88bc397991297fecf91664ac0ad79ca048fa244258ca8797bbeb,masked_substitution,0d8b462e0ea633f2b3ac2087566db7f5b4f58f44be89f119d8704f3aabf6d6ee,primary_parent,ae8db0ce7357770e4ab145f342946b39b9a9f0513ec011f76373440d08c8e4bb,macrel_hemolysis_probability,numeric,true,same_frozen_numeric_contract,minimize,probability,0.455,0.455,0.0,-0.0,false,587f4cf1ebce9fe8f0697b9ce29f1a3677b26124e5991d0bb9dcca497a91ff2c
acea,159a60d25baf88bc397991297fecf91664ac0ad79ca048fa244258ca8797bbeb,masked_substitution,0d8b462e0ea633f2b3ac2087566db7f5b4f58f44be89f119d8704f3aabf6d6ee,primary_parent,ae8db0ce7357770e4ab145f342946b39b9a9f0513ec011f76373440d08c8e4bb,maximum_hydrophobic_run,numeric,true,same_frozen_numeric_contract,minimize,residues,1.0,1.0,0.0,-0.0,false,7074d04d35b71092bbcc9eeabbd5efca2e68602a294fe2da0822cff2efec1b65
acea,159a60d25baf88bc397991297fecf91664ac0ad79ca048fa244258ca8797bbeb,masked_substitution,0d8b462e0ea633f2b3ac2087566db7f5b4f58f44be89f119d8704f3aabf6d6ee,primary_parent,ae8db0ce7357770e4ab145f342946b39b9a9f0513ec011f76373440d08c8e4bb,net_charge_ph7_4,numeric,false,audit_metric_has_no_monotonic_improvement_direction,audit,elementary_charge,11.985,10.985,-1.0,,true,6bce6f7f7cb58da1eb90eea25d0e1ba512863bd3898df1ea2ce6fed8175882f8
acea,159a60d25baf88bc397991297fecf91664ac0ad79ca048fa244258ca8797bbeb,masked_substitution,0d8b462e0ea633f2b3ac2087566db7f5b4f58f44be89f119d8704f3aabf6d6ee,primary_parent,ae8db0ce7357770e4ab145f342946b39b9a9f0513ec011f76373440d08c8e4bb,toxinpred3_hybrid_score,numeric,true,same_frozen_numeric_contract,minimize,dimensionless,0.015,0.0,-0.015,0.015,true,8ab135239e9e70da122c57b87f12509727705df73a3bcec0717984907b704366
acea,159a60d25baf88bc397991297fecf91664ac0ad79ca048fa244258ca8797bbeb,masked_substitution,0d8b462e0ea633f2b3ac2087566db7f5b4f58f44be89f119d8704f3aabf6d6ee,primary_parent,ae8db0ce7357770e4ab145f342946b39b9a9f0513ec011f76373440d08c8e4bb,toxinpred3_label,categorical,true,same_frozen_label_contract,audit,label,Non-Toxin,Non-Toxin,,,false,26fda4db64ebfdaf2dafdfb85249b87ded5935758380ce94b14600674fbbe067
