branch_key,generation,proposal_rank,seed,operator_id,sequence,sequence_sha256,guruprasad_instability_index,maximum_hydrophobic_run,hydrophobic_fraction,net_charge_ph7_4,historical_exact_replay,score_all_status,family_key_80_80,family_representative_sequence,combined_family_size,new_family_relative_to_postgresql_history,new_family_relative_to_all_references,diversity_qualified,candidate_id,molecular_weight_da,isoelectric_point,hydrophobic_ratio_modlamp,hydrophobic_moment_eisenberg,macrel_amp_probability,macrel_hemolysis_probability,macrel_hemolysis_label,toxinpred3_ml_score,toxinpred3_hybrid_score,toxinpred3_label,llamp_log10_mic_um,llamp_predicted_mic_um,amp_read_log10_mic_um,amp_read_predicted_mic_um,amp_read_cnn_log10_mic_um,amp_read_transformer_log10_mic_um,amp_read_attention_log10_mic_um,amp_read_lstm_log10_mic_um,formal_metric_count,formal_12_complete,display_eligible,activity_model_support_count,excellent_sequence_stage,structure_md_status,amp_read_log10_mic_um__parent_benefit_percentile,llamp_log10_mic_um__parent_benefit_percentile,macrel_amp_probability__parent_benefit_percentile,activity_model_support_count_calibrated,excellent_sequence_stage_calibrated,activity_support_semantics,evidence_scope,hemopi2_classification_label,hemopi2_classification_score,hemopi2_hc50_um,target_key,validator_version,calibrated_hemolysis_probability,calibration_risk_threshold,calibration_threshold_exceeded,reported_hc50_below_100_um,challenger_conflict_status,candidate_hard_gate_allowed,missing_verified_runtimes,structure_queue_selected,structure_status,rosetta_dg_receipt_status,md_status,selection_method
gyra,1,10,20560912,autoresearch-rule-de-novo-v4,RKKHTLGENTRKRGDRKAHKKGRG,1a602ff6ecff8d0a8f63226d2f46e39bead8faa93ce94426c477d51dba7ae70d,5.920833,1,0.083333,9.071,false,pending,seqfam80_1a602ff6ecff8d0a8f63,RKKHTLGENTRKRGDRKAHKKGRG,1,true,true,true,proposal-1a602ff6ecff8d0a8f63,2815.22,12.0166015625,0.08333333333333333,0.3588801024996893,0.228,0.396,low,0.355,0.0,Non-Toxin,0.7277098894119263,5.34207387340737,1.8185911844876124,65.85536853881848,1.6350533962249756,2.4005634784698486,1.02848219871521,2.210306167602539,12,true,true,1,false,not_started,0.942217,0.972877,0.913915,3,true,at_or_above_parent_run_top_quartile_per_independent_model,autoresearch_structure_cohort_challenger_shadow,0,0.24,188.792,gyra,HemoPI2-Zenodo-14676712-rf-only-v27,0.1437411645059108,0.28251089202785207,False,False,no_conflict,False,apex;peptiverse,true,not_started,missing,not_started,lexicographic_support_challenger_percentiles_stability_no_weighted_total
gyra,1,96,20560998,autoresearch-rule-de-novo-v4,YGGYDKTRKKRHKADKEHGK,8afbccd440ef3404e99d07c780546ef1ce1a34a8d982a3d8b34c27ecefbd05eb,30.855000,1,0.150000,5.067,false,pending,seqfam80_8afbccd440ef3404e99d,YGGYDKTRKKRHKADKEHGK,1,true,true,true,proposal-8afbccd440ef3404e99d,2402.68,10.53759765625,0.05,0.18410065905114686,0.297,0.366,low,0.295,0.295,Non-Toxin,1.5724223852157593,37.36133492382092,1.6642681808498465,46.160253039165866,1.4584765434265137,1.7838172912597656,1.0855110883712769,2.3293304443359375,12,true,true,0,false,not_started,0.958726,0.803066,0.956368,3,true,at_or_above_parent_run_top_quartile_per_independent_model,autoresearch_structure_cohort_challenger_shadow,0,0.25,164.58,gyra,HemoPI2-Zenodo-14676712-rf-only-v27,0.15470268191577455,0.28251089202785207,False,False,no_conflict,False,apex;peptiverse,true,not_started,missing,not_started,lexicographic_support_challenger_percentiles_stability_no_weighted_total
gyra,1,99,20561001,autoresearch-rule-de-novo-v4,GKKSNEHGGTKATKRKGKERTRKN,ab1a1ea751e561ce33788767ba5f7e4c54f39c83df54d378a32ff032a4d03073,6.695833,1,0.041667,8.029,false,pending,seqfam80_ab1a1ea751e561ce3378,GKKSNEHGGTKATKRKGKERTRKN,1,true,true,true,proposal-ab1a1ea751e561ce3378,2697.03,11.607666015625,0.041666666666666664,0.07456055131055021,0.267,0.317,low,0.285,0.285,Non-Toxin,1.3186925649642944,20.83015803897571,1.869134283155613,73.98339951783875,1.4070086479187012,2.5257644653320312,1.0963945388793945,2.447427749633789,12,true,true,0,false,not_started,0.933962,0.935142,0.943396,3,true,at_or_above_parent_run_top_quartile_per_independent_model,autoresearch_structure_cohort_challenger_shadow,0,0.265,169.415,gyra,HemoPI2-Zenodo-14676712-rf-only-v27,0.17181462402158107,0.28251089202785207,False,False,no_conflict,False,apex;peptiverse,true,not_started,missing,not_started,lexicographic_support_challenger_percentiles_stability_no_weighted_total
gyra,1,80,20560982,autoresearch-rule-de-novo-v4,KKKKIKKDKFTSRRRTRDTGR,62c7adcce9812c3f484191148c3c005ce62dc87b5537fd2d7f4dcb95e4cbe05c,49.919048,1,0.095238,9.986,false,pending,seqfam80_62c7adcce9812c3f4841,KKKKIKKDKFTSRRRTRDTGR,1,true,true,true,proposal-62c7adcce9812c3f4841,2634.1,12.02880859375,0.09523809523809523,0.3080352128343742,0.317,0.446,low,0.41,0.0,Non-Toxin,0.8056460618972778,6.392136815129425,1.772861445966829,59.2736192331496,1.7868432998657227,1.8746075630187988,1.0660218000411987,2.3640294075012207,12,true,true,1,false,not_started,0.948113,0.971698,0.959906,3,true,at_or_above_parent_run_top_quartile_per_independent_model,autoresearch_structure_cohort_challenger_shadow,0,0.27,173.687,gyra,HemoPI2-Zenodo-14676712-rf-only-v27,0.1776932998103495,0.28251089202785207,False,False,no_conflict,False,apex;peptiverse,true,not_started,missing,not_started,lexicographic_support_challenger_percentiles_stability_no_weighted_total
gyra,2,2,20290908,autoresearch-rule-crossover-v3,RKKHTLGENTRKRGDRKKKNHGSK,bbd4b1e8948dc7233d77838d6d31a8ad06d22169d6631814ab2f9b4960fcd623,2.345833,1,0.041667,9.07,false,pending,seqfam80_bbd4b1e8948dc7233d77,RKKHTLGENTRKRGDRKKKNHGSK,1,,true,true,proposal-bbd4b1e8948dc7233d77,2860.25,11.84912109375,0.041666666666666664,0.2372150053379206,0.337,0.406,low,0.315,0.0,Non-Toxin,1.1942912340164185,15.641962270919713,1.8775652413733135,75.43367066732091,1.757274866104126,2.5695137977600098,1.0313464403152466,2.152156114578247,12,true,true,0,false,not_started,0.933962,0.959906,0.966981,3,true,at_or_above_parent_run_top_quartile_per_independent_model,autoresearch_structure_cohort_challenger_shadow,0,0.27,184.717,gyra,HemoPI2-Zenodo-14676712-rf-only-v27,0.1776932998103495,0.28251089202785207,False,False,no_conflict,False,apex;peptiverse,true,not_started,missing,not_started,lexicographic_support_challenger_percentiles_stability_no_weighted_total
gyra,1,29,20560860,autoresearch-rule-de-novo-v3,RRGYNFKLDTTGYFKKNHGSK,9ff2281b2fd5aef2c4ad392c7fc2ba89e565593259963a566a761faf7d9f36f5,-16.980952,2,0.238095,5.026,false,pending,seqfam80_9ff2281b2fd5aef2c4ad,RRGYNFKLDTTGYFKKNHGSK,1,true,,,proposal-9ff2281b2fd5aef2c4ad,2517.81,10.792724609375,0.14285714285714285,0.1621612539148866,0.386,0.396,low,0.34,0.0,Non-Toxin,1.38932204246521,24.50879969646576,1.8191258345676007,65.93649151246335,1.7486478090286255,1.5900073051452637,1.9549311399459839,1.9829230308532715,12,true,true,0,false,not_started,0.942217,0.909198,0.970519,3,true,at_or_above_parent_run_top_quartile_per_independent_model,autoresearch_structure_cohort_challenger_shadow,0,0.275,167.84,gyra,HemoPI2-Zenodo-14676712-rf-only-v27,0.18365756714014775,0.28251089202785207,False,False,no_conflict,False,apex;peptiverse,true,not_started,missing,not_started,lexicographic_support_challenger_percentiles_stability_no_weighted_total
gyra,1,13,20560914,autoresearch-rule-de-novo-v3,HITKHQRKSDKRKIVSHTIVR,2db4156d22991711b0ffe4bfe3eb636c46b5faf0f4994d2ea5bc6d94c40db28e,26.209524,2,0.238095,6.113,false,pending,seqfam80_2db4156d22991711b0ff,HITKHQRKSDKRKIVSHTIVR,1,true,true,true,proposal-2db4156d22991711b0ff,2568.0,11.9306640625,0.23809523809523808,0.19418280435642568,0.401,0.446,low,0.305,0.0,Non-Toxin,1.4281693696975708,26.802133724578503,2.151882428194095,141.86734077273576,1.6649748086929321,2.199768304824829,1.6623233556747437,3.08054780960083,12,true,true,0,false,not_started,0.830189,0.890330,0.970519,3,true,at_or_above_parent_run_top_quartile_per_independent_model,autoresearch_structure_cohort_challenger_shadow,0,0.28,192.861,gyra,HemoPI2-Zenodo-14676712-rf-only-v27,0.18970630018966653,0.28251089202785207,False,False,no_conflict,False,apex;peptiverse,true,not_started,missing,not_started,lexicographic_support_challenger_percentiles_stability_no_weighted_total
gyra,1,28,20560859,autoresearch-rule-de-novo-v3,RKADKSSLFRIGKRGEKRQIS,6f3783634ff3e52a4ed67e0e860904977e033bb7de53da4b33375375d28e7f34,39.152381,2,0.238095,5.988,false,pending,seqfam80_6f3783634ff3e52a4ed6,RKADKSSLFRIGKRGEKRQIS,1,true,,,proposal-6f3783634ff3e52a4ed6,2460.84,11.77880859375,0.23809523809523808,0.1837417754647842,0.297,0.446,low,0.335,0.335,Non-Toxin,1.2664059400558472,18.467407825815577,1.7303510501154828,53.74660668873352,1.8355399370193481,2.042271614074707,1.3922613859176636,1.6513217687606812,12,true,true,0,false,not_started,0.952830,0.954009,0.956368,3,true,at_or_above_parent_run_top_quartile_per_independent_model,autoresearch_structure_cohort_challenger_shadow,0,0.285,203.418,gyra,HemoPI2-Zenodo-14676712-rf-only-v27,0.19583832451978658,0.28251089202785207,False,False,no_conflict,False,apex;peptiverse,true,not_started,missing,not_started,lexicographic_support_challenger_percentiles_stability_no_weighted_total
gyra,1,16,20560847,autoresearch-rule-de-novo-v3,HFEGNSSHRKYQHFKHGSQRK,18b3a98e785c73d8f11f09a5f36c994a959758fd347c8a19606e07961020c57e,1.852381,1,0.142857,4.154,false,pending,seqfam80_18b3a98e785c73d8f11f,HFEGNSSHRKYQHFKHGSQRK,1,true,,,proposal-18b3a98e785c73d8f11f,2595.8,10.9736328125,0.09523809523809523,0.22392168148884012,0.535,0.485,low,0.305,0.305,Non-Toxin,0.9988270998001099,9.97302941100357,1.8233889328078772,66.58692090239195,1.392571210861206,1.5647664070129395,1.9169623851776123,2.4193029403686523,12,true,true,2,true,not_started,0.942217,0.968160,0.971698,3,true,at_or_above_parent_run_top_quartile_per_independent_model,autoresearch_structure_cohort_challenger_shadow,0,0.285,173.273,gyra,HemoPI2-Zenodo-14676712-rf-only-v27,0.19583832451978658,0.28251089202785207,False,False,no_conflict,False,apex;peptiverse,true,not_started,missing,not_started,lexicographic_support_challenger_percentiles_stability_no_weighted_total
gyra,1,112,20561014,autoresearch-rule-de-novo-v4,KRKKNKGEATSEHRHGKTKQKFGK,68c47925e7b6e9ea5c4df79506c0b8706832906629d7135b6e0495b7fb7c9100,37.716667,1,0.083333,8.07,false,pending,seqfam80_68c47925e7b6e9ea5c4d,KRKKNKGEATSEHRHGKTKQKFGK,1,true,true,true,proposal-68c47925e7b6e9ea5c4d,2809.2,11.37841796875,0.08333333333333333,0.20237053532936344,0.297,0.347,low,0.45,0.0,Non-Toxin,0.7229455709457397,5.283790271875506,1.5097105089960194,32.33780284981941,1.3808284997940063,2.1869583129882812,0.9326725006103516,1.5383884906768799,12,true,true,1,false,not_started,0.968160,0.972877,0.956368,3,true,at_or_above_parent_run_top_quartile_per_independent_model,autoresearch_structure_cohort_challenger_shadow,0,0.29,176.262,gyra,HemoPI2-Zenodo-14676712-rf-only-v27,0.20205241684529787,0.28251089202785207,False,False,no_conflict,False,apex;peptiverse,true,not_started,missing,not_started,lexicographic_support_challenger_percentiles_stability_no_weighted_total
gyra,1,17,20560919,autoresearch-rule-de-novo-v4,YKKARVGEASYRREKTKKKHNFKSQ,4ec3e9a7c71935d2cdc9f3127beee8902a8be5bef4610acc4f3e0f7461a1ad5b,24.488000,1,0.240000,8.025,false,pending,seqfam80_4ec3e9a7c71935d2cdc9,YKKARVGEASYRREKTKKKHNFKSQ,1,true,true,true,proposal-4ec3e9a7c71935d2cdc9,3068.5,11.05859375,0.16,0.18998801539079035,0.257,0.287,low,0.3,0.3,Non-Toxin,1.5447574853897095,35.05560650899206,2.0627897898593535,115.55527883630012,3.7747976779937744,2.7095634937286377,0.7958718538284302,0.9708294868469238,12,true,true,0,false,not_started,0.877358,0.823113,0.939858,3,true,at_or_above_parent_run_top_quartile_per_independent_model,autoresearch_structure_cohort_challenger_shadow,0,0.305,169.456,gyra,HemoPI2-Zenodo-14676712-rf-only-v27,0.22117413373990175,0.28251089202785207,False,False,no_conflict,False,apex;peptiverse,true,not_started,missing,not_started,lexicographic_support_challenger_percentiles_stability_no_weighted_total
gyra,1,29,20560930,autoresearch-rule-de-novo-v3,KWKHRKTANEQSIYRFRAKEYLG,e3025c87f07956b65b71971df20d30cf528c9c1e0dbcf4a8dcca01a30dba9039,29.691304,2,0.347826,5.026,false,pending,seqfam80_e3025c87f07956b65b71,KWKHRKTANEQSIYRFRAKEYLG,1,true,true,true,proposal-e3025c87f07956b65b71,2910.3,10.778564453125,0.21739130434782608,0.04439896991712014,0.208,0.366,low,0.355,0.0,Non-Toxin,1.584823727607727,38.443571476799384,1.7368770681886887,54.56034002112211,1.7065318822860718,2.178408145904541,0.8443665504455566,2.2182512283325195,12,true,true,0,false,not_started,0.952830,0.793632,0.892689,3,true,at_or_above_parent_run_top_quartile_per_independent_model,autoresearch_structure_cohort_challenger_shadow,0,0.325,115.73,gyra,HemoPI2-Zenodo-14676712-rf-only-v27,0.24773592332956057,0.28251089202785207,False,False,no_conflict,False,apex;peptiverse,true,not_started,missing,not_started,lexicographic_support_challenger_percentiles_stability_no_weighted_total
gyra,1,78,20560979,autoresearch-rule-de-novo-v3,RTFAKVKGKSLERIQLSSVSG,a150f770fc4bb6fc81e2a6be32547d1be4484390357a361f89f56496209aa437,11.071429,2,0.333333,3.989,false,pending,seqfam80_a150f770fc4bb6fc81e2,RTFAKVKGKSLERIQLSSVSG,1,true,true,true,proposal-a150f770fc4bb6fc81e2,2291.66,11.4951171875,0.3333333333333333,0.28655167531911707,0.248,0.386,low,0.27,0.27,Non-Toxin,1.4750430583953857,29.85678621200112,1.8842438794799161,76.60266509128434,1.6902945041656494,1.905212640762329,1.5274245738983154,2.414090156555176,12,true,true,0,false,not_started,0.931604,0.869104,0.931604,3,true,at_or_above_parent_run_top_quartile_per_independent_model,autoresearch_structure_cohort_challenger_shadow,0,0.325,127.315,gyra,HemoPI2-Zenodo-14676712-rf-only-v27,0.24773592332956057,0.28251089202785207,False,False,no_conflict,False,apex;peptiverse,true,not_started,missing,not_started,lexicographic_support_challenger_percentiles_stability_no_weighted_total
gyra,1,32,20560933,autoresearch-rule-de-novo-v3,NKIGRKIQIRVTYISKQGDK,c2046e22ef88ae887f3edbf05a41e5b1b9f30c7f43147224954b1ad99d9e4f5c,16.180000,2,0.300000,4.986,false,pending,seqfam80_c2046e22ef88ae887f3e,NKIGRKIQIRVTYISKQGDK,1,true,true,true,proposal-c2046e22ef88ae887f3e,2345.75,11.1044921875,0.25,0.5067597739254849,0.317,0.475,low,0.33,0.0,Non-Toxin,1.2656384706497192,18.434801713316308,1.5252482538409555,33.5156968712158,1.7215112447738647,1.824253797531128,1.2935551404953003,1.2616455554962158,12,true,true,0,false,not_started,0.966981,0.954009,0.959906,3,true,at_or_above_parent_run_top_quartile_per_independent_model,autoresearch_structure_cohort_challenger_shadow,0,0.33,125.721,gyra,HemoPI2-Zenodo-14676712-rf-only-v27,0.2545566491851605,0.28251089202785207,False,False,no_conflict,False,apex;peptiverse,true,not_started,missing,not_started,lexicographic_support_challenger_percentiles_stability_no_weighted_total
gyra,1,70,20560971,autoresearch-rule-de-novo-v3,ERDGKWRHAKEYKQIGVLKNR,1dfc61b12445c37c7d2707c3d38cf97229fa3d1e1912d3c194ebe86866cdc4f2,21.866667,2,0.285714,4.029,false,pending,seqfam80_1dfc61b12445c37c7d27,ERDGKWRHAKEYKQIGVLKNR,1,true,true,true,proposal-1dfc61b12445c37c7d27,2611.96,10.720703125,0.19047619047619047,0.20179969480486024,0.376,0.287,low,0.34,0.34,Non-Toxin,1.5832620859146118,38.30558382477683,1.605363632746998,40.30543686271823,1.5281468629837036,1.3484055995941162,0.9430710077285767,2.601924180984497,12,true,true,0,false,not_started,0.962264,0.795991,0.970519,3,true,at_or_above_parent_run_top_quartile_per_independent_model,autoresearch_structure_cohort_challenger_shadow,0,0.33,136.906,gyra,HemoPI2-Zenodo-14676712-rf-only-v27,0.2545566491851605,0.28251089202785207,False,False,no_conflict,False,apex;peptiverse,true,not_started,missing,not_started,lexicographic_support_challenger_percentiles_stability_no_weighted_total
gyra,1,25,20560927,autoresearch-rule-de-novo-v4,NRFRKKLRDELTKKKDKRLFTSRK,7e7a19d142e6ee6da447f72fe9bf4ee37526d9eb778ed8663801a52a402c8c7b,32.141667,2,0.208333,8.987,false,pending,seqfam80_7e7a19d142e6ee6da447,NRFRKKLRDELTKKKDKRLFTSRK,1,true,true,true,proposal-7e7a19d142e6ee6da447,3092.65,11.74951171875,0.20833333333333334,0.20514904952269777,0.297,0.446,low,0.365,0.0,Non-Toxin,1.2455147504806519,17.60008440129878,1.8825124160299493,76.29787036215501,0.9893786907196045,2.6718850135803223,0.9827146530151367,2.886171817779541,12,true,true,0,false,not_started,0.931604,0.956368,0.956368,3,true,at_or_above_parent_run_top_quartile_per_independent_model,autoresearch_structure_cohort_challenger_shadow,0,0.34,168.714,gyra,HemoPI2-Zenodo-14676712-rf-only-v27,0.26840298404508983,0.28251089202785207,False,False,no_conflict,False,apex;peptiverse,true,not_started,missing,not_started,lexicographic_support_challenger_percentiles_stability_no_weighted_total
gyra,1,127,20561029,autoresearch-rule-de-novo-v4,RAKNKYKSHSREKSKHLEVHR,3900ae20409cdcbdb9c84569e820135d24b996a17957d1e40a6ebf547f6f34b1,29.971429,1,0.190476,6.112,false,pending,seqfam80_3900ae20409cdcbdb9c8,RAKNKYKSHSREKSKHLEVHR,1,true,true,true,proposal-3900ae20409cdcbdb9c8,2618.96,11.163330078125,0.14285714285714285,0.2533552493879129,0.347,0.416,low,0.31,0.0,Non-Toxin,1.4906822443008423,30.951538717109063,1.9561382541526842,90.39371890522999,1.2755858898162842,2.06181001663208,2.478292942047119,2.008857250213623,12,true,true,0,false,not_started,0.913915,0.858491,0.966981,3,true,at_or_above_parent_run_top_quartile_per_independent_model,autoresearch_structure_cohort_challenger_shadow,0,0.34,139.051,gyra,HemoPI2-Zenodo-14676712-rf-only-v27,0.26840298404508983,0.28251089202785207,False,False,no_conflict,False,apex;peptiverse,true,not_started,missing,not_started,lexicographic_support_challenger_percentiles_stability_no_weighted_total
gyra,1,125,20561027,autoresearch-rule-de-novo-v4,DKQKKTRAKLKERAKRWFKI,e44e7f9a896f6987d3ff65c5af2d4be7779a20a1bd3107b58ff89f04805862be,41.765000,2,0.300000,7.987,false,pending,seqfam80_e44e7f9a896f6987d3ff,DKQKKTRAKLKERAKRWFKI,1,true,true,true,proposal-e44e7f9a896f6987d3ff,2559.07,11.607666015625,0.25,0.34877526859021823,0.386,0.465,low,0.52,0.02,Non-Toxin,0.9938970804214478,9.86045783738831,1.2192977088687207,16.569053829052837,1.570465326309204,1.3014031648635864,1.0424484014511108,0.9628468751907349,12,true,true,1,false,not_started,0.971698,0.968160,0.970519,3,true,at_or_above_parent_run_top_quartile_per_independent_model,autoresearch_structure_cohort_challenger_shadow,0,0.345,152.23,gyra,HemoPI2-Zenodo-14676712-rf-only-v27,0.2754251344803366,0.28251089202785207,False,False,no_conflict,False,apex;peptiverse,true,not_started,missing,not_started,lexicographic_support_challenger_percentiles_stability_no_weighted_total
