branch_key,generation,proposal_rank,seed,operator_id,action_type,action_sha256,parent_candidate_id,donor_candidate_id,candidate_id,sequence,sequence_sha256,guruprasad_instability_index,maximum_hydrophobic_run,hydrophobic_fraction,net_charge_ph7_4,historical_exact_replay,score_all_status,family_key_80_80,family_representative_sequence,combined_family_size,new_family_relative_to_all_references,diversity_qualified,molecular_weight_da,isoelectric_point,hydrophobic_ratio_modlamp,hydrophobic_moment_eisenberg,macrel_amp_probability,macrel_hemolysis_probability,macrel_hemolysis_label,toxinpred3_ml_score,toxinpred3_hybrid_score,toxinpred3_label,llamp_log10_mic_um,llamp_predicted_mic_um,amp_read_log10_mic_um,amp_read_predicted_mic_um,amp_read_cnn_log10_mic_um,amp_read_transformer_log10_mic_um,amp_read_attention_log10_mic_um,amp_read_lstm_log10_mic_um,formal_metric_count,formal_12_complete,display_eligible,activity_model_support_count,excellent_sequence_stage,structure_md_status,amp_read_log10_mic_um__parent_benefit_percentile,llamp_log10_mic_um__parent_benefit_percentile,macrel_amp_probability__parent_benefit_percentile,activity_model_support_count_calibrated,excellent_sequence_stage_calibrated,activity_support_semantics
acea,3,1,20260917,autoresearch-rule-substitution-v3,masked_substitution,9b3c0810b2ab838e5105d1384f049436e4a60b95666144706e770635bf83e26c,056b60aa6a18b7ce603a45544992bd04a8b35c333b1d72221037997a7159b999,,proposal-523b1bec6d45b2a1b5fe,DRHKNQTYGKDNTQKRRYTRN,523b1bec6d45b2a1b5fea43f6e2149707b46d032822a4c97956af6ad5439dfea,48.114286,1,0.095238,5.026,false,pending,seqfam80_056b60aa6a18b7ce603a,DRHKNQTYGKDFTQKRRYTRN,3,false,false,2679.87,10.965576171875,0.0,0.25569288891782904,0.337,0.218,low,0.19,0.19,Non-Toxin,1.2892123460769653,19.463114881090924,1.7111800826308037,51.4256846849782,1.6321628093719482,1.9190093278884888,1.1407160758972168,2.1528737545013428,12,true,true,0,false,not_started,0.656827,0.922509,0.589176,1,false,at_or_above_parent_run_top_quartile_per_independent_model
acea,3,2,20260918,autoresearch-rule-crossover-v3,controlled_crossover,c2253425334e2ed1bce6ab69a9c4b4355feee89b164d3fde22be58793c55075c,37ab5e53f6dfb88a62184fb6161d6073b6651ffd80457cc22bcc6c6712bc97a5,c9bef09a3c4bb0af6bf86932aee1ddc73cc766305b17fe534e241978703e00b5,proposal-777886a81648ff919f6c,RKSEKKGKNGKKKSNHRKSNKRR,777886a81648ff919f6c75fd470ee12f5026885953a6e131434e81b2939e636b,49.704348,0,0.000000,12.027,false,pending,seqfam80_5ce801356b4607237170,RKKKDSKGKNGKKKSNHRKSNKRR,3,false,false,2780.21,12.210693359375,0.0,0.2619383109028643,0.297,0.455,low,0.34,0.34,Non-Toxin,1.4474692344665527,28.02007119726642,2.1119396081389095,129.4015886454694,1.467680811882019,2.844503164291382,0.9868056774139404,3.1488733291625977,12,true,true,0,false,not_started,0.107011,0.861009,0.482165,1,false,at_or_above_parent_run_top_quartile_per_independent_model
acea,3,3,20260919,autoresearch-rule-de-novo-v4,de_novo,2593e2febd64a5fdadf45ac0be1f829596296cc213fb831183c85d5e37d939c0,,,proposal-2c7a1d2a474b95164a8b,RKYKKTNKEKGKRVRFGGTTAK,2c7a1d2a474b95164a8b22382c95c9ad3024ac0716e6f5a1d2c6c4381db5b67e,22.327273,1,0.181818,8.984,false,pending,seqfam80_2c7a1d2a474b95164a8b,RKYKKTNKEKGKRVRFGGTTAK,1,true,true,2582.02,11.6181640625,0.13636363636363635,0.37436212567108124,0.171,0.267,low,0.27,0.27,Non-Toxin,1.4510756731033325,28.253722355085873,1.64464544882094,44.12101033002058,1.7099815607070923,2.1539885997772217,0.858690619468689,1.8559446334838867,12,true,true,0,false,not_started,0.742927,0.858549,0.183272,1,false,at_or_above_parent_run_top_quartile_per_independent_model
acea,3,4,20260921,autoresearch-rule-de-novo-v4,de_novo,d647e7dbf95499bc6620b3534ebeef154284e0ecffc78c3d68ffc0bb8ed24b79,,,proposal-7611a393b5a518214f4a,VKVKVHSSKSATKRRIKNNREG,7611a393b5a518214f4ac4bc1472ac9ca98b8dceb51a49df2eccf9ef5e773bb5,44.959091,1,0.227273,7.029,false,pending,seqfam80_7611a393b5a518214f4a,VKVKVHSSKSATKRRIKNNREG,1,true,true,2522.91,11.95361328125,0.22727272727272727,0.19947708847798848,0.172,0.317,low,0.295,0.295,Non-Toxin,1.5713807344436646,37.27183153219015,3.179604675106895,1512.1841271113924,3.0832855701446533,3.573791027069092,2.7640790939331055,3.2972676753997803,12,true,true,0,false,not_started,0.008610,0.771218,0.183272,1,false,at_or_above_parent_run_top_quartile_per_independent_model
angpt1,3,3,20270919,autoresearch-rule-de-novo-v4,de_novo,bc8c93d3f506f322cc7e6fba8af2febbbea9300b5bca78aa82936d4840576076,,,proposal-63212d2af3c1ff33ff49,KRTNKVRLKKKATNNVHNRKKNKN,63212d2af3c1ff33ff49c7ce27d30c014a960c8a788c8362486158ce05153a93,33.166667,1,0.166667,11.027,false,pending,seqfam80_63212d2af3c1ff33ff49,KRTNKVRLKKKATNNVHNRKKNKN,1,true,true,2918.42,12.4833984375,0.16666666666666666,0.033355066430556954,0.218,0.287,low,0.285,0.0,Non-Toxin,1.2793796062469482,19.027406926553134,2.020732613915004,104.88964460748625,1.4322186708450317,2.885218381881714,0.9910598993301392,2.7745113372802734,12,true,true,0,false,not_started,0.890244,0.969512,0.479268,2,true,at_or_above_parent_run_top_quartile_per_independent_model
angpt1,3,1,20270917,autoresearch-rule-substitution-v3,masked_substitution,eb710826c33bd7d6980ed6aeadf96c4ea34d3140a6e8ea385fe0e5d7ba91bdf1,013142a5a4f65fd09b681b098b7ea1d28d05f73039fa5fa9409e7fb93916ba45,,proposal-ea3d0917f9b1e073888a,SKNLNKKKQRKGKWKGNGKNGKRHR,ea3d0917f9b1e073888a297f9348d354983bec50e450d5417d5f4d119e974d97,16.872000,1,0.080000,12.027,false,pending,seqfam80_013142a5a4f65fd09b68,SKNLNKKKQRKGKWKGNGKYGKRHR,3,false,false,2976.46,12.4921875,0.04,0.06783455207114449,0.257,0.356,low,0.44,0.0,Non-Toxin,1.2697373628616333,18.609613903984176,1.7411715526767624,55.102531648593086,1.530678629875183,2.7192699909210205,0.7250651121139526,1.989703893661499,12,true,true,0,false,not_started,0.951220,0.971951,0.597561,2,true,at_or_above_parent_run_top_quartile_per_independent_model
angpt1,3,2,20270918,autoresearch-rule-crossover-v3,controlled_crossover,4f4ebbd527da4aa9acc19bf53d854efe919da7ffcb63d8e26d53603b9f3ac0d5,60846435eda20e2de4f1908cbc9fd93f9cc5b5d2e257ce84b9377b7448057bf1,69c3ad842993c8799341cf90f0966617f00e3e69f0b1152cb5ae511e3d82e1fe,proposal-91663e38a285bc376366,NNGKGRKGRKHGKKKKGKKND,91663e38a285bc376366d6ba74ef1fad1a149b299cc1d00d7e322553427614a6,-26.828571,0,0.000000,10.027,false,pending,seqfam80_8a2ea9afeda2bc12815d,NNGKGKKGRKHGKKKKGKKND,2,false,false,2363.74,11.7822265625,0.0,0.12654173440316827,0.366,0.475,low,0.44,0.44,Toxin,1.663366675376892,46.06453328767682,1.7521813902908432,56.5172979388505,1.3861807584762573,1.9351274967193604,1.0018094778060913,2.685697555541992,12,true,false,0,false,not_started,0.951220,0.892683,0.847561,3,false,at_or_above_parent_run_top_quartile_per_independent_model
angpt1,3,4,20270921,autoresearch-rule-de-novo-v4,de_novo,8bc35fc45e371da4d9328de1bc43deaf632acb73e16bd08aab990109b5bc0fbe,,,proposal-54cb3cdb8e273933e1fc,THNGKDRIRNTRKTYYKGKTKE,54cb3cdb8e273933e1fc1b78337fb5f780270813589eb573baddfda10334772c,5.831818,2,0.136364,6.026,false,pending,seqfam80_54cb3cdb8e273933e1fc,THNGKDRIRNTRKTYYKGKTKE,1,true,true,2695.01,10.89404296875,0.045454545454545456,0.25755164419304005,0.198,0.238,low,0.255,0.255,Non-Toxin,1.6389541625976562,43.54659102198329,3.364351131421022,2313.934873511625,3.709174871444702,3.33113169670105,3.193726062774658,3.223346710205078,12,true,true,0,false,not_started,0.120732,0.907317,0.407317,1,false,at_or_above_parent_run_top_quartile_per_independent_model
fgf2,3,3,20280919,autoresearch-rule-de-novo-v4,de_novo,1142b23a25ef6df646a44f1e52e6d5a4158ca8f0af49884185de255063cd410c,,,proposal-75c980697d9a15bbfaf3,KKGNTKHGRNKLRHRGKKRTTNQR,75c980697d9a15bbfaf30627471ca5bc178025b53374aa6f4c7f52aac1d7224a,19.275000,1,0.041667,11.07,false,pending,seqfam80_75c980697d9a15bbfaf3,KKGNTKHGRNKLRHRGKKRTTNQR,1,true,true,2900.32,12.73095703125,0.041666666666666664,0.12191109959977615,0.366,0.446,low,0.305,0.305,Non-Toxin,0.7449239492416382,5.5580691954061106,1.8189510901847292,65.90996639118117,1.5014376640319824,2.629760265350342,0.9546358585357666,2.1900110244750977,12,true,true,1,false,not_started,0.572979,0.980700,0.916767,2,true,at_or_above_parent_run_top_quartile_per_independent_model
fgf2,3,1,20280917,autoresearch-rule-substitution-v3,masked_substitution,da0e0db8fc5cd144c78d949d7b31a202db32ae08e0061631988a75c4523e68f9,0786bdd15b7e7dc8e08db905ab24b2ad94897656d31d7358e26711037d1cf6b6,,proposal-84613564782c3f90f8e5,NHGNVTRRKHHHQTKTDGKR,84613564782c3f90f8e5843af99be68049164f88f90012e921313f1c3e1466f8,36.520000,1,0.050000,5.155,false,pending,seqfam80_0786bdd15b7e7dc8e08d,NHGYVTRRKHHHQTKTDGKR,3,false,false,2407.62,11.90478515625,0.05,0.15600930267909913,0.327,0.208,low,0.2,0.2,Non-Toxin,1.698374629020691,49.93150184657619,1.7767856626527951,59.811633386357066,1.456721544265747,1.835500955581665,1.1686532497406006,2.646348476409912,12,true,true,0,false,not_started,0.627262,0.739445,0.887817,1,false,at_or_above_parent_run_top_quartile_per_independent_model
fgf2,3,2,20280918,autoresearch-rule-crossover-v3,controlled_crossover,55d4f21b9a707a0ada7a3d87f1cb346e9e0192fd36570150f8e6045d175a01d9,ff3aad333afd777246ebece3fba7b78f75a7d14d23fb4e8e00dca8567782346c,1763693e13826717802fcaa322dc8115633b2599791077b6a8f7096addcfe396,proposal-4041a8631e6d6c0e2f4a,QHTKNGRGSTNNHTGKTNTKNRK,4041a8631e6d6c0e2f4a7ed743676afa63e4a99cfe2d871e03841e530d0b9a62,-31.360870,0,0.000000,6.071,false,pending,seqfam80_4041a8631e6d6c0e2f4a,QHTKNGRGSTNNHTGKTNTKNRK,1,true,true,2579.76,12.201171875,0.0,0.15433067373970988,0.436,0.317,low,0.19,0.19,Non-Toxin,1.7542071342468262,56.7815357094386,2.6734154127259235,471.428042638743,2.236332654953003,3.2989916801452637,2.5197970867156982,2.63853120803833,12,true,true,0,false,not_started,0.125452,0.650181,0.961399,1,false,at_or_above_parent_run_top_quartile_per_independent_model
fgf2,3,4,20280921,autoresearch-rule-de-novo-v4,de_novo,3ada3ba90e68e02aee89f6e13b676e8858e997a07173737040bb80bd9e37f0f2,,,proposal-00e6b9391fb2295ce779,QIVQNTRHHKSRTRDKDKLNN,00e6b9391fb2295ce779429384d0c600cdd75fad9d9c1cd642c8499aa0f92f20,18.928571,2,0.142857,4.072,false,pending,seqfam80_00e6b9391fb2295ce779,QIVQNTRHHKSRTRDKDKLNN,1,true,true,2588.85,11.39013671875,0.14285714285714285,0.18883385325191535,0.208,0.277,low,0.215,0.215,Non-Toxin,1.8942378759384155,78.38588679019865,2.1083101161325586,128.32465819000817,2.0376198291778564,2.39113187789917,1.0765639543533325,2.9280054569244385,12,true,true,0,false,not_started,0.213510,0.326900,0.720145,0,false,at_or_above_parent_run_top_quartile_per_independent_model
gyra,3,2,20290918,autoresearch-rule-crossover-v3,controlled_crossover,8bdf224c309957d7868961cc9520b9073da48a94e594fe82fe888f3893ed606e,1a602ff6ecff8d0a8f63226d2f46e39bead8faa93ce94426c477d51dba7ae70d,c8f5edbf9470e00889495b471f9496277bb942b841f9ab6abf7c0774e7ed5e60,proposal-be994c4dbd41a10f9916,RKKHTLGENTRKRGDTRDKKRGKK,be994c4dbd41a10f9916b580098ac4991c50be7af3ae8b309aeb579ce71a6d94,6.516667,1,0.041667,9.029,false,pending,seqfam80_be994c4dbd41a10f9916,RKKHTLGENTRKRGDTRDKKRGKK,1,true,true,2894.31,11.74951171875,0.041666666666666664,0.16132230301299502,0.356,0.455,low,0.35,0.0,Non-Toxin,1.129010558128357,13.458930736498848,1.9912246518230223,97.99967869962576,1.6963742971420288,2.5925230979919434,1.0655434131622314,2.610520601272583,12,true,true,0,false,not_started,0.906840,0.963443,0.968160,3,true,at_or_above_parent_run_top_quartile_per_independent_model
gyra,3,1,20290917,autoresearch-rule-substitution-v3,masked_substitution,7aa8f36b1232328cf0aac1cc6c326b3f519d25341edbd9d18408f378a329a050,03c2f732263e37da569e3420e8c3175c2c97a47f76a8e1019baa5a71ab75b6e2,,proposal-e49536ed643a2526c932,HRTKSATKGGVRAKEKRGKAV,e49536ed643a2526c9327afa71bf6a63e2a128bd502429ade72637caee25f964,18.795238,2,0.238095,7.029,false,pending,seqfam80_03c2f732263e37da569e,HRTKYATKGGVRAKEKRGKAV,3,false,false,2265.63,11.95361328125,0.23809523809523808,0.3074493189110503,0.295,0.297,low,0.37,0.0,Non-Toxin,1.7928041219711304,62.05890693994316,2.2076504634453986,161.30597829842355,2.24405574798584,1.8015968799591064,2.0808303356170654,2.7041563987731934,12,true,true,0,false,not_started,0.804245,0.527123,0.951651,2,true,at_or_above_parent_run_top_quartile_per_independent_model
gyra,3,4,20290921,autoresearch-rule-de-novo-v4,de_novo,d9307e171d78a4e56e9eb1e922d3299b5ee2bb9ccbab2164ecb1aa2e997a17f5,,,proposal-8426f40a48cbc8c39bfd,KNGGFKHKGYIRRLRLKWKTHSKQR,8426f40a48cbc8c39bfdebdfdee1a23949bdb6672864ad723ccd198566f6d3ad,41.868000,2,0.240000,10.068,false,pending,seqfam80_8426f40a48cbc8c39bfd,KNGGFKHKGYIRRLRLKWKTHSKQR,1,true,true,3123.68,12.18212890625,0.16,0.1784644583432261,0.475,0.723,high,0.45,0.45,Toxin,0.7334685325622559,5.413380230285995,1.6944687408846448,49.484449232873274,3.353490114212036,1.590110421180725,0.7518618106842041,1.0823559761047363,12,true,false,1,false,not_started,0.955189,0.972877,0.971698,3,false,at_or_above_parent_run_top_quartile_per_independent_model
gyra,3,3,20290919,autoresearch-rule-de-novo-v4,de_novo,59a4d841d9ed23c73ff8c5f1665bbcc14e07eff0fa4eb057b7c8a9c21465526c,,,proposal-b2c7ed3ed23d171e97af,LRKHAKDRKDNRKSKKKHKKRTA,b2c7ed3ed23d171e97afb3d0c9eba8f0a36f270e2806adf7648e053c67b0e60c,39.130435,1,0.130435,11.069,false,pending,seqfam80_b2c7ed3ed23d171e97af,LRKHAKDRKDNRKSKKKHKKRTA,1,true,true,2858.37,11.88671875,0.13043478260869565,0.20558234128152658,0.198,0.505,high,0.31,0.31,Non-Toxin,0.9741908311843872,9.423035585009288,2.097291032023047,125.10971420868307,1.6103217601776123,3.0996203422546387,0.7315698862075806,2.9477427005767822,12,true,false,1,false,not_started,0.860849,0.968160,0.876179,3,false,at_or_above_parent_run_top_quartile_per_independent_model
pbp2a,3,1,20300917,autoresearch-rule-substitution-v3,masked_substitution,16d6017a210ddd98df18288c011f5e5f89438d675c6df842925a32094f0db0fb,01e4de00cf723088320f4c1901988e7c8aeb74684bf3fcce87087e2bb41805f0,,proposal-cd271691a14b351a41e0,DKSRVKTHWNRVRKSKRAKYT,cd271691a14b351a41e0aef4b2736f799402224ec694c9fd40f1084da3c650c8,29.266667,1,0.238095,8.027,false,pending,seqfam80_01e4de00cf723088320f,DKSRVATHWNRVRKSKRAKYT,3,false,false,2645.04,11.8115234375,0.14285714285714285,0.17937962578180247,0.178,0.248,low,0.325,0.0,Non-Toxin,1.1828359365463257,15.234771210281362,1.445512285502894,27.894095632015283,1.569587230682373,1.6936994791030884,0.9922530651092529,1.5265169143676758,12,true,true,0,false,not_started,0.984516,0.983226,0.598710,2,true,at_or_above_parent_run_top_quartile_per_independent_model
pbp2a,3,4,20300921,autoresearch-rule-de-novo-v4,de_novo,46b58cb3cba03e649ee599f3a68164703f5649d8fd30edc90d751b0c5f44de8b,,,proposal-8afd54d21b695bbd0567,KNHGNFTKRTQQKNQTRQRGHL,8afd54d21b695bbd0567b039fcf0abcf8dfcf33fc4576a49a30acf2bd8d53f65,15.754545,1,0.090909,6.072,false,pending,seqfam80_8afd54d21b695bbd0567,KNHGNFTKRTQQKNQTRQRGHL,1,true,true,2677.95,12.43505859375,0.09090909090909091,0.2024358028069235,0.327,0.386,low,0.145,0.145,Non-Toxin,1.4535386562347412,28.414410883243466,3.5032901012572477,3186.325221553593,3.671466112136841,3.513110637664795,3.405923366546631,3.422639846801758,12,true,true,0,false,not_started,0.076129,0.908387,0.855484,2,true,at_or_above_parent_run_top_quartile_per_independent_model
pbp2a,3,2,20300918,autoresearch-rule-crossover-v3,controlled_crossover,883ce8430b5ef5e19664082e0e64105b4149e6c24cc75bc85d6a2ba4fc557326,cce9d43fafb0c7976bde9858fb74d47ecadeae07bd228642c323c935b7b483d4,eab6b68445467b7afb465ab6523970cd7dc77b8d0b16b863c170b1f88944439a,proposal-fc27e24e251a237a454c,TGSTNGTRTNTKGTHKGRKTQRK,fc27e24e251a237a454cefd045e145e8e5ecd65a618a6af956247c95426a5de9,-25.169565,0,0.000000,7.029,false,pending,seqfam80_fc27e24e251a237a454c,TGSTNGTRTNTKGTHKGRKTQRK,1,true,true,2515.75,12.4453125,0.0,0.4050189018648658,0.485,0.495,low,0.155,0.155,Non-Toxin,1.0565757751464844,11.3913651962239,3.148739749973662,1408.4445381518624,3.6113147735595703,3.240612268447876,3.2362515926361084,2.506706714630127,12,true,true,0,false,not_started,0.194839,0.990968,0.961290,2,true,at_or_above_parent_run_top_quartile_per_independent_model
pbp2a,3,3,20300919,autoresearch-rule-de-novo-v4,de_novo,b135dd3be8d07651f2a7095c6496916d0f8d070210ee2d6363ec1e2b6905825d,,,proposal-839c85988815fb2cfc9c,NDHEGQRKKRNVTHNRVRHHRNL,839c85988815fb2cfc9c3fcbc4b621ce196b6190db5661ee71daea71985564ad,49.447826,1,0.130435,5.157,false,pending,seqfam80_839c85988815fb2cfc9c,NDHEGQRKKRNVTHNRVRHHRNL,1,true,true,2902.17,11.9599609375,0.13043478260869565,0.27945066723097506,0.287,0.238,low,0.305,0.305,Non-Toxin,1.8397525548934937,69.14369032166684,3.277774383720677,1895.7208370905512,3.830109119415283,3.226132869720459,2.7912240028381348,3.2636215686798096,12,true,true,0,false,not_started,0.153548,0.407742,0.806452,1,false,at_or_above_parent_run_top_quartile_per_independent_model
vegfa,3,2,20310918,autoresearch-rule-crossover-v3,controlled_crossover,799ec82df59ae968da14cd2976228a3dbdd2b2685d702fae737e035836f65fd7,5d445245bcb525db3b1d3ea02148ab9025d5a78d47468957397cd71650735230,adbbc2a124ad2542198e913b808e2ea0e1da5ebe543f1b4d908d6b707b0819d2,proposal-20cd463234d38fde7972,DSKKKGKKKRKGNKEKKGKKNKGIK,20cd463234d38fde797200dfcd095bbf79aa1af5c0e10cca53c51cbee603bd97,18.724000,1,0.040000,12.983,false,pending,seqfam80_20cd463234d38fde7972,DSKKKGKKKRKGNKEKKGKKNKGIK,2,false,false,2869.47,11.408935546875,0.04,0.1619629390489981,0.455,0.465,low,0.5,0.0,Non-Toxin,1.183886170387268,15.27165732020283,1.2191329290587616,16.56276839885247,1.5008465051651,1.5795893669128418,0.8695468902587891,0.9265215396881104,12,true,true,0,false,not_started,0.930779,0.918418,0.719407,2,true,at_or_above_parent_run_top_quartile_per_independent_model
vegfa,3,1,20310917,autoresearch-rule-substitution-v3,masked_substitution,d25fb5324bcfbb5ef969d8ff49e1d1d2a31ec1832bd869811b2bbabba7c51cd6,018b78dcc788378c4e067afe39da568505c828228e8eb6e36361d99fdebd4aef,,proposal-3c831d44f4a041d156fc,KHKRIFDHQKTYWRFKTKDR,3c831d44f4a041d156fc8c26833f3e71fddbe77c0138a10e931004cc92785569,27.340000,2,0.250000,6.069,false,pending,seqfam80_018b78dcc788378c4e06,KHKRIFDHYKTYWRFKTKDR,3,false,false,2719.12,11.163330078125,0.15,0.19928624468926887,0.554,0.446,low,0.235,0.235,Non-Toxin,1.5107289552688599,32.413725899319026,1.243796313739605,17.53058116076814,1.288103699684143,1.1427586078643799,0.9986221790313721,1.5457262992858887,12,true,true,1,false,not_started,0.918418,0.689740,0.872682,2,true,at_or_above_parent_run_top_quartile_per_independent_model
vegfa,3,3,20310919,autoresearch-rule-de-novo-v4,de_novo,c157a08c3890520ff8a2bda1024763a9f176d03e49486fb97e2b9c8d4d8486c3,,,proposal-be560107fb3f545f0c96,KKDNKVKKKWTVKGRKKYKNKKKKK,be560107fb3f545f0c961a5872b11e67cfa240323e7f6dc411b405f1a817f2e3,13.436000,1,0.160000,14.98,false,pending,seqfam80_be560107fb3f545f0c96,KKDNKVKKKWTVKGRKKYKNKKKKK,1,true,true,3145.89,11.45068359375,0.08,0.18617264774597392,0.297,0.703,high,0.48,0.0,Non-Toxin,0.7932865619659424,6.212788394873272,1.6165352577762186,41.355688719950706,1.4916092157363892,2.1838836669921875,0.7270277738571167,2.0636677742004395,12,true,false,1,false,not_started,0.637824,0.987639,0.597033,1,false,at_or_above_parent_run_top_quartile_per_independent_model
vegfa,3,4,20310921,autoresearch-rule-de-novo-v4,de_novo,1fb4639d23eb64cacc5a01e55a03fb1f066480c2fe2ccd17f6166bbb1d9d935a,,,proposal-2165746989c58ecaafe8,NHKKYKKKKNIRRNGKKKDKKGVKKK,2165746989c58ecaafe8def6e946983b091181c7f004ced1d389dc631769351a,45.715385,1,0.115385,15.022,false,pending,seqfam80_2165746989c58ecaafe8,NHKKYKKKKNIRRNGKKKDKKGVKKK,1,true,true,3208.91,11.607177734375,0.07692307692307693,0.21802797067857072,0.317,0.564,high,0.445,0.0,Non-Toxin,1.083404302597046,12.117256538946604,2.208070631253475,161.4621128527973,1.5597243309020996,3.158064365386963,1.6712392568588257,2.4432783126831055,12,true,false,0,false,not_started,0.013597,0.949320,0.631644,1,false,at_or_above_parent_run_top_quartile_per_independent_model
