branch_key,generation,action_type,operator_id,action_sha256,parent_candidate_id,parent_sequence_sha256,parent_sequence,parent_macrel_amp_probability,family_key_80_80,family_representative_sequence,new_family_relative_to_all_references,diversity_qualified,edit_position_1based,edit,sequence,sequence_sha256,candidate_id,guruprasad_instability_index,maximum_hydrophobic_run,hydrophobic_fraction,net_charge_ph7_4,historical_exact_replay,score_all_status,molecular_weight_da,isoelectric_point,hydrophobic_ratio_modlamp,hydrophobic_moment_eisenberg,macrel_amp_probability,macrel_hemolysis_probability,macrel_hemolysis_label,toxinpred3_ml_score,toxinpred3_hybrid_score,toxinpred3_label,macrel_amp_probability_gain,safety_hard_gate_pass,macrel_gain_positive,full_score_shortlist
vegfa,4,masked_substitution,autoresearch-macrel-endpoint-rescue-v1,4f22ea232786b05d9d76af594aa4ba98758182277e1aea02f531c4cc44581acc,2e63871d8908b992a3ec113942dff8d3f933de2d13418750b237634fca5a2038,2e63871d8908b992a3ec113942dff8d3f933de2d13418750b237634fca5a2038,GEHHRNGEHVTKYKKRKKRVKHGDR,0.228,seqfam80_2e63871d8908b992a3ec,GEHHRNGEHVTKYKKRKKRVKHGDR,true,true,2,E2W,GWHHRNGEHVTKYKKRKKRVKHGDR,fff6806c152abddfe20149251432969a18b4a14443588c8dfbdcac668722462e,activity-rescue-fff6806c152abddfe201,31.268,1,0.16,8.152,false,search_prefilter,3138.56,11.505126953125,0.08,0.17418214228715675,0.396,0.436,low,0.395,0.0,Non-Toxin,0.168,true,true,true
vegfa,4,masked_substitution,autoresearch-macrel-endpoint-rescue-v1,3a2e821be090ddd66629cfe44f67e39a615b92a0d1fd99437a834e75c5d9d5df,2e63871d8908b992a3ec113942dff8d3f933de2d13418750b237634fca5a2038,2e63871d8908b992a3ec113942dff8d3f933de2d13418750b237634fca5a2038,GEHHRNGEHVTKYKKRKKRVKHGDR,0.228,seqfam80_2e63871d8908b992a3ec,GEHHRNGEHVTKYKKRKKRVKHGDR,true,true,1,G1F,FEHHRNGEHVTKYKKRKKRVKHGDR,d9a2941c005778b1aaa3b46cb610a029d03543f084f0461c67c8d78784ff23c6,activity-rescue-d9a2941c005778b1aaa3,13.844000000000003,1,0.16,7.153,false,search_prefilter,3171.59,11.202392578125,0.12,0.1053518063117407,0.386,0.485,low,0.31,0.0,Non-Toxin,0.158,true,true,true
vegfa,4,masked_substitution,autoresearch-macrel-endpoint-rescue-v1,9ab93e918540bc42789b595891ab0647a57ea2300c41054fa37e9dc7534b7b34,2e63871d8908b992a3ec113942dff8d3f933de2d13418750b237634fca5a2038,2e63871d8908b992a3ec113942dff8d3f933de2d13418750b237634fca5a2038,GEHHRNGEHVTKYKKRKKRVKHGDR,0.228,seqfam80_2e63871d8908b992a3ec,GEHHRNGEHVTKYKKRKKRVKHGDR,true,true,2,E2I,GIHHRNGEHVTKYKKRKKRVKHGDR,06d839148b67c6a5578ce109853154adfadab1c514ee44a520fed65c3a7697cd,activity-rescue-06d839148b67c6a5578c,18.400000000000002,1,0.16,8.152,false,search_prefilter,3065.51,11.505126953125,0.12,0.1934428903533237,0.376,0.446,low,0.385,0.0,Non-Toxin,0.148,true,true,true
vegfa,4,masked_substitution,autoresearch-macrel-endpoint-rescue-v1,e7c72071c4e4850dfcdc6d0c2641ca58f94c7335cd8ce704e92eaa63a636cb73,2e63871d8908b992a3ec113942dff8d3f933de2d13418750b237634fca5a2038,2e63871d8908b992a3ec113942dff8d3f933de2d13418750b237634fca5a2038,GEHHRNGEHVTKYKKRKKRVKHGDR,0.228,seqfam80_2e63871d8908b992a3ec,GEHHRNGEHVTKYKKRKKRVKHGDR,true,true,2,E2L,GLHHRNGEHVTKYKKRKKRVKHGDR,65af3d32c0bec5aadba0ced42ad06067ffe4fef9e635dad9b71fd3ca9979e5a3,activity-rescue-65af3d32c0bec5aadba0,16.860000000000003,1,0.16,8.152,false,search_prefilter,3065.51,11.505126953125,0.12,0.18352269354762218,0.376,0.436,low,0.36,0.0,Non-Toxin,0.148,true,true,true
vegfa,4,masked_substitution,autoresearch-macrel-endpoint-rescue-v1,d901e278a72111cec9e3659730aa0d6bf90b3158966ff54fde8a5ba5ebbe4062,2e63871d8908b992a3ec113942dff8d3f933de2d13418750b237634fca5a2038,2e63871d8908b992a3ec113942dff8d3f933de2d13418750b237634fca5a2038,GEHHRNGEHVTKYKKRKKRVKHGDR,0.228,seqfam80_2e63871d8908b992a3ec,GEHHRNGEHVTKYKKRKKRVKHGDR,true,true,2,E2F,GFHHRNGEHVTKYKKRKKRVKHGDR,80c2a704062a9ea7c052cdc31569c2b35dc0557ad3b37be3ff836ec92418b9bd,activity-rescue-80c2a704062a9ea7c052,16.860000000000003,1,0.16,8.152,false,search_prefilter,3099.53,11.505126953125,0.12,0.18680231076568343,0.366,0.426,low,0.355,0.0,Non-Toxin,0.13799999999999998,true,true,true
vegfa,4,masked_substitution,autoresearch-macrel-endpoint-rescue-v1,85ec9a9e76e4ee08618da6ae83431f39157b4fb21e66aa2a572e4b777a05acbb,2e63871d8908b992a3ec113942dff8d3f933de2d13418750b237634fca5a2038,2e63871d8908b992a3ec113942dff8d3f933de2d13418750b237634fca5a2038,GEHHRNGEHVTKYKKRKKRVKHGDR,0.228,seqfam80_2e63871d8908b992a3ec,GEHHRNGEHVTKYKKRKKRVKHGDR,true,true,2,E2Y,GYHHRNGEHVTKYKKRKKRVKHGDR,0972a34bdbb22622a7c4a23624eb3464d0fea2f3b6f9663af1cdd1293bba0f10,activity-rescue-0972a34bdbb22622a7c4,18.400000000000002,1,0.16,8.15,false,search_prefilter,3115.53,11.222412109375,0.08,0.15729569370904098,0.347,0.436,low,0.355,0.0,Non-Toxin,0.11899999999999997,true,true,true
vegfa,4,masked_substitution,autoresearch-macrel-endpoint-rescue-v1,0d2b7df864e4a9a2041e0cca053f42db381acd9250fa990e3765fa417607f299,997957d2243bf9be816a825e67a4ee2a7b96b325417cd53252f2294d5cf0ea19,997957d2243bf9be816a825e67a4ee2a7b96b325417cd53252f2294d5cf0ea19,GQKDHFWRHLDHKVNKRGKKS,0.218,seqfam80_997957d2243bf9be816a,GQKDHFWRHLDHKVNKRGKKS,true,true,1,G1F,FQKDHFWRHLDHKVNKRGKKS,4a94825bd6db62f481b8183603fe427c30676ed65741a1eea104c4cca418d578,activity-rescue-4a94825bd6db62f481b8,39.70476190476191,2,0.23809523809523808,5.113,false,search_prefilter,2692.06,11.1728515625,0.19047619047619047,0.2592921226788488,0.327,0.455,low,0.355,0.355,Non-Toxin,0.10900000000000001,true,true,true
vegfa,4,masked_substitution,autoresearch-macrel-endpoint-rescue-v1,29c9bef51f81e1cc9dfcb0453db89da8d040d9fb36b3dda1e22d04d69029a3b3,2e63871d8908b992a3ec113942dff8d3f933de2d13418750b237634fca5a2038,2e63871d8908b992a3ec113942dff8d3f933de2d13418750b237634fca5a2038,GEHHRNGEHVTKYKKRKKRVKHGDR,0.228,seqfam80_2e63871d8908b992a3ec,GEHHRNGEHVTKYKKRKKRVKHGDR,true,true,2,E2V,GVHHRNGEHVTKYKKRKKRVKHGDR,4eadb7e4fb2de9c2324996c571f69b790e45ee99b235e02c70b61c2ab69d0415,activity-rescue-4eadb7e4fb2de9c23249,16.860000000000003,1,0.16,8.152,false,search_prefilter,3051.48,11.505126953125,0.12,0.18352269354762218,0.327,0.396,low,0.33,0.0,Non-Toxin,0.099,true,true,true
vegfa,4,masked_substitution,autoresearch-macrel-endpoint-rescue-v1,e33eb5fcb9f710cc0c73f6106158d75659f323f235650e9ef7e60944ed3fb996,8698e122d4ccd9db5814a9d365c58c9925f580bd273cc15e45b577ebe16710d8,8698e122d4ccd9db5814a9d365c58c9925f580bd273cc15e45b577ebe16710d8,EDKKIVKKHRHTAGLKSKIKS,0.451,seqfam80_8698e122d4ccd9db5814,EDKKIVKKHRHTAGLKSKIKS,true,true,21,S21F,EDKKIVKKHRHTAGLKSKIKF,e1c2d27edc9ac34ab21324d0a5ad1d89b9cd8862caf2ae3ad6bd83f8cde73b37,activity-rescue-e1c2d27edc9ac34ab213,-1.3523809523809514,2,0.2857142857142857,6.07,false,search_prefilter,2491.98,11.049560546875,0.2857142857142857,0.14893715283960146,0.541,0.455,low,0.595,0.095,Non-Toxin,0.09000000000000002,true,true,true
vegfa,4,masked_substitution,autoresearch-macrel-endpoint-rescue-v1,0a20a1d5f833b3b418a474d0c2a78cd3a0c0e6aa512cbc5a0ce8e1cd2e0bcf49,8698e122d4ccd9db5814a9d365c58c9925f580bd273cc15e45b577ebe16710d8,8698e122d4ccd9db5814a9d365c58c9925f580bd273cc15e45b577ebe16710d8,EDKKIVKKHRHTAGLKSKIKS,0.451,seqfam80_8698e122d4ccd9db5814,EDKKIVKKHRHTAGLKSKIKS,true,true,21,S21W,EDKKIVKKHRHTAGLKSKIKW,6437eb00d4196c1d07ae1835fa3add3ba2bbfa5fabb6921c1e6b69f829bc3ec2,activity-rescue-6437eb00d4196c1d07ae,-1.3523809523809514,2,0.2857142857142857,6.07,false,search_prefilter,2531.02,11.049560546875,0.23809523809523808,0.16634122067461457,0.541,0.455,low,0.54,0.04,Non-Toxin,0.09000000000000002,true,true,true
vegfa,4,masked_substitution,autoresearch-macrel-endpoint-rescue-v1,4cf5abcd3b3dc3a82ec86e09940c63f2c25645c9f9ffe4008c46d07b115591fe,8698e122d4ccd9db5814a9d365c58c9925f580bd273cc15e45b577ebe16710d8,8698e122d4ccd9db5814a9d365c58c9925f580bd273cc15e45b577ebe16710d8,EDKKIVKKHRHTAGLKSKIKS,0.451,seqfam80_8698e122d4ccd9db5814,EDKKIVKKHRHTAGLKSKIKS,true,true,12,T12F,EDKKIVKKHRHFAGLKSKIKS,b9db35add0bfab7615bbe18685add9240d9232294fe94684717a92dcdedc0215,activity-rescue-b9db35add0bfab7615bb,-2.699999999999999,2,0.2857142857142857,6.07,false,search_prefilter,2477.96,11.049560546875,0.2857142857142857,0.2693398106775008,0.535,0.475,low,0.535,0.035,Non-Toxin,0.08400000000000002,true,true,true
vegfa,4,masked_substitution,autoresearch-macrel-endpoint-rescue-v1,fa3f8d54b71dab920aeaaf2ad910617f92ea87bd9610f374359fd9b91de5f6e6,6628a43211f7b31ed2b6638559418b9bfc2e79353115be8b33d86d54b5005413,6628a43211f7b31ed2b6638559418b9bfc2e79353115be8b33d86d54b5005413,YDKRGHHHRGGGIKFDKKTRTKW,0.465,seqfam80_6628a43211f7b31ed2b6,YDKRGHHHRGGGIKFDKKTRTKW,true,true,12,G12W,YDKRGHHHRGGWIKFDKKTRTKW,6d00ee19259805eb52085a3d43e988b9555a152f72427e53fac2ad51afeeccf0,activity-rescue-6d00ee19259805eb5208,31.673913043478258,2,0.21739130434782608,6.111,false,search_prefilter,2938.32,11.163330078125,0.08695652173913043,0.17154659993821397,0.545,0.317,low,0.38,0.38,Non-Toxin,0.08000000000000002,true,true,true
vegfa,4,masked_substitution,autoresearch-macrel-endpoint-rescue-v1,38b1c1698d9b27b3d453b703adaa32f2ae0aa526ae74408527d0fb03e129c19c,6628a43211f7b31ed2b6638559418b9bfc2e79353115be8b33d86d54b5005413,6628a43211f7b31ed2b6638559418b9bfc2e79353115be8b33d86d54b5005413,YDKRGHHHRGGGIKFDKKTRTKW,0.465,seqfam80_6628a43211f7b31ed2b6,YDKRGHHHRGGGIKFDKKTRTKW,true,true,12,G12Y,YDKRGHHHRGGYIKFDKKTRTKW,31b758f2d3feaf4237f9055a78b6fdad134cc056bbc39b4a09c923d35103e21b,activity-rescue-31b758f2d3feaf4237f9,22.61739130434782,2,0.21739130434782608,6.109,false,search_prefilter,2915.29,10.89404296875,0.08695652173913043,0.14812131732694556,0.545,0.297,low,0.315,0.315,Non-Toxin,0.08000000000000002,true,true,true
vegfa,4,masked_substitution,autoresearch-macrel-endpoint-rescue-v1,2a4535e00f6de22735924064af4f8b2a257897bc584bdb6f80da3daf9ec94aed,6628a43211f7b31ed2b6638559418b9bfc2e79353115be8b33d86d54b5005413,6628a43211f7b31ed2b6638559418b9bfc2e79353115be8b33d86d54b5005413,YDKRGHHHRGGGIKFDKKTRTKW,0.465,seqfam80_6628a43211f7b31ed2b6,YDKRGHHHRGGGIKFDKKTRTKW,true,true,11,G11Y,YDKRGHHHRGYGIKFDKKTRTKW,cd12fbcbebd1fdf7d9176bf6902f7763aa7d4c9fb2a948de6e57113b7226d5d7,activity-rescue-cd12fbcbebd1fdf7d917,9.8695652173913,1,0.21739130434782608,6.109,false,search_prefilter,2915.29,10.89404296875,0.08695652173913043,0.15747474736284084,0.545,0.307,low,0.315,0.315,Non-Toxin,0.08000000000000002,true,true,true
vegfa,4,masked_substitution,autoresearch-macrel-endpoint-rescue-v1,d36ac24c174a8696d17e619e0542733736f54589ed9e7bb864c16dffdbb5543a,6628a43211f7b31ed2b6638559418b9bfc2e79353115be8b33d86d54b5005413,6628a43211f7b31ed2b6638559418b9bfc2e79353115be8b33d86d54b5005413,YDKRGHHHRGGGIKFDKKTRTKW,0.465,seqfam80_6628a43211f7b31ed2b6,YDKRGHHHRGGGIKFDKKTRTKW,true,true,10,G10Y,YDKRGHHHRYGGIKFDKKTRTKW,12e1e154c33f501ad3ce4e69b2516a6126cf69238b82107a202d9da91186f654,activity-rescue-12e1e154c33f501ad3ce,19.339130434782607,1,0.21739130434782608,6.109,false,search_prefilter,2915.29,10.89404296875,0.08695652173913043,0.16694536819834466,0.545,0.307,low,0.32,0.32,Non-Toxin,0.08000000000000002,true,true,true
vegfa,4,masked_substitution,autoresearch-macrel-endpoint-rescue-v1,77702bf91af0187895b902474c455b7b7e5268aaad9e720c9e1c69515aeecd35,8698e122d4ccd9db5814a9d365c58c9925f580bd273cc15e45b577ebe16710d8,8698e122d4ccd9db5814a9d365c58c9925f580bd273cc15e45b577ebe16710d8,EDKKIVKKHRHTAGLKSKIKS,0.451,seqfam80_8698e122d4ccd9db5814,EDKKIVKKHRHTAGLKSKIKS,true,true,12,T12W,EDKKIVKKHRHWAGLKSKIKS,f795dad4bc9dc83c7d964054bdbbf571428e80b95378a1dc66eff267b29e3ff5,activity-rescue-f795dad4bc9dc83c7d96,-6.290476190476189,2,0.2857142857142857,6.07,false,search_prefilter,2516.99,11.049560546875,0.23809523809523808,0.25118698743034684,0.531,0.475,low,0.56,0.06,Non-Toxin,0.08000000000000002,true,true,true
vegfa,4,masked_substitution,autoresearch-macrel-endpoint-rescue-v1,70f4a6754a868f9dd43554725425010c6d5a263a1014952c70192dcdfb12f850,2e63871d8908b992a3ec113942dff8d3f933de2d13418750b237634fca5a2038,2e63871d8908b992a3ec113942dff8d3f933de2d13418750b237634fca5a2038,GEHHRNGEHVTKYKKRKKRVKHGDR,0.228,seqfam80_2e63871d8908b992a3ec,GEHHRNGEHVTKYKKRKKRVKHGDR,true,true,2,E2A,GAHHRNGEHVTKYKKRKKRVKHGDR,9da7bcc4c1b4b5ffe782601680b08220fc0fd4ecb3a215b6416c28cbd820c997,activity-rescue-9da7bcc4c1b4b5ffe782,10.068000000000001,1,0.16,8.152,false,search_prefilter,3023.43,11.505126953125,0.12,0.16821504866371714,0.307,0.406,low,0.345,0.0,Non-Toxin,0.07899999999999999,true,true,true
vegfa,4,masked_substitution,autoresearch-macrel-endpoint-rescue-v1,21a10803bead60b949b25710905911604fe28aae68cb4fd68e8103828fdb8d9b,2e63871d8908b992a3ec113942dff8d3f933de2d13418750b237634fca5a2038,2e63871d8908b992a3ec113942dff8d3f933de2d13418750b237634fca5a2038,GEHHRNGEHVTKYKKRKKRVKHGDR,0.228,seqfam80_2e63871d8908b992a3ec,GEHHRNGEHVTKYKKRKKRVKHGDR,true,true,16,R16F,GEHHRNGEHVTKYKKFKKRVKHGDR,297b6f19c808c3ed20a6e11f32d8d655909c7b5fe9b451e6785ab16e6767c6e0,activity-rescue-297b6f19c808c3ed20a6,-8.223999999999998,1,0.16,6.153,false,search_prefilter,3072.46,10.954345703125,0.12,0.18990128807774506,0.307,0.485,low,0.42,0.0,Non-Toxin,0.07899999999999999,true,true,true
vegfa,4,masked_substitution,autoresearch-macrel-endpoint-rescue-v1,f14da0683e18538acf7eea4a35dbab758e35ae625c3fe85a945797fac07c6014,2e63871d8908b992a3ec113942dff8d3f933de2d13418750b237634fca5a2038,2e63871d8908b992a3ec113942dff8d3f933de2d13418750b237634fca5a2038,GEHHRNGEHVTKYKKRKKRVKHGDR,0.228,seqfam80_2e63871d8908b992a3ec,GEHHRNGEHVTKYKKRKKRVKHGDR,true,true,18,K18Y,GEHHRNGEHVTKYKKRKYRVKHGDR,71e4dbbd7659958a4606cddbbe6991e3566162208af08310d47f58817caf8d2e,activity-rescue-71e4dbbd7659958a4606,-8.975999999999997,1,0.16,6.152,false,search_prefilter,3116.47,10.878662109375,0.08,0.13046619942383195,0.307,0.406,low,0.34,0.0,Non-Toxin,0.07899999999999999,true,true,true
vegfa,4,masked_substitution,autoresearch-macrel-endpoint-rescue-v1,cf406869d373c13d391b3798824caa2624418da5067f2b2591586d095a65dac4,2e63871d8908b992a3ec113942dff8d3f933de2d13418750b237634fca5a2038,2e63871d8908b992a3ec113942dff8d3f933de2d13418750b237634fca5a2038,GEHHRNGEHVTKYKKRKKRVKHGDR,0.228,seqfam80_2e63871d8908b992a3ec,GEHHRNGEHVTKYKKRKKRVKHGDR,true,true,15,K15Y,GEHHRNGEHVTKYKYRKKRVKHGDR,635b1b1d9a1ae54eb7cc643099860c6595368f22db6bb38ec96f497f59ebe792,activity-rescue-635b1b1d9a1ae54eb7cc,-8.975999999999999,1,0.16,6.152,false,search_prefilter,3116.47,10.878662109375,0.08,0.06470617906929588,0.307,0.406,low,0.34,0.0,Non-Toxin,0.07899999999999999,true,true,true
vegfa,4,masked_substitution,autoresearch-macrel-endpoint-rescue-v1,05df84a24c2f35f60c9fbbd5159cdd88ec73be251502bb9469f42cb89429913c,6628a43211f7b31ed2b6638559418b9bfc2e79353115be8b33d86d54b5005413,6628a43211f7b31ed2b6638559418b9bfc2e79353115be8b33d86d54b5005413,YDKRGHHHRGGGIKFDKKTRTKW,0.465,seqfam80_6628a43211f7b31ed2b6,YDKRGHHHRGGGIKFDKKTRTKW,true,true,11,G11F,YDKRGHHHRGFGIKFDKKTRTKW,9174b7857d76e3935636dfd36cf973649e855462c4042c49bbf5e291bd4ccb42,activity-rescue-9174b7857d76e3935636,17.25217391304347,1,0.21739130434782608,6.111,false,search_prefilter,2899.29,11.163330078125,0.13043478260869565,0.16148208885566487,0.535,0.347,low,0.36,0.36,Non-Toxin,0.07,true,true,true
vegfa,4,masked_substitution,autoresearch-macrel-endpoint-rescue-v1,a39540eea02923aeeccee0457d0a91745f4d7752fa4f2c1ed10908690706b20c,6628a43211f7b31ed2b6638559418b9bfc2e79353115be8b33d86d54b5005413,6628a43211f7b31ed2b6638559418b9bfc2e79353115be8b33d86d54b5005413,YDKRGHHHRGGGIKFDKKTRTKW,0.465,seqfam80_6628a43211f7b31ed2b6,YDKRGHHHRGGGIKFDKKTRTKW,true,true,21,T21Y,YDKRGHHHRGGGIKFDKKTRYKW,1f779320f5b2e18db81dd166da1964ac490cf00b037d12341a0345160424a2e9,activity-rescue-1f779320f5b2e18db81d,24.704347826086952,1,0.21739130434782608,6.109,false,search_prefilter,2871.23,10.89404296875,0.08695652173913043,0.14430332395079198,0.535,0.327,low,0.355,0.355,Non-Toxin,0.07,true,true,true
vegfa,4,masked_substitution,autoresearch-macrel-endpoint-rescue-v1,2e32ac5f2dfa4dcb2b947a79c4cd79bd2a144cb71086c16d8cd102a3aa9b035d,8698e122d4ccd9db5814a9d365c58c9925f580bd273cc15e45b577ebe16710d8,8698e122d4ccd9db5814a9d365c58c9925f580bd273cc15e45b577ebe16710d8,EDKKIVKKHRHTAGLKSKIKS,0.451,seqfam80_8698e122d4ccd9db5814,EDKKIVKKHRHTAGLKSKIKS,true,true,21,S21I,EDKKIVKKHRHTAGLKSKIKI,86d54549f38f5339ce81b0a4b5cc48238e4b977cc624a8c030754eea8476381a,activity-rescue-86d54549f38f5339ce81,-5.395238095238094,2,0.2857142857142857,6.07,false,search_prefilter,2457.97,11.049560546875,0.2857142857142857,0.1401282923629121,0.521,0.465,low,0.53,0.03,Non-Toxin,0.07,true,true,true
vegfa,4,masked_substitution,autoresearch-macrel-endpoint-rescue-v1,2d8f7c32440360d307a2ed364fd50e424328de5e7de0eed9fa1c28c2ea43aa46,8698e122d4ccd9db5814a9d365c58c9925f580bd273cc15e45b577ebe16710d8,8698e122d4ccd9db5814a9d365c58c9925f580bd273cc15e45b577ebe16710d8,EDKKIVKKHRHTAGLKSKIKS,0.451,seqfam80_8698e122d4ccd9db5814,EDKKIVKKHRHTAGLKSKIKS,true,true,21,S21L,EDKKIVKKHRHTAGLKSKIKL,ef7c040d506d62b72399f85d4a6fc95f2277615220fcecbaf7d2e8221f3249a4,activity-rescue-ef7c040d506d62b72399,-5.395238095238094,2,0.2857142857142857,6.07,false,search_prefilter,2457.97,11.049560546875,0.2857142857142857,0.15337363298351409,0.521,0.465,low,0.54,0.04,Non-Toxin,0.07,true,true,true
vegfa,4,masked_substitution,autoresearch-macrel-endpoint-rescue-v1,bbbff004550c36cd5b8adb1d63b87527ab2d1e4d71e94dfedcf14c28fdc704c5,2e63871d8908b992a3ec113942dff8d3f933de2d13418750b237634fca5a2038,2e63871d8908b992a3ec113942dff8d3f933de2d13418750b237634fca5a2038,GEHHRNGEHVTKYKKRKKRVKHGDR,0.228,seqfam80_2e63871d8908b992a3ec,GEHHRNGEHVTKYKKRKKRVKHGDR,true,true,16,R16I,GEHHRNGEHVTKYKKIKKRVKHGDR,5cff73f09ed23b6608b327bf06e3e9801af8d34518a53cb4fb12482b24fd1be8,activity-rescue-5cff73f09ed23b6608b3,-9.004,1,0.16,6.153,false,search_prefilter,3038.44,10.954345703125,0.12,0.19580216739680203,0.297,0.485,low,0.325,0.0,Non-Toxin,0.06899999999999998,true,true,true
vegfa,4,masked_substitution,autoresearch-macrel-endpoint-rescue-v1,21d20ea8dbd926add27fc1b196535ab941ad7b96e25d25ba8594ccac874955ee,2e63871d8908b992a3ec113942dff8d3f933de2d13418750b237634fca5a2038,2e63871d8908b992a3ec113942dff8d3f933de2d13418750b237634fca5a2038,GEHHRNGEHVTKYKKRKKRVKHGDR,0.228,seqfam80_2e63871d8908b992a3ec,GEHHRNGEHVTKYKKRKKRVKHGDR,true,true,16,R16L,GEHHRNGEHVTKYKKLKKRVKHGDR,d86a2bbbc8b6165a24a99e1fe80b65289e0cd8475b7031a3e4f0ee435d330fee,activity-rescue-d86a2bbbc8b6165a24a9,-9.004,1,0.16,6.153,false,search_prefilter,3038.44,10.954345703125,0.12,0.1870093699303258,0.297,0.475,low,0.345,0.0,Non-Toxin,0.06899999999999998,true,true,true
vegfa,4,masked_substitution,autoresearch-macrel-endpoint-rescue-v1,cc82ce50fb6b3362a57b1c40489f1a2845ee0906591728231c1e83fac0f10a8b,997957d2243bf9be816a825e67a4ee2a7b96b325417cd53252f2294d5cf0ea19,997957d2243bf9be816a825e67a4ee2a7b96b325417cd53252f2294d5cf0ea19,GQKDHFWRHLDHKVNKRGKKS,0.218,seqfam80_997957d2243bf9be816a,GQKDHFWRHLDHKVNKRGKKS,true,true,1,G1Y,YQKDHFWRHLDHKVNKRGKKS,142bd0852c5f7afc35642c36bef28c2bef082a4348f36f41464ed3f93df97a15,activity-rescue-142bd0852c5f7afc3564,39.70476190476191,2,0.23809523809523808,5.111,false,search_prefilter,2708.06,10.869873046875,0.14285714285714285,0.29097109287639783,0.287,0.376,low,0.38,0.38,Non-Toxin,0.06899999999999998,true,true,true
vegfa,4,masked_substitution,autoresearch-macrel-endpoint-rescue-v1,b9d7b9f3da9f1478f931e03e4452e19ba5609628500231eb7aee340efce0d22a,6628a43211f7b31ed2b6638559418b9bfc2e79353115be8b33d86d54b5005413,6628a43211f7b31ed2b6638559418b9bfc2e79353115be8b33d86d54b5005413,YDKRGHHHRGGGIKFDKKTRTKW,0.465,seqfam80_6628a43211f7b31ed2b6,YDKRGHHHRGGGIKFDKKTRTKW,true,true,12,G12F,YDKRGHHHRGGFIKFDKKTRTKW,c7d03d27ec87de7129a32eff304efb91231c2893c408b0a91b5ee94798523f7f,activity-rescue-c7d03d27ec87de7129a3,26.308695652173906,2,0.21739130434782608,6.111,false,search_prefilter,2899.29,11.163330078125,0.13043478260869565,0.18823159960891206,0.525,0.337,low,0.355,0.355,Non-Toxin,0.06,true,true,true
vegfa,4,masked_substitution,autoresearch-macrel-endpoint-rescue-v1,2eb08147d5ec06dd07b38b6fba3d9160aad3c73e3208b1fad9c8fa603329aa4b,2e63871d8908b992a3ec113942dff8d3f933de2d13418750b237634fca5a2038,2e63871d8908b992a3ec113942dff8d3f933de2d13418750b237634fca5a2038,GEHHRNGEHVTKYKKRKKRVKHGDR,0.228,seqfam80_2e63871d8908b992a3ec,GEHHRNGEHVTKYKKRKKRVKHGDR,true,true,19,R19I,GEHHRNGEHVTKYKKRKKIVKHGDR,249798298e0d4e715a1f62468562844b7a112d2f7cce6a21de3124de08b7a617,activity-rescue-249798298e0d4e715a1f,-9.003999999999996,2,0.16,6.153,false,search_prefilter,3038.44,10.954345703125,0.12,0.06842568373234975,0.287,0.416,low,0.33,0.0,Non-Toxin,0.05899999999999997,true,true,true
vegfa,4,masked_substitution,autoresearch-macrel-endpoint-rescue-v1,68e96e6be1ff14fdc7cf0c06b062bad0de777fb2cbfabb6cf6cc3babac382f08,2e63871d8908b992a3ec113942dff8d3f933de2d13418750b237634fca5a2038,2e63871d8908b992a3ec113942dff8d3f933de2d13418750b237634fca5a2038,GEHHRNGEHVTKYKKRKKRVKHGDR,0.228,seqfam80_2e63871d8908b992a3ec,GEHHRNGEHVTKYKKRKKRVKHGDR,true,true,11,T11Y,GEHHRNGEHVYKYKKRKKRVKHGDR,7f42335339d33bb174bacb138edbad2a48f357d1b4839a982f885d417f7fca3e,activity-rescue-7f42335339d33bb174ba,11.208000000000002,2,0.16,7.151,false,search_prefilter,3143.54,10.967529296875,0.08,0.12372674507901339,0.287,0.465,low,0.335,0.0,Non-Toxin,0.05899999999999997,true,true,true
vegfa,4,masked_substitution,autoresearch-macrel-endpoint-rescue-v1,cde5a6c036eefc2d7f39a20d5e5bd91fc875062d4b6cd3549987921b3e972fa0,8698e122d4ccd9db5814a9d365c58c9925f580bd273cc15e45b577ebe16710d8,8698e122d4ccd9db5814a9d365c58c9925f580bd273cc15e45b577ebe16710d8,EDKKIVKKHRHTAGLKSKIKS,0.451,seqfam80_8698e122d4ccd9db5814,EDKKIVKKHRHTAGLKSKIKS,true,true,9,H9F,EDKKIVKKFRHTAGLKSKIKS,ffc94c8f90e9ece558f01b930088d9390a44e736d352deab4db2a1223dec8b50,activity-rescue-ffc94c8f90e9ece558f0,-1.3523809523809514,2,0.2857142857142857,6.028,false,search_prefilter,2441.92,11.049560546875,0.2857142857142857,0.27074475570650136,0.505,0.475,low,0.565,0.065,Non-Toxin,0.05399999999999999,true,true,true
vegfa,4,masked_substitution,autoresearch-macrel-endpoint-rescue-v1,6ff34c7aa977ec66ea773da37d9fc94ad10084e94856e1aa2d0c43955129f614,8698e122d4ccd9db5814a9d365c58c9925f580bd273cc15e45b577ebe16710d8,8698e122d4ccd9db5814a9d365c58c9925f580bd273cc15e45b577ebe16710d8,EDKKIVKKHRHTAGLKSKIKS,0.451,seqfam80_8698e122d4ccd9db5814,EDKKIVKKHRHTAGLKSKIKS,true,true,21,S21Y,EDKKIVKKHRHTAGLKSKIKY,5c541a9989ae269aae848a2cef02b61da6746d004ce9b6c65bdce58d33e52d87,activity-rescue-5c541a9989ae269aae84,-1.3523809523809514,2,0.2857142857142857,6.068,false,search_prefilter,2507.98,10.83056640625,0.23809523809523808,0.19125896630807876,0.501,0.446,low,0.485,0.0,Non-Toxin,0.04999999999999999,true,true,true
vegfa,4,masked_substitution,autoresearch-macrel-endpoint-rescue-v1,55737e683d59c07a7b08c2ad9f383bf4817f6ebd2fe92e087101ad864c0d9974,8698e122d4ccd9db5814a9d365c58c9925f580bd273cc15e45b577ebe16710d8,8698e122d4ccd9db5814a9d365c58c9925f580bd273cc15e45b577ebe16710d8,EDKKIVKKHRHTAGLKSKIKS,0.451,seqfam80_8698e122d4ccd9db5814,EDKKIVKKHRHTAGLKSKIKS,true,true,9,H9W,EDKKIVKKWRHTAGLKSKIKS,26969dfdfc5fd0510caf4ed84d96273b04ca487a2adb9e7d83844c0f5e1bad22,activity-rescue-26969dfdfc5fd0510caf,-1.3523809523809514,2,0.2857142857142857,6.028,false,search_prefilter,2480.96,11.049560546875,0.23809523809523808,0.25546001565242593,0.501,0.465,low,0.535,0.035,Non-Toxin,0.04999999999999999,true,true,true
vegfa,4,masked_substitution,autoresearch-macrel-endpoint-rescue-v1,b1675a929b209579115f3f961f0130c31f0ca780e278d1a311d8b4fe3508149f,2e63871d8908b992a3ec113942dff8d3f933de2d13418750b237634fca5a2038,2e63871d8908b992a3ec113942dff8d3f933de2d13418750b237634fca5a2038,GEHHRNGEHVTKYKKRKKRVKHGDR,0.228,seqfam80_2e63871d8908b992a3ec,GEHHRNGEHVTKYKKRKKRVKHGDR,true,true,18,K18F,GEHHRNGEHVTKYKKRKFRVKHGDR,0704d8ffeaac41a253fb48376b474f6c4e8216b3382406d78e1400fd93332837,activity-rescue-0704d8ffeaac41a253fb,-2.2119999999999975,1,0.16,6.154,false,search_prefilter,3100.47,11.130859375,0.12,0.14515441566815174,0.277,0.416,low,0.43,0.0,Non-Toxin,0.049000000000000016,true,true,true
vegfa,4,masked_substitution,autoresearch-macrel-endpoint-rescue-v1,c15095249c5cd9cb4f88b6c2c08e2f0b10d5b935d87f6d882540d164377a6f86,2e63871d8908b992a3ec113942dff8d3f933de2d13418750b237634fca5a2038,2e63871d8908b992a3ec113942dff8d3f933de2d13418750b237634fca5a2038,GEHHRNGEHVTKYKKRKKRVKHGDR,0.228,seqfam80_2e63871d8908b992a3ec,GEHHRNGEHVTKYKKRKKRVKHGDR,true,true,18,K18I,GEHHRNGEHVTKYKKRKIRVKHGDR,7f60a6d3a7f9c7792f473e90cb50095e17772895a43e875902ed23cb51119a14,activity-rescue-7f60a6d3a7f9c7792f47,-5.607999999999997,1,0.16,6.154,false,search_prefilter,3066.45,11.130859375,0.12,0.149318320418542,0.277,0.396,low,0.325,0.0,Non-Toxin,0.049000000000000016,true,true,true
vegfa,4,masked_substitution,autoresearch-macrel-endpoint-rescue-v1,ead7b53eca3617ff25cd9de5b18d77e4eccddeeef4eb206aeaea2654a386b8f7,2e63871d8908b992a3ec113942dff8d3f933de2d13418750b237634fca5a2038,2e63871d8908b992a3ec113942dff8d3f933de2d13418750b237634fca5a2038,GEHHRNGEHVTKYKKRKKRVKHGDR,0.228,seqfam80_2e63871d8908b992a3ec,GEHHRNGEHVTKYKKRKKRVKHGDR,true,true,19,R19W,GEHHRNGEHVTKYKKRKKWVKHGDR,d06775de2e9719f578137ba626d86c10dd47087347be6c48129f12b722574175,activity-rescue-d06775de2e9719f57813,-5.607999999999997,2,0.16,6.153,false,search_prefilter,3111.49,10.954345703125,0.08,0.05854636175054294,0.277,0.416,low,0.37,0.0,Non-Toxin,0.049000000000000016,true,true,true
vegfa,4,masked_substitution,autoresearch-macrel-endpoint-rescue-v1,1c17909bae4824c5e376756f045b48d25fe71bb0ca75120f0629844fb64938e2,2e63871d8908b992a3ec113942dff8d3f933de2d13418750b237634fca5a2038,2e63871d8908b992a3ec113942dff8d3f933de2d13418750b237634fca5a2038,GEHHRNGEHVTKYKKRKKRVKHGDR,0.228,seqfam80_2e63871d8908b992a3ec,GEHHRNGEHVTKYKKRKKRVKHGDR,true,true,16,R16V,GEHHRNGEHVTKYKKVKKRVKHGDR,040863b7f6e5f6d50a8870e9e252053fd8b83f66f17bc2a7fe7d5092b82b9f28,activity-rescue-040863b7f6e5f6d50a88,-6.76,1,0.16,6.153,false,search_prefilter,3024.41,10.954345703125,0.12,0.1870093699303258,0.277,0.436,low,0.31,0.0,Non-Toxin,0.049000000000000016,true,true,true
vegfa,4,masked_substitution,autoresearch-macrel-endpoint-rescue-v1,15ec7a18f26b611c6a26d1820db7f1212103c1d69a652330eaac5864f98caaaf,2e63871d8908b992a3ec113942dff8d3f933de2d13418750b237634fca5a2038,2e63871d8908b992a3ec113942dff8d3f933de2d13418750b237634fca5a2038,GEHHRNGEHVTKYKKRKKRVKHGDR,0.228,seqfam80_2e63871d8908b992a3ec,GEHHRNGEHVTKYKKRKKRVKHGDR,true,true,16,R16W,GEHHRNGEHVTKYKKWKKRVKHGDR,ab88376351d17c6a60a5cacc9ef0d0baca1bc6f40e31da6e13add03ee53a76f5,activity-rescue-ab88376351d17c6a60a5,-2.2119999999999975,1,0.16,6.153,false,search_prefilter,3111.49,10.954345703125,0.08,0.1788644168172488,0.277,0.455,low,0.385,0.0,Non-Toxin,0.049000000000000016,true,true,true
vegfa,4,masked_substitution,autoresearch-macrel-endpoint-rescue-v1,851a11ac23b19f5bbab737581733e6809658445abadefd495136fc673ef232a9,2e63871d8908b992a3ec113942dff8d3f933de2d13418750b237634fca5a2038,2e63871d8908b992a3ec113942dff8d3f933de2d13418750b237634fca5a2038,GEHHRNGEHVTKYKKRKKRVKHGDR,0.228,seqfam80_2e63871d8908b992a3ec,GEHHRNGEHVTKYKKRKKRVKHGDR,true,true,1,G1Y,YEHHRNGEHVTKYKKRKKRVKHGDR,d7f9afdbcf2dda74a1147cf649a0872d52e5eee79a9da25a7ce6a87d41a918d6,activity-rescue-d7f9afdbcf2dda74a114,10.828000000000003,1,0.16,7.151,false,search_prefilter,3187.59,10.967529296875,0.08,0.13853631701631908,0.277,0.406,low,0.31,0.0,Non-Toxin,0.049000000000000016,true,true,true
vegfa,4,masked_substitution,autoresearch-macrel-endpoint-rescue-v1,0341ed38a417937bb3a59b18e57e36168ca2a7d61fb8624031ca3e53de3b4d28,997957d2243bf9be816a825e67a4ee2a7b96b325417cd53252f2294d5cf0ea19,997957d2243bf9be816a825e67a4ee2a7b96b325417cd53252f2294d5cf0ea19,GQKDHFWRHLDHKVNKRGKKS,0.218,seqfam80_997957d2243bf9be816a,GQKDHFWRHLDHKVNKRGKKS,true,true,16,K16F,GQKDHFWRHLDHKVNFRGKKS,3504b6a8f55e323c82ff920c4960349df4bfedbfce5c0a71448e4d6e9b2ba559,activity-rescue-3504b6a8f55e323c82ff,5.747619047619045,2,0.23809523809523808,4.113,false,search_prefilter,2620.93,11.06494140625,0.19047619047619047,0.16446028377685518,0.267,0.495,low,0.33,0.33,Non-Toxin,0.049000000000000016,true,true,true
vegfa,4,masked_substitution,autoresearch-macrel-endpoint-rescue-v1,19fe6496695bb77d1a7bcdb83248359060b47bdb7d6bd61864e84fb5f02ced14,997957d2243bf9be816a825e67a4ee2a7b96b325417cd53252f2294d5cf0ea19,997957d2243bf9be816a825e67a4ee2a7b96b325417cd53252f2294d5cf0ea19,GQKDHFWRHLDHKVNKRGKKS,0.218,seqfam80_997957d2243bf9be816a,GQKDHFWRHLDHKVNKRGKKS,true,true,16,K16I,GQKDHFWRHLDHKVNIRGKKS,be1ef3939e69b640f6c51aba2fbb49b032ccd1a2da6b60a4c27c09a4697b10df,activity-rescue-be1ef3939e69b640f6c5,33.82857142857143,2,0.23809523809523808,4.113,false,search_prefilter,2586.92,11.06494140625,0.19047619047619047,0.1562794427089335,0.267,0.416,low,0.34,0.0,Non-Toxin,0.049000000000000016,true,true,true
vegfa,4,masked_substitution,autoresearch-macrel-endpoint-rescue-v1,fbeb3bcbcc05f8bfd7f437cedf3b9fb54f78894b00dcdfc5c3ba8820c11c6503,2e63871d8908b992a3ec113942dff8d3f933de2d13418750b237634fca5a2038,2e63871d8908b992a3ec113942dff8d3f933de2d13418750b237634fca5a2038,GEHHRNGEHVTKYKKRKKRVKHGDR,0.228,seqfam80_2e63871d8908b992a3ec,GEHHRNGEHVTKYKKRKKRVKHGDR,true,true,6,N6A,GEHHRAGEHVTKYKKRKKRVKHGDR,6bbcc84f7bb548d4bc83a50840de892f2a64232f3ff3770a5d6528f25d0afa05,activity-rescue-6bbcc84f7bb548d4bc83,11.904000000000003,1,0.16,7.153,false,search_prefilter,3038.44,11.202392578125,0.12,0.18533993237345853,0.267,0.406,low,0.33,0.33,Non-Toxin,0.03900000000000001,true,true,true
vegfa,4,masked_substitution,autoresearch-macrel-endpoint-rescue-v1,be1066bbb3778f59f254b110d18b60541ca495cc6d6be3b56d0ff1fb1b5a0c98,2e63871d8908b992a3ec113942dff8d3f933de2d13418750b237634fca5a2038,2e63871d8908b992a3ec113942dff8d3f933de2d13418750b237634fca5a2038,GEHHRNGEHVTKYKKRKKRVKHGDR,0.228,seqfam80_2e63871d8908b992a3ec,GEHHRNGEHVTKYKKRKKRVKHGDR,true,true,6,N6I,GEHHRIGEHVTKYKKRKKRVKHGDR,f1967b20a221420769594b2cbd604c9f1bd691b3e9292e353accac56ada5c289,activity-rescue-f1967b20a22142076959,11.904000000000003,1,0.16,7.153,false,search_prefilter,3080.52,11.202392578125,0.12,0.21613318825133984,0.267,0.475,low,0.325,0.325,Non-Toxin,0.03900000000000001,true,true,true
vegfa,4,masked_substitution,autoresearch-macrel-endpoint-rescue-v1,a44852f4e692457c10f87aa9da44aee43f2aa0d87b77222d9b5918e245a88916,2e63871d8908b992a3ec113942dff8d3f933de2d13418750b237634fca5a2038,2e63871d8908b992a3ec113942dff8d3f933de2d13418750b237634fca5a2038,GEHHRNGEHVTKYKKRKKRVKHGDR,0.228,seqfam80_2e63871d8908b992a3ec,GEHHRNGEHVTKYKKRKKRVKHGDR,true,true,6,N6L,GEHHRLGEHVTKYKKRKKRVKHGDR,b3ba8da3ee8b763938d1cb8191f6906e23067b51b34245aa886b66ee384ad9d6,activity-rescue-b3ba8da3ee8b763938d1,11.904000000000003,1,0.16,7.153,false,search_prefilter,3080.52,11.202392578125,0.12,0.20427502071971199,0.267,0.475,low,0.335,0.0,Non-Toxin,0.03900000000000001,true,true,true
vegfa,4,masked_substitution,autoresearch-macrel-endpoint-rescue-v1,e873c2829550de485784ab700ffe352b746729c3ebb2bf11bcfc23ee53ee28f8,2e63871d8908b992a3ec113942dff8d3f933de2d13418750b237634fca5a2038,2e63871d8908b992a3ec113942dff8d3f933de2d13418750b237634fca5a2038,GEHHRNGEHVTKYKKRKKRVKHGDR,0.228,seqfam80_2e63871d8908b992a3ec,GEHHRNGEHVTKYKKRKKRVKHGDR,true,true,15,K15F,GEHHRNGEHVTKYKFRKKRVKHGDR,2becfe5350104abe8869cdaaeee1c8e75f7e396c3b9c804e29567a9cee89ee7a,activity-rescue-2becfe5350104abe8869,-2.2119999999999975,1,0.16,6.154,false,search_prefilter,3100.47,11.130859375,0.12,0.03715445992488668,0.267,0.416,low,0.43,0.0,Non-Toxin,0.03900000000000001,true,true,true
vegfa,4,masked_substitution,autoresearch-macrel-endpoint-rescue-v1,22f88defa98b5b9f23550e274b4cf076ddfccec60805cbc799fd162169938ff6,2e63871d8908b992a3ec113942dff8d3f933de2d13418750b237634fca5a2038,2e63871d8908b992a3ec113942dff8d3f933de2d13418750b237634fca5a2038,GEHHRNGEHVTKYKKRKKRVKHGDR,0.228,seqfam80_2e63871d8908b992a3ec,GEHHRNGEHVTKYKKRKKRVKHGDR,true,true,15,K15I,GEHHRNGEHVTKYKIRKKRVKHGDR,e5cb18560e19acde92dc835a4e06cfbe08e1eaac8db2cb7ec34c8b734a1982ee,activity-rescue-e5cb18560e19acde92dc,-5.607999999999999,1,0.16,6.154,false,search_prefilter,3066.45,11.130859375,0.12,0.0338842132840124,0.267,0.406,low,0.325,0.0,Non-Toxin,0.03900000000000001,true,true,true
vegfa,4,masked_substitution,autoresearch-macrel-endpoint-rescue-v1,ed5a2d7a2e62c138eb26c8f1cb0f8454624292b3a7213d65851ff9190833d55a,2e63871d8908b992a3ec113942dff8d3f933de2d13418750b237634fca5a2038,2e63871d8908b992a3ec113942dff8d3f933de2d13418750b237634fca5a2038,GEHHRNGEHVTKYKKRKKRVKHGDR,0.228,seqfam80_2e63871d8908b992a3ec,GEHHRNGEHVTKYKKRKKRVKHGDR,true,true,19,R19F,GEHHRNGEHVTKYKKRKKFVKHGDR,ae5b8851780af597b8ff07628eb03145cf32dfde5e4b46f302c61a1b8c403172,activity-rescue-ae5b8851780af597b8ff,-2.2119999999999975,2,0.16,6.153,false,search_prefilter,3072.46,10.954345703125,0.12,0.064281059637603,0.267,0.426,low,0.395,0.0,Non-Toxin,0.03900000000000001,true,true,true
vegfa,4,masked_substitution,autoresearch-macrel-endpoint-rescue-v1,041c78ba83f44553fd7b9d07c17f6d585e0225c6c4408e476a92e88668202c16,2e63871d8908b992a3ec113942dff8d3f933de2d13418750b237634fca5a2038,2e63871d8908b992a3ec113942dff8d3f933de2d13418750b237634fca5a2038,GEHHRNGEHVTKYKKRKKRVKHGDR,0.228,seqfam80_2e63871d8908b992a3ec,GEHHRNGEHVTKYKKRKKRVKHGDR,true,true,18,K18W,GEHHRNGEHVTKYKKRKWRVKHGDR,eafd108590bc597b1094a35c91941b20b023226a9cec8bdd780ec37732befa3f,activity-rescue-eafd108590bc597b1094,-2.2119999999999975,1,0.16,6.154,false,search_prefilter,3139.5,11.130859375,0.08,0.13801072190192887,0.267,0.416,low,0.36,0.0,Non-Toxin,0.03900000000000001,true,true,true
vegfa,4,masked_substitution,autoresearch-macrel-endpoint-rescue-v1,927ffb0d1d4d8c9a5e69fd47b18313fed529d5b80dee9f2d10d572e8c2e0472f,2e63871d8908b992a3ec113942dff8d3f933de2d13418750b237634fca5a2038,2e63871d8908b992a3ec113942dff8d3f933de2d13418750b237634fca5a2038,GEHHRNGEHVTKYKKRKKRVKHGDR,0.228,seqfam80_2e63871d8908b992a3ec,GEHHRNGEHVTKYKKRKKRVKHGDR,true,true,15,K15W,GEHHRNGEHVTKYKWRKKRVKHGDR,6882251cbc0211536390b3096ac4df645b6a8ca08f875b3645e05108d06398c3,activity-rescue-6882251cbc0211536390,-2.2119999999999975,1,0.16,6.154,false,search_prefilter,3139.5,11.130859375,0.08,0.04692148929920564,0.267,0.416,low,0.36,0.0,Non-Toxin,0.03900000000000001,true,true,true
vegfa,4,masked_substitution,autoresearch-macrel-endpoint-rescue-v1,18e34925bcdb428e44903a855a78996de2f805681a5439db0ef9ac8010fef6e7,997957d2243bf9be816a825e67a4ee2a7b96b325417cd53252f2294d5cf0ea19,997957d2243bf9be816a825e67a4ee2a7b96b325417cd53252f2294d5cf0ea19,GQKDHFWRHLDHKVNKRGKKS,0.218,seqfam80_997957d2243bf9be816a,GQKDHFWRHLDHKVNKRGKKS,true,true,3,K3A,GQADHFWRHLDHKVNKRGKKS,812b72a9a192fe200f53fd57be5de079c74589c86d54502d12e718d555d78a56,activity-rescue-812b72a9a192fe200f53,35.661904761904765,2,0.23809523809523808,4.113,false,search_prefilter,2544.84,11.06494140625,0.19047619047619047,0.3781493556926497,0.257,0.376,low,0.37,0.37,Non-Toxin,0.03900000000000001,true,true,true
vegfa,4,masked_substitution,autoresearch-macrel-endpoint-rescue-v1,7be5f1701fe524f6305377e498d54df78b7e0c8b54c8f7980380bb2fc0a93696,997957d2243bf9be816a825e67a4ee2a7b96b325417cd53252f2294d5cf0ea19,997957d2243bf9be816a825e67a4ee2a7b96b325417cd53252f2294d5cf0ea19,GQKDHFWRHLDHKVNKRGKKS,0.218,seqfam80_997957d2243bf9be816a,GQKDHFWRHLDHKVNKRGKKS,true,true,19,K19A,GQKDHFWRHLDHKVNKRGAKS,141285d713e447d7092b3750427bb5a5df5d8613d6a3ccdc46448fd9db555a1e,activity-rescue-141285d713e447d7092b,39.70476190476191,2,0.23809523809523808,4.113,false,search_prefilter,2544.84,11.06494140625,0.19047619047619047,0.22067796148539173,0.257,0.376,low,0.345,0.345,Non-Toxin,0.03900000000000001,true,true,true
vegfa,4,masked_substitution,autoresearch-macrel-endpoint-rescue-v1,6b49909b74fda9002572895cc37c2280fb059236e2a6fac9ff948fccdeafe3c9,997957d2243bf9be816a825e67a4ee2a7b96b325417cd53252f2294d5cf0ea19,997957d2243bf9be816a825e67a4ee2a7b96b325417cd53252f2294d5cf0ea19,GQKDHFWRHLDHKVNKRGKKS,0.218,seqfam80_997957d2243bf9be816a,GQKDHFWRHLDHKVNKRGKKS,true,true,19,K19F,GQKDHFWRHLDHKVNKRGFKS,b8f9de4f289c31768dd07de1b950834aba4e963108787205489fbf4100f71397,activity-rescue-b8f9de4f289c31768dd0,36.59047619047619,2,0.23809523809523808,4.113,false,search_prefilter,2620.93,11.06494140625,0.19047619047619047,0.20886507875110524,0.257,0.436,low,0.365,0.365,Non-Toxin,0.03900000000000001,true,true,true
vegfa,4,masked_substitution,autoresearch-macrel-endpoint-rescue-v1,e44c66ecc6cd65f1c75b131601e4b21e2d798239cb5757ff5293f26d0e2beedb,997957d2243bf9be816a825e67a4ee2a7b96b325417cd53252f2294d5cf0ea19,997957d2243bf9be816a825e67a4ee2a7b96b325417cd53252f2294d5cf0ea19,GQKDHFWRHLDHKVNKRGKKS,0.218,seqfam80_997957d2243bf9be816a,GQKDHFWRHLDHKVNKRGKKS,true,true,19,K19I,GQKDHFWRHLDHKVNKRGIKS,2dce9cbc83248ef1579b1c3e58a895168e28a6e91f0d8c96028c71b211abad48,activity-rescue-2dce9cbc83248ef1579b,35.661904761904765,2,0.23809523809523808,4.113,false,search_prefilter,2586.92,11.06494140625,0.19047619047619047,0.20549612801909686,0.257,0.426,low,0.36,0.36,Non-Toxin,0.03900000000000001,true,true,true
vegfa,4,masked_substitution,autoresearch-macrel-endpoint-rescue-v1,c0f138f50ddc1f7cda4adfe1cfae2bfc0ac353822ad6106887f59dfad062d2db,997957d2243bf9be816a825e67a4ee2a7b96b325417cd53252f2294d5cf0ea19,997957d2243bf9be816a825e67a4ee2a7b96b325417cd53252f2294d5cf0ea19,GQKDHFWRHLDHKVNKRGKKS,0.218,seqfam80_997957d2243bf9be816a,GQKDHFWRHLDHKVNKRGKKS,true,true,20,K20A,GQKDHFWRHLDHKVNKRGKAS,b1544e202571f9eb01a8d533715d5a512e5764a14b05d67bd223d683907b6b76,activity-rescue-b1544e202571f9eb01a8,39.70476190476191,2,0.23809523809523808,4.113,false,search_prefilter,2544.84,11.06494140625,0.19047619047619047,0.24318569845517807,0.257,0.376,low,0.35,0.35,Non-Toxin,0.03900000000000001,true,true,true
vegfa,4,masked_substitution,autoresearch-macrel-endpoint-rescue-v1,5690a50310acf0455f9b6ea650be1644920352cc27a018cf55e912a63197d285,997957d2243bf9be816a825e67a4ee2a7b96b325417cd53252f2294d5cf0ea19,997957d2243bf9be816a825e67a4ee2a7b96b325417cd53252f2294d5cf0ea19,GQKDHFWRHLDHKVNKRGKKS,0.218,seqfam80_997957d2243bf9be816a,GQKDHFWRHLDHKVNKRGKKS,true,true,20,K20F,GQKDHFWRHLDHKVNKRGKFS,a36d290bc28886b21692bb9a77e5ede00918c079161c0ca8e2bdff64d40fd027,activity-rescue-a36d290bc28886b21692,39.70476190476191,2,0.23809523809523808,4.113,false,search_prefilter,2620.93,11.06494140625,0.19047619047619047,0.23858229479596865,0.257,0.436,low,0.36,0.36,Non-Toxin,0.03900000000000001,true,true,true
vegfa,4,masked_substitution,autoresearch-macrel-endpoint-rescue-v1,89b393d209f6af2a2c134d028111006ccb9f0f112ec37dd5dc204be8881d3519,997957d2243bf9be816a825e67a4ee2a7b96b325417cd53252f2294d5cf0ea19,997957d2243bf9be816a825e67a4ee2a7b96b325417cd53252f2294d5cf0ea19,GQKDHFWRHLDHKVNKRGKKS,0.218,seqfam80_997957d2243bf9be816a,GQKDHFWRHLDHKVNKRGKKS,true,true,20,K20I,GQKDHFWRHLDHKVNKRGKIS,8cdb948773fd83d2e2ffaa372f6999fae2e180460a8091183b4507a7441e5d6a,activity-rescue-8cdb948773fd83d2e2ff,35.661904761904765,2,0.23809523809523808,4.113,false,search_prefilter,2586.92,11.06494140625,0.19047619047619047,0.23771938022370584,0.257,0.426,low,0.355,0.355,Non-Toxin,0.03900000000000001,true,true,true
vegfa,4,masked_substitution,autoresearch-macrel-endpoint-rescue-v1,2e088a3ca3d265d76e4e74f9e9ed20ae9f659a91a06ed80c83e0330688cd05a5,997957d2243bf9be816a825e67a4ee2a7b96b325417cd53252f2294d5cf0ea19,997957d2243bf9be816a825e67a4ee2a7b96b325417cd53252f2294d5cf0ea19,GQKDHFWRHLDHKVNKRGKKS,0.218,seqfam80_997957d2243bf9be816a,GQKDHFWRHLDHKVNKRGKKS,true,true,20,K20L,GQKDHFWRHLDHKVNKRGKLS,c9ff1958666e2d742778522e79a65a7641565caf5ab420c410adf75ce6defa41,activity-rescue-c9ff1958666e2d742778,35.661904761904765,2,0.23809523809523808,4.113,false,search_prefilter,2586.92,11.06494140625,0.19047619047619047,0.23915485031476713,0.257,0.426,low,0.345,0.345,Non-Toxin,0.03900000000000001,true,true,true
vegfa,4,masked_substitution,autoresearch-macrel-endpoint-rescue-v1,1e326bc0169660e94812684e523e68dcd14c4d8601abf8ac47348acb642b0d98,997957d2243bf9be816a825e67a4ee2a7b96b325417cd53252f2294d5cf0ea19,997957d2243bf9be816a825e67a4ee2a7b96b325417cd53252f2294d5cf0ea19,GQKDHFWRHLDHKVNKRGKKS,0.218,seqfam80_997957d2243bf9be816a,GQKDHFWRHLDHKVNKRGKKS,true,true,19,K19L,GQKDHFWRHLDHKVNKRGLKS,88a694b815066a5e3da22d7597eaf051183703c93e03a73678ddab14700cc541,activity-rescue-88a694b815066a5e3da2,39.70476190476191,2,0.23809523809523808,4.113,false,search_prefilter,2586.92,11.06494140625,0.19047619047619047,0.21069083885641998,0.257,0.426,low,0.365,0.365,Non-Toxin,0.03900000000000001,true,true,true
vegfa,4,masked_substitution,autoresearch-macrel-endpoint-rescue-v1,a6d2417fdbd7787b00c71add6f21afbf027c62337f3f24d1314e720a2327920b,997957d2243bf9be816a825e67a4ee2a7b96b325417cd53252f2294d5cf0ea19,997957d2243bf9be816a825e67a4ee2a7b96b325417cd53252f2294d5cf0ea19,GQKDHFWRHLDHKVNKRGKKS,0.218,seqfam80_997957d2243bf9be816a,GQKDHFWRHLDHKVNKRGKKS,true,true,16,K16W,GQKDHFWRHLDHKVNWRGKKS,aaca6d152abab1d7822f773ac5fcd827b41da63086b6351c2e21252161f5192a,activity-rescue-aaca6d152abab1d7822f,7.966666666666665,2,0.23809523809523808,4.113,false,search_prefilter,2659.97,11.06494140625,0.14285714285714285,0.18079159013686757,0.257,0.495,low,0.38,0.38,Non-Toxin,0.03900000000000001,true,true,true
vegfa,4,masked_substitution,autoresearch-macrel-endpoint-rescue-v1,65ef0882ccc9c582447026a008e0b37189c19d26a309402c67b2d448c801c946,997957d2243bf9be816a825e67a4ee2a7b96b325417cd53252f2294d5cf0ea19,997957d2243bf9be816a825e67a4ee2a7b96b325417cd53252f2294d5cf0ea19,GQKDHFWRHLDHKVNKRGKKS,0.218,seqfam80_997957d2243bf9be816a,GQKDHFWRHLDHKVNKRGKKS,true,true,16,K16Y,GQKDHFWRHLDHKVNYRGKKS,0d7ace0ac45f1f6633316e48b9c1da37be61b2bdf5cb13e063bc6905704f2b19,activity-rescue-0d7ace0ac45f1f663331,4.852380952380951,2,0.23809523809523808,4.111,false,search_prefilter,2636.93,10.734375,0.14285714285714285,0.20447382308631276,0.257,0.485,low,0.325,0.325,Non-Toxin,0.03900000000000001,true,true,true
vegfa,4,masked_substitution,autoresearch-macrel-endpoint-rescue-v1,5c9392e3f7ac6723c48909442b0140245d320abd1ae5401e9a59b5c233f5522a,997957d2243bf9be816a825e67a4ee2a7b96b325417cd53252f2294d5cf0ea19,997957d2243bf9be816a825e67a4ee2a7b96b325417cd53252f2294d5cf0ea19,GQKDHFWRHLDHKVNKRGKKS,0.218,seqfam80_997957d2243bf9be816a,GQKDHFWRHLDHKVNKRGKKS,true,true,3,K3I,GQIDHFWRHLDHKVNKRGKKS,1a34ab66f785d05f0c559a7f65e50ce1600a165ae0e8b1e3b9b9527ac4cb456e,activity-rescue-1a34ab66f785d05f0c55,39.70476190476191,2,0.23809523809523808,4.113,false,search_prefilter,2586.92,11.06494140625,0.19047619047619047,0.41378912721627126,0.248,0.436,low,0.38,0.38,Non-Toxin,0.03,true,true,true
vegfa,4,masked_substitution,autoresearch-macrel-endpoint-rescue-v1,ccce56dd47181b7b685d6dac64ba7f0db33a895b52d7f6299318d41f7a977fb2,997957d2243bf9be816a825e67a4ee2a7b96b325417cd53252f2294d5cf0ea19,997957d2243bf9be816a825e67a4ee2a7b96b325417cd53252f2294d5cf0ea19,GQKDHFWRHLDHKVNKRGKKS,0.218,seqfam80_997957d2243bf9be816a,GQKDHFWRHLDHKVNKRGKKS,true,true,20,K20V,GQKDHFWRHLDHKVNKRGKVS,516043fa946245fbdbff43945f342e4b6225ced482fe5fa10b872429e2914509,activity-rescue-516043fa946245fbdbff,35.661904761904765,2,0.23809523809523808,4.113,false,search_prefilter,2572.89,11.06494140625,0.19047619047619047,0.23915485031476713,0.248,0.376,low,0.3,0.3,Non-Toxin,0.03,true,true,true
vegfa,4,masked_substitution,autoresearch-macrel-endpoint-rescue-v1,e89e8ade45a3909f0af948946e285945c6c5e7785aa9141c7ed66c66483cf226,997957d2243bf9be816a825e67a4ee2a7b96b325417cd53252f2294d5cf0ea19,997957d2243bf9be816a825e67a4ee2a7b96b325417cd53252f2294d5cf0ea19,GQKDHFWRHLDHKVNKRGKKS,0.218,seqfam80_997957d2243bf9be816a,GQKDHFWRHLDHKVNKRGKKS,true,true,20,K20Y,GQKDHFWRHLDHKVNKRGKYS,0c12321d7b697d9e22a94a81be9c5447b99202d582278f416e86bf9c3755d802,activity-rescue-0c12321d7b697d9e22a9,39.70476190476191,2,0.23809523809523808,4.111,false,search_prefilter,2636.93,10.734375,0.14285714285714285,0.2475543967431959,0.248,0.426,low,0.32,0.32,Non-Toxin,0.03,true,true,true
vegfa,4,masked_substitution,autoresearch-macrel-endpoint-rescue-v1,e6ab34dfc61667e81e96409a4246c0a3866a04d5092737c6a049b1509bb03e6e,997957d2243bf9be816a825e67a4ee2a7b96b325417cd53252f2294d5cf0ea19,997957d2243bf9be816a825e67a4ee2a7b96b325417cd53252f2294d5cf0ea19,GQKDHFWRHLDHKVNKRGKKS,0.218,seqfam80_997957d2243bf9be816a,GQKDHFWRHLDHKVNKRGKKS,true,true,19,K19V,GQKDHFWRHLDHKVNKRGVKS,e13f4758b9f9188a944bbba749e83edaf50cf274cc3ea052d41f4a819e01568e,activity-rescue-e13f4758b9f9188a944b,42.37619047619048,2,0.23809523809523808,4.113,false,search_prefilter,2572.89,11.06494140625,0.19047619047619047,0.21069083885641998,0.248,0.376,low,0.325,0.325,Non-Toxin,0.03,true,true,true
vegfa,4,masked_substitution,autoresearch-macrel-endpoint-rescue-v1,93773600d5fc514d6544898e6d9c946ca85e300f72c36911e8e9990edc8df566,997957d2243bf9be816a825e67a4ee2a7b96b325417cd53252f2294d5cf0ea19,997957d2243bf9be816a825e67a4ee2a7b96b325417cd53252f2294d5cf0ea19,GQKDHFWRHLDHKVNKRGKKS,0.218,seqfam80_997957d2243bf9be816a,GQKDHFWRHLDHKVNKRGKKS,true,true,19,K19Y,GQKDHFWRHLDHKVNKRGYKS,28e1273ca0db31bf9b560f32df4a3c80e496cc74681366994513a902a4f3d7ce,activity-rescue-28e1273ca0db31bf9b56,39.70476190476191,2,0.23809523809523808,4.111,false,search_prefilter,2636.93,10.734375,0.14285714285714285,0.22938085535100117,0.248,0.426,low,0.28,0.28,Non-Toxin,0.03,true,true,true
vegfa,4,masked_substitution,autoresearch-macrel-endpoint-rescue-v1,d7dd958727a3583264bdad29ab0e74e893b17609d09a8048ec9097d097986cf2,997957d2243bf9be816a825e67a4ee2a7b96b325417cd53252f2294d5cf0ea19,997957d2243bf9be816a825e67a4ee2a7b96b325417cd53252f2294d5cf0ea19,GQKDHFWRHLDHKVNKRGKKS,0.218,seqfam80_997957d2243bf9be816a,GQKDHFWRHLDHKVNKRGKKS,true,true,2,Q2Y,GYKDHFWRHLDHKVNKRGKKS,7204be8a01ebcc10f39db71d19f4016dfdcb039e756073bf0ecbaec9af995999,activity-rescue-7204be8a01ebcc10f39d,35.661904761904765,2,0.23809523809523808,5.111,false,search_prefilter,2636.98,10.869873046875,0.14285714285714285,0.25815259780455857,0.248,0.436,low,0.37,0.37,Non-Toxin,0.03,true,true,true
