branch_key,generation,proposal_rank,replicate,seed,operator_id,action_type,action_sha256,parent_candidate_id,donor_candidate_id,candidate_id,sequence,sequence_sha256,guruprasad_instability_index,maximum_hydrophobic_run,hydrophobic_fraction,net_charge_ph7_4,historical_exact_replay,score_all_status,family_key_80_80,family_representative_sequence,combined_family_size,new_family_relative_to_all_references,diversity_qualified,molecular_weight_da,isoelectric_point,hydrophobic_ratio_modlamp,hydrophobic_moment_eisenberg,macrel_amp_probability,macrel_hemolysis_probability,macrel_hemolysis_label,toxinpred3_ml_score,toxinpred3_hybrid_score,toxinpred3_label,llamp_log10_mic_um,llamp_predicted_mic_um,amp_read_log10_mic_um,amp_read_predicted_mic_um,amp_read_cnn_log10_mic_um,amp_read_transformer_log10_mic_um,amp_read_attention_log10_mic_um,amp_read_lstm_log10_mic_um,formal_metric_count,formal_12_complete,display_eligible,activity_model_support_count,excellent_sequence_stage,structure_md_status,amp_read_log10_mic_um__parent_benefit_percentile,llamp_log10_mic_um__parent_benefit_percentile,macrel_amp_probability__parent_benefit_percentile,activity_model_support_count_calibrated,excellent_sequence_stage_calibrated,activity_support_semantics,evidence_scope,hemopi2_classification_label,hemopi2_classification_score,hemopi2_hc50_um,target_key,validator_version,calibrated_hemolysis_probability,calibration_risk_threshold,calibration_threshold_exceeded,reported_hc50_below_100_um,challenger_conflict_status,candidate_hard_gate_allowed,missing_verified_runtimes
gyra,13,6,2,202610172,autoresearch-rule-de-novo-v4,de_novo,95ba8ad88e1963ae3d067d16413cf709b962f59a8f7eff0f7ad9248c375db12e,,,proposal-0b29cbb0cee1e17d46a3,AKNVGIVTTKKFRKERNQNK,0b29cbb0cee1e17d46a3586ff24756f6ad1eab09de0cf3c35f1043b402a8625e,6.760000,2,0.250000,5.987,false,pending,seqfam80_0b29cbb0cee1e17d46a3,AKNVGIVTTKKFRKERNQNK,1,true,true,2359.74,11.62646484375,0.25,0.28349668170076214,0.317,0.436,low,0.315,0.315,Non-Toxin,1.741155743598938,55.10052585668806,1.7937958014719044,62.20077580051955,1.378145456314087,1.8933327198028564,1.4206212759017944,2.4831461906433105,12,true,true,0,false,not_started,0.944575,0.623821,0.959906,2,true,at_or_above_parent_run_top_quartile_per_independent_model,autoresearch_structure_cohort_challenger_shadow,0,0.21,188.953,gyra,HemoPI2-Zenodo-14676712-rf-only-v27,0.11307288593554816,0.28251089202785207,False,False,no_conflict,False,apex;peptiverse
gyra,13,110,37,202645171,autoresearch-rule-crossover-v3,controlled_crossover,4dd4e0bdf6e31ec1dbea2d99fbb30ea82f948c9f74ce1761044ccfce2e6c8d82,68c47925e7b6e9ea5c4df79506c0b8706832906629d7135b6e0495b7fb7c9100,1a602ff6ecff8d0a8f63226d2f46e39bead8faa93ce94426c477d51dba7ae70d,proposal-963f5470abe27a1e1800,KRKKNLGENTRKRGDRKAHKKGRG,963f5470abe27a1e1800e97bb180401c60330183f3972818b5f161f00479c758,22.645833,1,0.083333,10.028,false,pending,seqfam80_07fad85014a4a2ba3e5b,KRKKNKGEATSEHRHGKTKGSQRK,40,false,false,2819.25,12.02880859375,0.08333333333333333,0.37398904689957796,0.238,0.396,low,0.37,0.37,Non-Toxin,0.8174324035644531,6.567988800437721,1.7409450413715695,55.07379977988716,1.5805507898330688,2.411360740661621,1.1227866411209106,1.8490947484970093,12,true,true,1,false,not_started,0.951651,0.971698,0.923349,3,true,at_or_above_parent_run_top_quartile_per_independent_model,autoresearch_structure_cohort_challenger_shadow,0,0.225,183.905,gyra,HemoPI2-Zenodo-14676712-rf-only-v27,0.12798588792787716,0.28251089202785207,False,False,no_conflict,False,apex;peptiverse
gyra,13,41,14,202622171,autoresearch-rule-crossover-v3,controlled_crossover,24478644d82357f7a3d237ca318d4930e601f290cdbe762c49dc82d3d61f8546,e44e7f9a896f6987d3ff65c5af2d4be7779a20a1bd3107b58ff89f04805862be,1a602ff6ecff8d0a8f63226d2f46e39bead8faa93ce94426c477d51dba7ae70d,proposal-0c79a2f2c5bf49e48003,DKQKKTRKRGDRKAHKKGRG,0c79a2f2c5bf49e48003c85b716247b64c9d599e99f0ab8f784299212761a0ce,24.465000,1,0.050000,9.028,false,pending,seqfam80_07fad85014a4a2ba3e5b,KRKKNKGEATSEHRHGKTKGSQRK,40,false,false,2378.75,11.84912109375,0.05,0.41441348479557255,0.267,0.475,low,0.305,0.305,Non-Toxin,1.4140862226486206,25.9469444861023,1.6598421374467802,45.69220719251743,1.6530104875564575,1.735889196395874,1.1438884735107422,2.106621503829956,12,true,true,0,false,not_started,0.958726,0.897406,0.943396,3,true,at_or_above_parent_run_top_quartile_per_independent_model,autoresearch_structure_cohort_challenger_shadow,0,0.24,171.437,gyra,HemoPI2-Zenodo-14676712-rf-only-v27,0.1437411645059108,0.28251089202785207,False,False,no_conflict,False,apex;peptiverse
gyra,13,14,5,202613171,autoresearch-rule-crossover-v3,controlled_crossover,1268168756e775eb4b9a23deaa4e0efbf61843bd6000147fca606e313a698e63,68c47925e7b6e9ea5c4df79506c0b8706832906629d7135b6e0495b7fb7c9100,1a602ff6ecff8d0a8f63226d2f46e39bead8faa93ce94426c477d51dba7ae70d,proposal-c3e9969b17a1db07fc2f,KRKKNKGENTRKRGDRKAHKKGRG,c3e9969b17a1db07fc2f6443c18a5c1228ae3fb6c5f3231d2ebf53e32fa60508,28.975000,1,0.041667,11.028,false,pending,seqfam80_07fad85014a4a2ba3e5b,KRKKNKGEATSEHRHGKTKGSQRK,40,false,false,2834.26,12.04052734375,0.041666666666666664,0.3970701700763129,0.228,0.416,low,0.35,0.0,Non-Toxin,0.5312566161155701,3.398260098217159,1.695657601647482,49.62009616920433,1.6225215196609497,2.4844870567321777,1.117044448852539,1.5585672855377197,12,true,true,1,false,not_started,0.955189,0.987028,0.913915,3,true,at_or_above_parent_run_top_quartile_per_independent_model,autoresearch_structure_cohort_challenger_shadow,0,0.245,173.551,gyra,HemoPI2-Zenodo-14676712-rf-only-v27,0.14917667068502316,0.28251089202785207,False,False,no_conflict,False,apex;peptiverse
gyra,13,119,40,202648171,autoresearch-rule-crossover-v3,controlled_crossover,9156256f879a163709ab1c7a8d0577ff9388df4dbe76a7633410e59f76c68e65,1a602ff6ecff8d0a8f63226d2f46e39bead8faa93ce94426c477d51dba7ae70d,8afbccd440ef3404e99d07c780546ef1ce1a34a8d982a3d8b34c27ecefbd05eb,proposal-7429876363d8866ef925,RKKHTLGENKTRKKRHKADKEHGK,7429876363d8866ef92590c774516d335c5add23c34ad992f8b5aa06a7b9aa59,26.566667,1,0.083333,8.112,false,pending,seqfam80_07fad85014a4a2ba3e5b,KRKKNKGEATSEHRHGKTKGSQRK,40,false,false,2911.34,11.333251953125,0.08333333333333333,0.15332195842073224,0.406,0.475,low,0.29,0.0,Non-Toxin,1.136643886566162,13.697581292433057,1.8373501111366934,68.76225508991503,1.6847898960113525,2.4298276901245117,0.5262789130210876,2.708594799041748,12,true,true,0,false,not_started,0.941038,0.962264,0.970519,3,true,at_or_above_parent_run_top_quartile_per_independent_model,autoresearch_structure_cohort_challenger_shadow,0,0.245,173.805,gyra,HemoPI2-Zenodo-14676712-rf-only-v27,0.14917667068502316,0.28251089202785207,False,False,no_conflict,False,apex;peptiverse
gyra,13,20,7,202615171,autoresearch-rule-crossover-v3,controlled_crossover,b666dd1f27c1396011549b110c1c8a226d3510bd33e4c18df66f21a8dfb25dee,68c47925e7b6e9ea5c4df79506c0b8706832906629d7135b6e0495b7fb7c9100,18b3a98e785c73d8f11f09a5f36c994a959758fd347c8a19606e07961020c57e,proposal-4cbeb1e89d8f9082c64e,KRKKNKGEATSEHRHGKKHGSQRK,4cbeb1e89d8f9082c64e160adefc32b3239e11ff88282ccf956269d767e666dd,35.108333,1,0.041667,8.112,false,pending,seqfam80_07fad85014a4a2ba3e5b,KRKKNKGEATSEHRHGKTKGSQRK,40,false,false,2813.16,11.607666015625,0.041666666666666664,0.03611690293472372,0.376,0.406,low,0.325,0.0,Non-Toxin,0.8685094118118286,7.387702730783653,1.6913680662002804,49.13240987667828,1.426762342453003,2.3613758087158203,0.9459915161132812,2.031378746032715,12,true,true,1,false,not_started,0.955189,0.970519,0.970519,3,true,at_or_above_parent_run_top_quartile_per_independent_model,autoresearch_structure_cohort_challenger_shadow,0,0.25,172.9,gyra,HemoPI2-Zenodo-14676712-rf-only-v27,0.15470268191577455,0.28251089202785207,False,False,no_conflict,False,apex;peptiverse
gyra,13,54,18,202626172,autoresearch-rule-de-novo-v4,de_novo,40171f0d46e6807033df19556b688766dc0726df8ed305de166cfd9f59606cc8,,,proposal-1223d13d8ecd0e7173d6,SKEWHKEKTQDGKKRKHFIK,1223d13d8ecd0e7173d6e6bade0825c2dd36d4d38af7eeb97bfd5e039cb7c8f2,34.150000,2,0.150000,5.071,false,pending,seqfam80_1223d13d8ecd0e7173d6,SKEWHKEKTQDGKKRKHFIK,1,true,true,2538.91,10.79248046875,0.1,0.24836995328622993,0.376,0.366,low,0.375,0.375,Non-Toxin,1.3114820718765259,20.487174750445917,1.408748215628351,25.629976951254385,1.703215479850769,1.5550113916397095,1.0750737190246582,1.3016804456710815,12,true,true,0,false,not_started,0.970519,0.936321,0.970519,3,true,at_or_above_parent_run_top_quartile_per_independent_model,autoresearch_structure_cohort_challenger_shadow,0,0.25,176.142,gyra,HemoPI2-Zenodo-14676712-rf-only-v27,0.15470268191577455,0.28251089202785207,False,False,no_conflict,False,apex;peptiverse
gyra,13,47,16,202624171,autoresearch-rule-crossover-v3,controlled_crossover,c3c26e16924906a4d5aa74ae1c2c9f1b76f654351c144547ff8d889dc96c9e96,e44e7f9a896f6987d3ff65c5af2d4be7779a20a1bd3107b58ff89f04805862be,8afbccd440ef3404e99d07c780546ef1ce1a34a8d982a3d8b34c27ecefbd05eb,proposal-1135e6573234f7cd2c82,DKQKKTTRKKRHKADKEHGK,1135e6573234f7cd2c8257a10c55e095e497485958035cdb687cb255bbdb6fdc,33.155000,1,0.050000,7.07,false,pending,seqfam80_07fad85014a4a2ba3e5b,KRKKNKGEATSEHRHGKTKGSQRK,40,false,false,2447.81,11.10107421875,0.05,0.21771737119986567,0.366,0.426,low,0.265,0.265,Non-Toxin,1.5829256772994995,38.27592344617479,1.8589004984398771,72.26042281959786,1.6587965488433838,2.0391688346862793,0.9362525939941406,2.801475763320923,12,true,true,0,false,not_started,0.937500,0.797170,0.970519,3,true,at_or_above_parent_run_top_quartile_per_independent_model,autoresearch_structure_cohort_challenger_shadow,0,0.255,151.432,gyra,HemoPI2-Zenodo-14676712-rf-only-v27,0.16031830920178972,0.28251089202785207,False,False,no_conflict,False,apex;peptiverse
gyra,13,98,33,202641171,autoresearch-rule-crossover-v3,controlled_crossover,d0078ecd688713fd091288f169c2edeef2636e82753a578b357a895762b69487,1a602ff6ecff8d0a8f63226d2f46e39bead8faa93ce94426c477d51dba7ae70d,8afbccd440ef3404e99d07c780546ef1ce1a34a8d982a3d8b34c27ecefbd05eb,proposal-f507a07e3c216c470f1b,RKKHTLGENTRKKKRHKADKEHGK,f507a07e3c216c470f1b95ee67002948897ee5d0fafe1a8a65867d4d881d44e9,13.162500,1,0.083333,8.112,false,pending,seqfam80_07fad85014a4a2ba3e5b,KRKKNKGEATSEHRHGKTKGSQRK,40,false,false,2911.34,11.333251953125,0.08333333333333333,0.10033375808404965,0.386,0.485,low,0.26,0.0,Non-Toxin,1.1724234819412231,14.873852895572295,1.7330041021607299,54.07594307047556,1.3872674703598022,2.40790057182312,0.4394811987876892,2.697467565536499,12,true,true,0,false,not_started,0.952830,0.962264,0.970519,3,true,at_or_above_parent_run_top_quartile_per_independent_model,autoresearch_structure_cohort_challenger_shadow,0,0.255,178.896,gyra,HemoPI2-Zenodo-14676712-rf-only-v27,0.16031830920178972,0.28251089202785207,False,False,no_conflict,False,apex;peptiverse
gyra,13,11,4,202612171,autoresearch-rule-crossover-v3,controlled_crossover,83c5caccc1f8f77179b630a352f3cbcd298f7f71c9d712c74b40fb4e3f986171,68c47925e7b6e9ea5c4df79506c0b8706832906629d7135b6e0495b7fb7c9100,1a602ff6ecff8d0a8f63226d2f46e39bead8faa93ce94426c477d51dba7ae70d,proposal-a7bdf27eb7ad2ea8927c,KRKKNKGEATSEHRHGKTKKKGRG,a7bdf27eb7ad2ea8927c694d5a691176f0fc71047d0b1a9b5c9b7713363a8b05,24.329167,1,0.041667,9.07,false,pending,seqfam80_07fad85014a4a2ba3e5b,KRKKNKGEATSEHRHGKTKGSQRK,40,false,false,2747.14,11.642578125,0.041666666666666664,0.12339244638174661,0.379,0.376,low,0.415,0.0,Non-Toxin,0.9258444309234619,8.430327200463749,1.5680713199732808,36.98889180646946,1.550443410873413,2.2733616828918457,1.0861620903015137,1.3623006343841553,12,true,true,1,false,not_started,0.963443,0.968160,0.970519,3,true,at_or_above_parent_run_top_quartile_per_independent_model,autoresearch_structure_cohort_challenger_shadow,0,0.26,181.336,gyra,HemoPI2-Zenodo-14676712-rf-only-v27,0.16602261728690276,0.28251089202785207,False,False,no_conflict,False,apex;peptiverse
gyra,13,107,36,202644171,autoresearch-rule-crossover-v3,controlled_crossover,8d0191ded6988bf576e913c6a27d0df249a023580d6d759f6785dac044a2a4b1,1a602ff6ecff8d0a8f63226d2f46e39bead8faa93ce94426c477d51dba7ae70d,8afbccd440ef3404e99d07c780546ef1ce1a34a8d982a3d8b34c27ecefbd05eb,proposal-266ea288c16c66c420d2,RKKHTLGEDKTRKKRHKADKEHGK,266ea288c16c66c420d289279636fdefa3f2566c8cffd73ebc91ed5e0c81b649,21.187500,1,0.083333,7.112,false,pending,seqfam80_07fad85014a4a2ba3e5b,KRKKNKGEATSEHRHGKTKGSQRK,40,false,false,2912.33,11.07958984375,0.08333333333333333,0.15821529012010382,0.416,0.446,low,0.275,0.0,Non-Toxin,1.3074737787246704,20.29895957704586,1.8202396496634,66.10581283403327,1.5198341608047485,2.452366590499878,0.5477725863456726,2.761082649230957,12,true,true,0,false,not_started,0.942217,0.937500,0.971698,3,true,at_or_above_parent_run_top_quartile_per_independent_model,autoresearch_structure_cohort_challenger_shadow,0,0.26,160.875,gyra,HemoPI2-Zenodo-14676712-rf-only-v27,0.16602261728690276,0.28251089202785207,False,False,no_conflict,False,apex;peptiverse
gyra,13,8,3,202611171,autoresearch-rule-crossover-v3,controlled_crossover,8f23522f670dc46829534ec8221553bd0daca25d821c3377e150044d7ed9d2b0,68c47925e7b6e9ea5c4df79506c0b8706832906629d7135b6e0495b7fb7c9100,8afbccd440ef3404e99d07c780546ef1ce1a34a8d982a3d8b34c27ecefbd05eb,proposal-8764f17c2a1557efafdf,KRKKNKGEATSEHRHGKTKKEHGK,8764f17c2a1557efafdff92ff6d9beb9f8b2e146c129e2fa267a02a732891868,20.404167,1,0.041667,7.112,false,pending,seqfam80_07fad85014a4a2ba3e5b,KRKKNKGEATSEHRHGKTKGSQRK,40,false,false,2800.15,11.10107421875,0.041666666666666664,0.1416813977277578,0.436,0.426,low,0.335,0.0,Non-Toxin,1.1898541450500488,15.482965463576932,1.8805391081477594,75.9519814224762,1.8982409238815308,2.672492742538452,0.9464197158813477,2.0050203800201416,12,true,true,0,false,not_started,0.932783,0.959906,0.971698,3,true,at_or_above_parent_run_top_quartile_per_independent_model,autoresearch_structure_cohort_challenger_shadow,0,0.265,175.652,gyra,HemoPI2-Zenodo-14676712-rf-only-v27,0.17181462402158107,0.28251089202785207,False,False,no_conflict,False,apex;peptiverse
gyra,13,44,15,202623171,autoresearch-rule-crossover-v3,controlled_crossover,126e02bd16fd4c0ee101b3009b7c7aaabeaf9c3372c6bd3c6e60c1012e9e4038,e44e7f9a896f6987d3ff65c5af2d4be7779a20a1bd3107b58ff89f04805862be,8afbccd440ef3404e99d07c780546ef1ce1a34a8d982a3d8b34c27ecefbd05eb,proposal-5a5b84a63c9de66b5733,DKQKKKTRKKRHKADKEHGK,5a5b84a63c9de66b57331f07d2d5977123b2e3104b75888c720808e5460b5338,33.155000,1,0.050000,8.069,false,pending,seqfam80_07fad85014a4a2ba3e5b,KRKKNKGEATSEHRHGKTKGSQRK,40,false,false,2474.88,11.16259765625,0.05,0.2192131815239736,0.396,0.475,low,0.3,0.3,Non-Toxin,1.788603663444519,61.46157192226322,1.9037678067055273,80.12495649223959,1.6062846183776855,2.0571160316467285,0.8089301586151123,3.1428616046905518,12,true,true,0,false,not_started,0.928066,0.533019,0.970519,2,true,at_or_above_parent_run_top_quartile_per_independent_model,autoresearch_structure_cohort_challenger_shadow,0,0.265,146.892,gyra,HemoPI2-Zenodo-14676712-rf-only-v27,0.17181462402158107,0.28251089202785207,False,False,no_conflict,False,apex;peptiverse
gyra,13,80,27,202635171,autoresearch-rule-crossover-v3,controlled_crossover,a320a409dddc77b7eb49aaa8e7eadfa221692366d282127c7a92a7d77ce37d24,1a602ff6ecff8d0a8f63226d2f46e39bead8faa93ce94426c477d51dba7ae70d,8afbccd440ef3404e99d07c780546ef1ce1a34a8d982a3d8b34c27ecefbd05eb,proposal-4482211663f3d233bfdf,RKKHTLGENTRKRGRHKADKEHGK,4482211663f3d233bfdf3d761068f6c64765e8124e7098f05a71ace64608c858,9.625000,1,0.083333,7.113,false,pending,seqfam80_07fad85014a4a2ba3e5b,KRKKNKGEATSEHRHGKTKGSQRK,40,false,false,2868.23,11.49267578125,0.08333333333333333,0.1812554854580182,0.307,0.416,low,0.24,0.0,Non-Toxin,0.8580361604690552,7.211675229351532,1.967524090017576,92.79489613933582,1.8282785415649414,2.43483304977417,0.8470301628112793,2.7600350379943848,12,true,true,1,false,not_started,0.910377,0.970519,0.959906,3,true,at_or_above_parent_run_top_quartile_per_independent_model,autoresearch_structure_cohort_challenger_shadow,0,0.27,172.471,gyra,HemoPI2-Zenodo-14676712-rf-only-v27,0.1776932998103495,0.28251089202785207,False,False,no_conflict,False,apex;peptiverse
gyra,13,95,32,202640171,autoresearch-rule-crossover-v3,controlled_crossover,00ff26826d572942c2a8ffa9c221ec483792fcbd41cc59fb5c3634d225488be0,1a602ff6ecff8d0a8f63226d2f46e39bead8faa93ce94426c477d51dba7ae70d,8afbccd440ef3404e99d07c780546ef1ce1a34a8d982a3d8b34c27ecefbd05eb,proposal-b594068cd3f7e2d8ea7f,RKKHTLGENTTRKKRHKADKEHGK,b594068cd3f7e2d8ea7f06585a8a639cf79cdb55e5ba82e0865c5a49202dcd32,13.162500,1,0.083333,7.113,false,pending,seqfam80_07fad85014a4a2ba3e5b,KRKKNKGEATSEHRHGKTKGSQRK,40,false,false,2884.27,11.279296875,0.08333333333333333,0.1846940406421788,0.356,0.406,low,0.235,0.0,Non-Toxin,1.2170616388320923,16.483963295993494,1.9093113443840883,81.15426417956854,1.706296443939209,2.5689125061035156,0.6018705368041992,2.7602548599243164,12,true,true,0,false,not_started,0.926887,0.959906,0.968160,3,true,at_or_above_parent_run_top_quartile_per_independent_model,autoresearch_structure_cohort_challenger_shadow,0,0.27,183.891,gyra,HemoPI2-Zenodo-14676712-rf-only-v27,0.1776932998103495,0.28251089202785207,False,False,no_conflict,False,apex;peptiverse
gyra,13,1,1,202609170,autoresearch-rule-substitution-v3,masked_substitution,3e3cd91989c3941a00e24095c8ef87b767053aef35459c23ed636f52f4e2556e,18b3a98e785c73d8f11f09a5f36c994a959758fd347c8a19606e07961020c57e,,proposal-d47c04c274be825daa3f,HFEGNSSHRKNQHFKHGSQRK,d47c04c274be825daa3fe5e061b813d59ca306d8eb33148983a11cc3b12f75d4,-1.738095,1,0.095238,4.156,false,pending,seqfam80_0051e2f144580e8b1165,HFEGNSSHRKYRHFKHGSQRK,43,false,false,2546.73,11.4951171875,0.09523809523809523,0.18266616784638967,0.426,0.475,low,0.295,0.295,Non-Toxin,1.553938627243042,35.80458359236802,2.0432289747660137,110.4660881040278,1.259972333908081,1.865276575088501,2.3960726261138916,2.651639938354492,12,true,true,0,false,not_started,0.886792,0.813679,0.971698,3,true,at_or_above_parent_run_top_quartile_per_independent_model,autoresearch_structure_cohort_challenger_shadow,0,0.275,189.261,gyra,HemoPI2-Zenodo-14676712-rf-only-v27,0.18365756714014775,0.28251089202785207,False,False,no_conflict,False,apex;peptiverse
gyra,13,112,38,202646170,autoresearch-rule-substitution-v3,masked_substitution,43a94ab84cd2eb13ab540537a92b4a4fba10e335439eb60d4c64ebab9707ace5,18b3a98e785c73d8f11f09a5f36c994a959758fd347c8a19606e07961020c57e,,proposal-ddba64532935a5d0a14d,HFEGNSSHRKYQKFKHGSQRK,ddba64532935a5d0a14d1190305361bc9d8d2bd3cb7b860e247041894c1f26e4,6.790476,1,0.142857,5.112,false,pending,seqfam80_0051e2f144580e8b1165,HFEGNSSHRKYRHFKHGSQRK,43,false,false,2586.83,11.1044921875,0.09523809523809523,0.26075748527589276,0.545,0.495,low,0.325,0.325,Non-Toxin,1.1916968822479248,15.548800174179298,1.9083948976818372,80.98319329418275,1.3636720180511475,1.7532587051391602,2.2707297801971436,2.2459394931793213,12,true,true,1,false,not_started,0.926887,0.959906,0.971698,3,true,at_or_above_parent_run_top_quartile_per_independent_model,autoresearch_structure_cohort_challenger_shadow,0,0.275,182.155,gyra,HemoPI2-Zenodo-14676712-rf-only-v27,0.18365756714014775,0.28251089202785207,False,False,no_conflict,False,apex;peptiverse
gyra,13,23,8,202616171,autoresearch-rule-crossover-v3,controlled_crossover,5f477bdb954084e314514fd5ad20caf01ce8540fed50485132e879e45218c3fd,68c47925e7b6e9ea5c4df79506c0b8706832906629d7135b6e0495b7fb7c9100,18b3a98e785c73d8f11f09a5f36c994a959758fd347c8a19606e07961020c57e,proposal-ba8f63e306bb16018a6c,KRKKNKGEATSEHRHGKTHGSQRK,ba8f63e306bb16018a6c159f3c2c2b1212d745f7de984b0a3c1398cf28f66c34,35.108333,1,0.041667,7.113,false,pending,seqfam80_07fad85014a4a2ba3e5b,KRKKNKGEATSEHRHGKTKGSQRK,40,false,false,2786.09,11.567626953125,0.041666666666666664,0.07024518266484152,0.389,0.277,low,0.265,0.0,Non-Toxin,1.0047078132629395,10.108991078426984,1.916235388625244,82.4584920873422,1.8018248081207275,2.584871292114258,1.0270200967788696,2.2512614727020264,12,true,true,0,false,not_started,0.923349,0.968160,0.970519,3,true,at_or_above_parent_run_top_quartile_per_independent_model,autoresearch_structure_cohort_challenger_shadow,0,0.275,189.217,gyra,HemoPI2-Zenodo-14676712-rf-only-v27,0.18365756714014775,0.28251089202785207,False,False,no_conflict,False,apex;peptiverse
gyra,13,94,32,202640170,autoresearch-rule-substitution-v3,masked_substitution,95ce65e920c5be15c2142c23d3c6bfcdec0a1ff4b6772b0ec96ef3cfe4691e67,18b3a98e785c73d8f11f09a5f36c994a959758fd347c8a19606e07961020c57e,,proposal-5427b4ee9f73411fe061,HFEGNSSNRKYQHFKHGSQRK,5427b4ee9f73411fe06108909ea401ddfb09000aa8b6fc06acb2cf5cadcf4e79,1.852381,1,0.142857,4.112,false,pending,seqfam80_0051e2f144580e8b1165,HFEGNSSHRKYRHFKHGSQRK,43,false,false,2572.76,10.9736328125,0.09523809523809523,0.22462052225903795,0.446,0.495,low,0.27,0.27,Non-Toxin,1.1336785554885864,13.604373774627847,2.045224589837968,110.97485591744098,1.7235472202301025,1.8331387042999268,2.2282166481018066,2.3960182666778564,12,true,true,0,false,not_started,0.885613,0.963443,0.971698,3,true,at_or_above_parent_run_top_quartile_per_independent_model,autoresearch_structure_cohort_challenger_shadow,0,0.28,170.706,gyra,HemoPI2-Zenodo-14676712-rf-only-v27,0.18970630018966653,0.28251089202785207,False,False,no_conflict,False,apex;peptiverse
gyra,13,17,6,202614171,autoresearch-rule-crossover-v3,controlled_crossover,447a0c3ef40af6037dde1fd946490a0ba0c2dcb6a804bb38f6356de969b22e67,68c47925e7b6e9ea5c4df79506c0b8706832906629d7135b6e0495b7fb7c9100,1a602ff6ecff8d0a8f63226d2f46e39bead8faa93ce94426c477d51dba7ae70d,proposal-157f89145378e94dfb7a,KRKKNKGEATSEHRHGKTHKKGRG,157f89145378e94dfb7aa40af7013dffef92660d8931bc0a9e6c571000e30092,34.195833,1,0.041667,8.112,false,pending,seqfam80_07fad85014a4a2ba3e5b,KRKKNKGEATSEHRHGKTKGSQRK,40,false,false,2756.1,11.607666015625,0.041666666666666664,0.13499593372337507,0.399,0.337,low,0.395,0.0,Non-Toxin,0.8222289085388184,6.640930092365118,1.6150766435523678,41.2170251785093,1.6266541481018066,2.3686509132385254,1.153524398803711,1.3114502429962158,12,true,true,1,false,not_started,0.959906,0.971698,0.970519,3,true,at_or_above_parent_run_top_quartile_per_independent_model,autoresearch_structure_cohort_challenger_shadow,0,0.28,177.602,gyra,HemoPI2-Zenodo-14676712-rf-only-v27,0.18970630018966653,0.28251089202785207,False,False,no_conflict,False,apex;peptiverse
gyra,13,116,39,202647171,autoresearch-rule-crossover-v3,controlled_crossover,ff55487661b010d4e45bcc0249096586ea8d4113aa79391e716109865ab0dc7a,1a602ff6ecff8d0a8f63226d2f46e39bead8faa93ce94426c477d51dba7ae70d,8afbccd440ef3404e99d07c780546ef1ce1a34a8d982a3d8b34c27ecefbd05eb,proposal-43e356057a3ba3dbe3ab,RKKHTGGYDKTRKKRHKADKEHGK,43e356057a3ba3dbe3ab8a9174a733feee593b5dce6649d33c10f07142e71d2c,24.237500,1,0.083333,8.11,false,pending,seqfam80_07fad85014a4a2ba3e5b,KRKKNKGEATSEHRHGKTKGSQRK,40,false,false,2890.28,11.100830078125,0.041666666666666664,0.17789184399792768,0.396,0.446,low,0.315,0.315,Non-Toxin,1.094193696975708,12.422062127138695,1.6569594287463594,45.3899211966249,1.5599033832550049,2.1626758575439453,0.5031869411468506,2.402149200439453,12,true,true,0,false,not_started,0.958726,0.964623,0.970519,3,true,at_or_above_parent_run_top_quartile_per_independent_model,autoresearch_structure_cohort_challenger_shadow,0,0.28,159.905,gyra,HemoPI2-Zenodo-14676712-rf-only-v27,0.18970630018966653,0.28251089202785207,False,False,no_conflict,False,apex;peptiverse
gyra,13,68,23,202631171,autoresearch-rule-crossover-v3,controlled_crossover,bf9cbe24d2452dc9ba0357d26ed955103229a08bd3abe5ee2058d899e5aae98a,1a602ff6ecff8d0a8f63226d2f46e39bead8faa93ce94426c477d51dba7ae70d,18b3a98e785c73d8f11f09a5f36c994a959758fd347c8a19606e07961020c57e,proposal-495c59864b0df54f7e3c,RKKHTLGENTRKRGDRFKHGSQRK,495c59864b0df54f7e3ca9c6efaa1b3b4853fcf22c66bebc66bd19e97cfe72f3,4.108333,1,0.083333,8.071,false,pending,seqfam80_07fad85014a4a2ba3e5b,KRKKNKGEATSEHRHGKTKGSQRK,40,false,false,2921.29,12.003662109375,0.08333333333333333,0.35617406221131825,0.277,0.366,low,0.31,0.0,Non-Toxin,1.0568912029266357,11.399641742104066,1.8049534043067108,63.819501022433606,1.5037181377410889,2.368943214416504,1.02948796749115,2.317716121673584,12,true,true,0,false,not_started,0.943396,0.965802,0.949292,3,true,at_or_above_parent_run_top_quartile_per_independent_model,autoresearch_structure_cohort_challenger_shadow,0,0.28,196.674,gyra,HemoPI2-Zenodo-14676712-rf-only-v27,0.18970630018966653,0.28251089202785207,False,False,no_conflict,False,apex;peptiverse
gyra,13,52,18,202626170,autoresearch-rule-substitution-v3,masked_substitution,e2538f1f98b935d28fb178acddd1cc6857ae57f7f639e14819fad4b91abc2af4,18b3a98e785c73d8f11f09a5f36c994a959758fd347c8a19606e07961020c57e,,proposal-28e4fe955202c8e9bd1d,HFEGNSNHRKYQHFKHGSQRK,28e4fe955202c8e9bd1d34b9081653b8c96de092a36f5cfc10ab1b6037311ee1,-7.319048,1,0.142857,4.154,false,pending,seqfam80_0051e2f144580e8b1165,HFEGNSSHRKYRHFKHGSQRK,43,false,false,2622.83,10.9736328125,0.09523809523809523,0.19585700231285272,0.505,0.455,low,0.305,0.305,Non-Toxin,1.1982202529907227,15.784115601487203,1.8810016768218412,76.03292125845935,1.478068470954895,1.5746245384216309,1.9067589044570923,2.564610481262207,12,true,true,1,false,not_started,0.931604,0.959906,0.971698,3,true,at_or_above_parent_run_top_quartile_per_independent_model,autoresearch_structure_cohort_challenger_shadow,0,0.285,176.491,gyra,HemoPI2-Zenodo-14676712-rf-only-v27,0.19583832451978658,0.28251089202785207,False,False,no_conflict,False,apex;peptiverse
gyra,13,7,3,202611170,autoresearch-rule-substitution-v3,masked_substitution,143b533abb3008ac45d35086a5fcbd1cddc94a67721ea6e221854fe2411b5582,18b3a98e785c73d8f11f09a5f36c994a959758fd347c8a19606e07961020c57e,,proposal-f85985f9b492225b2163,HFEGNSSHRKKQHFKHGSQRK,f85985f9b492225b2163d18390eec98f144576327be6f46642a045ac1bdc431f,13.109524,1,0.095238,5.155,false,pending,seqfam80_0051e2f144580e8b1165,HFEGNSSHRKYRHFKHGSQRK,43,false,false,2560.8,11.56884765625,0.09523809523809523,0.15693194564690208,0.532,0.475,low,0.31,0.31,Non-Toxin,1.0839009284973145,12.131120830839382,2.005233901484432,101.21244155102394,1.156042218208313,1.7445008754730225,2.305414915084839,2.815042495727539,12,true,true,1,false,not_started,0.905660,0.965802,0.971698,3,true,at_or_above_parent_run_top_quartile_per_independent_model,autoresearch_structure_cohort_challenger_shadow,0,0.285,187.602,gyra,HemoPI2-Zenodo-14676712-rf-only-v27,0.19583832451978658,0.28251089202785207,False,False,no_conflict,False,apex;peptiverse
gyra,13,43,15,202623170,autoresearch-rule-substitution-v3,masked_substitution,8dc2370a9121562694922282cb2bf3e887761495ca040ab33e54e33b629e5f17,18b3a98e785c73d8f11f09a5f36c994a959758fd347c8a19606e07961020c57e,,proposal-c206fdfddfd7497fd248,HFEGNSSHRKYQHFKHGSNRK,c206fdfddfd7497fd2489ca4ef19e0b4008ef82f7824d430d891a69f8510b5a1,-7.319048,1,0.142857,4.154,false,pending,seqfam80_0051e2f144580e8b1165,HFEGNSSHRKYRHFKHGSQRK,43,false,false,2581.77,10.9736328125,0.09523809523809523,0.22280906495890823,0.505,0.485,low,0.34,0.34,Non-Toxin,0.924284815788269,8.400106955071513,2.0094296159694647,102.19499246396705,1.4973427057266235,1.6225998401641846,2.223663806915283,2.6941652297973633,12,true,true,2,true,not_started,0.904481,0.968160,0.971698,3,true,at_or_above_parent_run_top_quartile_per_independent_model,autoresearch_structure_cohort_challenger_shadow,0,0.285,174.038,gyra,HemoPI2-Zenodo-14676712-rf-only-v27,0.19583832451978658,0.28251089202785207,False,False,no_conflict,False,apex;peptiverse
gyra,13,67,23,202631170,autoresearch-rule-substitution-v3,masked_substitution,5a513a217dfb88303e99aebbb2c5ac608d24c4c54a8b98d9a59e6f8d1b2679c4,18b3a98e785c73d8f11f09a5f36c994a959758fd347c8a19606e07961020c57e,,proposal-35a3f75d44387b28082f,HFEGNSSHRKYQHFKNGSQRK,35a3f75d44387b28082f9705e52810eab545d6d8e2df3be520d056443018597d,-0.366667,1,0.142857,4.112,false,pending,seqfam80_0051e2f144580e8b1165,HFEGNSSHRKYRHFKHGSQRK,43,false,false,2572.76,10.9736328125,0.09523809523809523,0.24175738831781074,0.475,0.495,low,0.255,0.255,Non-Toxin,1.4081556797027588,25.59503216753272,1.9112066123194849,81.50919656413883,1.1838592290878296,1.9270790815353394,1.9434548616409302,2.5904901027679443,12,true,true,0,false,not_started,0.924528,0.900943,0.971698,3,true,at_or_above_parent_run_top_quartile_per_independent_model,autoresearch_structure_cohort_challenger_shadow,0,0.285,170.282,gyra,HemoPI2-Zenodo-14676712-rf-only-v27,0.19583832451978658,0.28251089202785207,False,False,no_conflict,False,apex;peptiverse
gyra,13,22,8,202616170,autoresearch-rule-substitution-v3,masked_substitution,96317338706f69f90ff03439283df73f840c6a6f73c7ade27b6c90edcf418b52,18b3a98e785c73d8f11f09a5f36c994a959758fd347c8a19606e07961020c57e,,proposal-57981764921fb63ff654,HNEGNSSHRKYQHFKHGSQRK,57981764921fb63ff6544a18cdaea2e539f3ee8d99e97707186fe97bf513a1bb,18.066667,1,0.095238,4.154,false,pending,seqfam80_0051e2f144580e8b1165,HFEGNSSHRKYRHFKHGSQRK,43,false,false,2562.73,10.9736328125,0.047619047619047616,0.30924941477112644,0.455,0.416,low,0.365,0.365,Non-Toxin,1.1611212491989136,14.491763876973963,2.007398233583908,101.7180986470812,1.734589695930481,1.7878837585449219,2.081737756729126,2.4254117012023926,12,true,true,0,false,not_started,0.904481,0.962264,0.971698,3,true,at_or_above_parent_run_top_quartile_per_independent_model,autoresearch_structure_cohort_challenger_shadow,0,0.285,175.467,gyra,HemoPI2-Zenodo-14676712-rf-only-v27,0.19583832451978658,0.28251089202785207,False,False,no_conflict,False,apex;peptiverse
gyra,13,19,7,202615170,autoresearch-rule-substitution-v3,masked_substitution,c9bddc77302de423fe9f5c72d7c43ae1bdba94d93410b122f6bbce7c2552a1d8,18b3a98e785c73d8f11f09a5f36c994a959758fd347c8a19606e07961020c57e,,proposal-b3cf2b511f829ed44e47,HQEGNSSHRKYQHFKHGSQRK,b3cf2b511f829ed44e4787b9cd137076e7dcc905f72de53b585844986bff74ad,15.961905,1,0.095238,4.154,false,pending,seqfam80_0051e2f144580e8b1165,HFEGNSSHRKYRHFKHGSQRK,43,false,false,2576.76,10.9736328125,0.047619047619047616,0.31236033845028127,0.495,0.426,low,0.365,0.365,Non-Toxin,1.0669347047805786,11.666342029902115,1.8701853540473508,74.1626695193871,1.6080065965652466,1.649963617324829,1.9289004802703857,2.2939019203186035,12,true,true,0,false,not_started,0.933962,0.965802,0.971698,3,true,at_or_above_parent_run_top_quartile_per_independent_model,autoresearch_structure_cohort_challenger_shadow,0,0.285,179.893,gyra,HemoPI2-Zenodo-14676712-rf-only-v27,0.19583832451978658,0.28251089202785207,False,False,no_conflict,False,apex;peptiverse
gyra,13,26,9,202617171,autoresearch-rule-crossover-v3,controlled_crossover,13cd1830f7b56b67f54a7af7e253c553a1d2c9a42798aee1eae4fec9b66297ce,68c47925e7b6e9ea5c4df79506c0b8706832906629d7135b6e0495b7fb7c9100,18b3a98e785c73d8f11f09a5f36c994a959758fd347c8a19606e07961020c57e,proposal-07fad85014a4a2ba3e5b,KRKKNKGEATSEHRHGKTKGSQRK,07fad85014a4a2ba3e5b9f0ed62ffecb7f756772adee7696a9bb539b4d0af724,35.891667,1,0.041667,8.071,false,pending,seqfam80_07fad85014a4a2ba3e5b,KRKKNKGEATSEHRHGKTKGSQRK,40,false,false,2777.12,11.607666015625,0.041666666666666664,0.06880210862354937,0.379,0.297,low,0.26,0.0,Non-Toxin,0.9899557828903198,9.771377299248565,1.9013836899002206,79.68630510075452,1.8583319187164307,2.585453510284424,1.0209687948226929,2.140807628631592,12,true,true,1,false,not_started,0.928066,0.968160,0.970519,3,true,at_or_above_parent_run_top_quartile_per_independent_model,autoresearch_structure_cohort_challenger_shadow,0,0.285,185.807,gyra,HemoPI2-Zenodo-14676712-rf-only-v27,0.19583832451978658,0.28251089202785207,False,False,no_conflict,False,apex;peptiverse
gyra,13,15,5,202613172,autoresearch-rule-de-novo-v4,de_novo,56aa32762e067c0bd05ac880934f7c42672ff621eeb090d9615e33ef9efa76ff,,,proposal-7a0b80d8c18a317d4d02,RLGKTKKEGKGKKDARGKHRNKFTKH,7a0b80d8c18a317d4d021865a7dc9e9c64aad3bda60ebb11f4bd1934a53f7d27,3.876923,1,0.115385,10.069,false,pending,seqfam80_7a0b80d8c18a317d4d02,RLGKTKKEGKGKKDARGKHRNKFTKH,1,true,true,3034.54,11.67333984375,0.11538461538461539,0.07708941497278231,0.135,0.416,low,0.38,0.0,Non-Toxin,1.3089908361434937,20.369990954318627,1.8030552523652505,63.54117658739396,2.111227035522461,2.13165020942688,0.8846371173858643,2.0847365856170654,12,true,true,0,false,not_started,0.943396,0.936321,0.654481,2,true,at_or_above_parent_run_top_quartile_per_independent_model,autoresearch_structure_cohort_challenger_shadow,0,0.285,138.344,gyra,HemoPI2-Zenodo-14676712-rf-only-v27,0.19583832451978658,0.28251089202785207,False,False,no_conflict,False,apex;peptiverse
gyra,13,79,27,202635170,autoresearch-rule-substitution-v3,masked_substitution,da9850ddff7b8fbb25ecd3f5beca924b20ef2413e773e66722ec31eb06321a90,18b3a98e785c73d8f11f09a5f36c994a959758fd347c8a19606e07961020c57e,,proposal-62595e21312aae30f883,HFEGNSSHRKYKHFKHGSQRK,62595e21312aae30f88373cca6a753b8c5b6fbb2aa048cfc131ed9aa97cadd6e,1.852381,1,0.142857,5.153,false,pending,seqfam80_0051e2f144580e8b1165,HFEGNSSHRKYRHFKHGSQRK,43,false,false,2595.84,11.1044921875,0.09523809523809523,0.24493028634826416,0.584,0.495,low,0.33,0.33,Non-Toxin,0.6547458171844482,4.515915606059212,1.8843431033015348,76.62016860063747,1.3779828548431396,1.4935269355773926,2.1908183097839355,2.475088119506836,12,true,true,2,true,not_started,0.931604,0.978774,0.972877,3,true,at_or_above_parent_run_top_quartile_per_independent_model,autoresearch_structure_cohort_challenger_shadow,0,0.29,175.941,gyra,HemoPI2-Zenodo-14676712-rf-only-v27,0.20205241684529787,0.28251089202785207,False,False,no_conflict,False,apex;peptiverse
gyra,13,85,29,202637170,autoresearch-rule-substitution-v3,masked_substitution,5c0fd27c6e399c64bfe507413e4b49a2ad2496b204ae59e1ac6c78fa5a88e800,18b3a98e785c73d8f11f09a5f36c994a959758fd347c8a19606e07961020c57e,,proposal-07ce2a3eeb9c2170c414,HFEGNSSHRKYNHFKHGSQRK,07ce2a3eeb9c2170c41492103b69789bb1879175a73cb61b60627596c800ecca,1.852381,1,0.142857,4.154,false,pending,seqfam80_0051e2f144580e8b1165,HFEGNSSHRKYRHFKHGSQRK,43,false,false,2581.77,10.9736328125,0.09523809523809523,0.2217982054089473,0.485,0.485,low,0.3,0.3,Non-Toxin,0.7084755897521973,5.110643530032796,1.8186111343670202,65.85839375993369,1.1808125972747803,1.6651346683502197,2.282379388809204,2.14613676071167,12,true,true,1,false,not_started,0.942217,0.974057,0.971698,3,true,at_or_above_parent_run_top_quartile_per_independent_model,autoresearch_structure_cohort_challenger_shadow,0,0.29,178.032,gyra,HemoPI2-Zenodo-14676712-rf-only-v27,0.20205241684529787,0.28251089202785207,False,False,no_conflict,False,apex;peptiverse
gyra,13,31,11,202619170,autoresearch-rule-substitution-v3,masked_substitution,16d21f61668afdc2bd0c9e5c9ede05aebef77e48fb24d21151b77c3c8de0f3d6,18b3a98e785c73d8f11f09a5f36c994a959758fd347c8a19606e07961020c57e,,proposal-33e304739a8ea8308e29,HFEGNSSHRKYQHKKHGSQRK,33e304739a8ea8308e299e2fda98f67ed38e7f9e2cc83b2b7fbdf85658b636d7,25.223810,1,0.095238,5.153,false,pending,seqfam80_0051e2f144580e8b1165,HFEGNSSHRKYRHFKHGSQRK,43,false,false,2576.8,11.1044921875,0.047619047619047616,0.12982928190168685,0.552,0.475,low,0.29,0.29,Non-Toxin,0.8200910091400146,6.6083191498261495,1.6523947282492628,44.915343795436755,1.2691597938537598,1.50363028049469,1.3019126653671265,2.5349559783935547,12,true,true,2,true,not_started,0.958726,0.971698,0.971698,3,true,at_or_above_parent_run_top_quartile_per_independent_model,autoresearch_structure_cohort_challenger_shadow,0,0.29,179.067,gyra,HemoPI2-Zenodo-14676712-rf-only-v27,0.20205241684529787,0.28251089202785207,False,False,no_conflict,False,apex;peptiverse
gyra,13,34,12,202620170,autoresearch-rule-substitution-v3,masked_substitution,07570b7d9ebf756bc5d6ca5958fec0e1bb7093e4dc50571af01c8bd2cd55349c,18b3a98e785c73d8f11f09a5f36c994a959758fd347c8a19606e07961020c57e,,proposal-a15557e0f65996221111,HFEGNSSHRKYQHNKHGSQRK,a15557e0f6599622111126d3f576187ce3f3c1f13223fb16e3380406f7671071,36.500000,1,0.095238,4.154,false,pending,seqfam80_0051e2f144580e8b1165,HFEGNSSHRKYRHFKHGSQRK,43,false,false,2562.73,10.9736328125,0.047619047619047616,0.1499968774508268,0.478,0.426,low,0.315,0.315,Non-Toxin,1.5174826383590698,32.92172920640355,1.9174079878073287,82.68143162480415,1.3988151550292969,1.6669331789016724,2.1456005573272705,2.4583234786987305,12,true,true,0,false,not_started,0.923349,0.841981,0.971698,3,true,at_or_above_parent_run_top_quartile_per_independent_model,autoresearch_structure_cohort_challenger_shadow,0,0.29,178.072,gyra,HemoPI2-Zenodo-14676712-rf-only-v27,0.20205241684529787,0.28251089202785207,False,False,no_conflict,False,apex;peptiverse
gyra,13,64,22,202630170,autoresearch-rule-substitution-v3,masked_substitution,f1f689ac9bc54ada970a50a3b626f8f62570a24e25f770ba329149f413f1cb43,18b3a98e785c73d8f11f09a5f36c994a959758fd347c8a19606e07961020c57e,,proposal-51184984febbf8d3c84b,HFEGNSSHRKYQNFKHGSQRK,51184984febbf8d3c84bf57c39d08822927b1e4a50555adb83d45d7a551192d4,-0.366667,1,0.142857,4.112,false,pending,seqfam80_0051e2f144580e8b1165,HFEGNSSHRKYRHFKHGSQRK,43,false,false,2572.76,10.9736328125,0.09523809523809523,0.23598326239990275,0.485,0.495,low,0.295,0.295,Non-Toxin,1.158225417137146,14.39545569191614,2.1822148036370708,152.12997841132608,1.574743628501892,1.9849655628204346,2.7310445308685303,2.438115119934082,12,true,true,0,false,not_started,0.814858,0.962264,0.971698,3,true,at_or_above_parent_run_top_quartile_per_independent_model,autoresearch_structure_cohort_challenger_shadow,0,0.29,176.906,gyra,HemoPI2-Zenodo-14676712-rf-only-v27,0.20205241684529787,0.28251089202785207,False,False,no_conflict,False,apex;peptiverse
gyra,13,16,6,202614170,autoresearch-rule-substitution-v3,masked_substitution,452d74562c05eb85e214615082d7820422f5125f4c6cb28878cc8bba97ab3b4f,18b3a98e785c73d8f11f09a5f36c994a959758fd347c8a19606e07961020c57e,,proposal-67882c853baff69f93b1,HSEGNSSHRKYQHFKHGSQRK,67882c853baff69f93b1eda1503349c194a97728bc826c0e5158100ede796e93,15.961905,1,0.095238,4.154,false,pending,seqfam80_0051e2f144580e8b1165,HFEGNSSHRKYRHFKHGSQRK,43,false,false,2535.7,10.9736328125,0.047619047619047616,0.28279233322238867,0.446,0.426,low,0.345,0.345,Non-Toxin,1.3529208898544312,22.538286221996618,1.9589268811034155,90.9760090271354,1.7111822366714478,1.669177532196045,2.0764174461364746,2.378959894180298,12,true,true,0,false,not_started,0.913915,0.923349,0.971698,3,true,at_or_above_parent_run_top_quartile_per_independent_model,autoresearch_structure_cohort_challenger_shadow,0,0.29,183.236,gyra,HemoPI2-Zenodo-14676712-rf-only-v27,0.20205241684529787,0.28251089202785207,False,False,no_conflict,False,apex;peptiverse
gyra,13,56,19,202627171,autoresearch-rule-crossover-v3,controlled_crossover,0a9a7bd01622582fde1251bdc27ca2f474874697145cc26e5aab7d0bdc07d3e2,1a602ff6ecff8d0a8f63226d2f46e39bead8faa93ce94426c477d51dba7ae70d,8afbccd440ef3404e99d07c780546ef1ce1a34a8d982a3d8b34c27ecefbd05eb,proposal-778f91695ff2fedb444c,RKKHTLGENTRKRGDRKAHKEHGK,778f91695ff2fedb444c36a417716f31ae1fd5c3726af95c49e2fdf9b24a7f69,1.995833,1,0.083333,7.113,false,pending,seqfam80_07fad85014a4a2ba3e5b,KRKKNKGEATSEHRHGKTKGSQRK,40,false,false,2868.23,11.49267578125,0.08333333333333333,0.25985549591345797,0.307,0.436,low,0.305,0.0,Non-Toxin,0.9982829093933105,9.960540585335801,2.0325924813123253,107.79347712520641,1.7850570678710938,2.7154548168182373,0.814873456954956,2.815065860748291,12,true,true,1,false,not_started,0.890330,0.968160,0.959906,3,true,at_or_above_parent_run_top_quartile_per_independent_model,autoresearch_structure_cohort_challenger_shadow,0,0.29,179.008,gyra,HemoPI2-Zenodo-14676712-rf-only-v27,0.20205241684529787,0.28251089202785207,False,False,no_conflict,False,apex;peptiverse
gyra,13,111,37,202645172,autoresearch-rule-de-novo-v4,de_novo,c05292072f2c04b6c60c9b023e280837ed26a972a702517a0958235411047a9d,,,proposal-9dc35b67ad6986009964,FEHTSSSQLKLKKATEGKGNKGKGG,9dc35b67ad698600996484d8d74a29008d972fb65d2e488002e1e5b2700279f8,18.228000,1,0.160000,4.029,false,pending,seqfam80_9dc35b67ad6986009964,FEHTSSSQLKLKKATEGKGNKGKGG,1,true,true,2617.92,10.68359375,0.16,0.14551573538393123,0.406,0.248,low,0.325,0.0,Non-Toxin,1.8033725023269653,63.58761005890176,2.0882919830415916,122.54398049140183,1.6674619913101196,2.704646587371826,2.3347818851470947,1.646228313446045,12,true,true,0,false,not_started,0.864387,0.508255,0.970519,2,true,at_or_above_parent_run_top_quartile_per_independent_model,autoresearch_structure_cohort_challenger_shadow,0,0.29,176.368,gyra,HemoPI2-Zenodo-14676712-rf-only-v27,0.20205241684529787,0.28251089202785207,False,False,no_conflict,False,apex;peptiverse
gyra,13,93,31,202639172,autoresearch-rule-de-novo-v4,de_novo,b9278db52e0f381e6a319403198f6d069b1ec236d4a74792d3fa41c025f4c21f,,,proposal-90fa8aa953f7eaf783d5,KKKRKKKKKKENKAGLSKVKTD,90fa8aa953f7eaf783d5f77dfca72a5d8c673a404ff81b54d32ebc2eb1596265,29.959091,1,0.136364,10.984,false,pending,seqfam80_90fa8aa953f7eaf783d5,KKKRKKKKKKENKAGLSKVKTD,1,true,true,2599.18,11.33447265625,0.13636363636363635,0.05652651972743616,0.257,0.475,low,0.395,0.0,Non-Toxin,1.6815208196640015,48.03091052490255,1.4766688970827841,29.968768509516842,1.5797420740127563,1.5192503929138184,0.788684606552124,2.0190508365631104,12,true,true,0,false,not_started,0.969340,0.699292,0.939858,2,true,at_or_above_parent_run_top_quartile_per_independent_model,autoresearch_structure_cohort_challenger_shadow,0,0.29,173.204,gyra,HemoPI2-Zenodo-14676712-rf-only-v27,0.20205241684529787,0.28251089202785207,False,False,no_conflict,False,apex;peptiverse
gyra,13,25,9,202617170,autoresearch-rule-substitution-v3,masked_substitution,0212683ed42635ec5ec035d2f3ad3c26c3738c2c0b78d52f93bffb7db109acc8,18b3a98e785c73d8f11f09a5f36c994a959758fd347c8a19606e07961020c57e,,proposal-2e7667bbdf872a6ce6e2,HKEGNSSHRKYQHFKHGSQRK,2e7667bbdf872a6ce6e2bbd74365acd17e3511807211f0dc1394e24d22ba75c5,18.066667,1,0.095238,5.153,false,pending,seqfam80_0051e2f144580e8b1165,HFEGNSSHRKYRHFKHGSQRK,43,false,false,2576.8,11.1044921875,0.047619047619047616,0.3414480029893374,0.515,0.455,low,0.335,0.335,Non-Toxin,0.9450175762176514,8.810845304265582,1.8509101354644357,70.94309567962306,1.592336654663086,1.622446894645691,1.8272310495376587,2.361666202545166,12,true,true,2,true,not_started,0.938679,0.968160,0.971698,3,true,at_or_above_parent_run_top_quartile_per_independent_model,autoresearch_structure_cohort_challenger_shadow,0,0.295,176.715,gyra,HemoPI2-Zenodo-14676712-rf-only-v27,0.20834730488809883,0.28251089202785207,False,False,no_conflict,False,apex;peptiverse
gyra,13,62,21,202629171,autoresearch-rule-crossover-v3,controlled_crossover,23bcc5fccf50a84fba71e671418428656d545516fa334af224054e2efd1b5591,1a602ff6ecff8d0a8f63226d2f46e39bead8faa93ce94426c477d51dba7ae70d,18b3a98e785c73d8f11f09a5f36c994a959758fd347c8a19606e07961020c57e,proposal-33cbdee754a26d31f218,RKKHTLGENTRKRGDHFKHGSQRK,33cbdee754a26d31f218e6a398a2ad471b3e44d0fe85975ee78d051f3fc47072,2.929167,1,0.083333,7.113,false,pending,seqfam80_07fad85014a4a2ba3e5b,KRKKNKGEATSEHRHGKTKGSQRK,40,false,false,2902.25,11.8046875,0.08333333333333333,0.2990989893421558,0.366,0.366,low,0.335,0.0,Non-Toxin,1.320403814315796,20.912396969868112,1.8212933314450621,66.26639294617176,1.5036731958389282,2.16377592086792,1.1419641971588135,2.475823163986206,12,true,true,0,false,not_started,0.942217,0.935142,0.970519,3,true,at_or_above_parent_run_top_quartile_per_independent_model,autoresearch_structure_cohort_challenger_shadow,0,0.295,181.512,gyra,HemoPI2-Zenodo-14676712-rf-only-v27,0.20834730488809883,0.28251089202785207,False,False,no_conflict,False,apex;peptiverse
gyra,13,28,10,202618170,autoresearch-rule-substitution-v3,masked_substitution,d347007377505ac274ec4da9033597b62e183ac7c4685a3a97416c7133600445,18b3a98e785c73d8f11f09a5f36c994a959758fd347c8a19606e07961020c57e,,proposal-ccb0f4b4f5ce91ec849f,HFEGNSSHRKQQHFKHGSQRK,ccb0f4b4f5ce91ec849f992e2859417b2f9547d7a786f5813ee3bde0e85ae723,22.280952,1,0.095238,4.156,false,pending,seqfam80_0051e2f144580e8b1165,HFEGNSSHRKYRHFKHGSQRK,43,false,false,2560.76,11.4951171875,0.09523809523809523,0.18003916450635873,0.495,0.455,low,0.28,0.28,Non-Toxin,1.0883910655975342,12.257194160185785,2.051845030362036,112.67953091834697,1.399244785308838,1.7696008682250977,2.318772077560425,2.719813823699951,12,true,true,0,false,not_started,0.879717,0.964623,0.971698,3,true,at_or_above_parent_run_top_quartile_per_independent_model,autoresearch_structure_cohort_challenger_shadow,0,0.3,187.998,gyra,HemoPI2-Zenodo-14676712-rf-only-v27,0.2147216673120842,0.28251089202785207,False,False,no_conflict,False,apex;peptiverse
gyra,13,118,40,202648170,autoresearch-rule-substitution-v3,masked_substitution,8b3d8a09ad8c26517e44dade20a0892c1793c675333faee8790011e114aae9ab,18b3a98e785c73d8f11f09a5f36c994a959758fd347c8a19606e07961020c57e,,proposal-443c7eb01f4d004acb17,HFEGNSSHRKYQHFKSGSQRK,443c7eb01f4d004acb17bed70c443a8e2b7fda14c30834b9d36927845a1c17fe,6.790476,1,0.142857,4.112,false,pending,seqfam80_0051e2f144580e8b1165,HFEGNSSHRKYRHFKHGSQRK,43,false,false,2545.74,10.9736328125,0.09523809523809523,0.21361569959858717,0.446,0.485,low,0.245,0.245,Non-Toxin,1.0990337133407593,12.56127470367308,2.01400424034845,103.27714894483603,1.5065280199050903,1.9773576259613037,1.854028582572937,2.718163013458252,12,true,true,0,false,not_started,0.903302,0.964623,0.971698,3,true,at_or_above_parent_run_top_quartile_per_independent_model,autoresearch_structure_cohort_challenger_shadow,0,0.3,180.794,gyra,HemoPI2-Zenodo-14676712-rf-only-v27,0.2147216673120842,0.28251089202785207,False,False,no_conflict,False,apex;peptiverse
gyra,13,65,22,202630171,autoresearch-rule-crossover-v3,controlled_crossover,d0a609fd0223269c7352c1cab08ca2cc8034152f46840ac502ebd2707be31bac,1a602ff6ecff8d0a8f63226d2f46e39bead8faa93ce94426c477d51dba7ae70d,68c47925e7b6e9ea5c4df79506c0b8706832906629d7135b6e0495b7fb7c9100,proposal-9055f4b90683e2481710,RKKHTLGENTREHRHGKTKQKFGK,9055f4b90683e248171056408c2ee87212f7ce8af573c89dd9ba5af6a2666376,3.100000,1,0.083333,7.113,false,pending,seqfam80_07fad85014a4a2ba3e5b,KRKKNKGEATSEHRHGKTKGSQRK,40,false,false,2902.29,11.567626953125,0.08333333333333333,0.07351314506285793,0.376,0.406,low,0.36,0.0,Non-Toxin,1.1772925853729248,15.041549781144665,1.6708729777494766,46.867628387285656,1.3449931144714355,1.9736257791519165,0.9227919578552246,2.4421563148498535,12,true,true,0,false,not_started,0.958726,0.962264,0.970519,3,true,at_or_above_parent_run_top_quartile_per_independent_model,autoresearch_structure_cohort_challenger_shadow,0,0.3,152.132,gyra,HemoPI2-Zenodo-14676712-rf-only-v27,0.2147216673120842,0.28251089202785207,False,False,no_conflict,False,apex;peptiverse
gyra,13,92,31,202639171,autoresearch-rule-crossover-v3,controlled_crossover,f0f5ee224742538927245645eef03dabafb703e948f5b0c73065e8c4333fe1b6,1a602ff6ecff8d0a8f63226d2f46e39bead8faa93ce94426c477d51dba7ae70d,68c47925e7b6e9ea5c4df79506c0b8706832906629d7135b6e0495b7fb7c9100,proposal-98b9108581a8e4a73043,RKKHTLGENTRKRGDRKTKQKFGK,98b9108581a8e4a730431a89f34631db74548c3b0083ea186833447f200db370,12.979167,1,0.083333,9.028,false,pending,seqfam80_07fad85014a4a2ba3e5b,KRKKNKGEATSEHRHGKTKGSQRK,40,false,false,2898.34,11.84912109375,0.08333333333333333,0.24619622854430132,0.277,0.366,low,0.38,0.0,Non-Toxin,1.1048115491867065,12.729505972997837,1.8042052576101362,63.70965563221013,1.3948147296905518,2.25589656829834,1.0573662519454956,2.508812665939331,12,true,true,0,false,not_started,0.943396,0.964623,0.949292,3,true,at_or_above_parent_run_top_quartile_per_independent_model,autoresearch_structure_cohort_challenger_shadow,0,0.3,186.609,gyra,HemoPI2-Zenodo-14676712-rf-only-v27,0.2147216673120842,0.28251089202785207,False,False,no_conflict,False,apex;peptiverse
gyra,13,77,26,202634171,autoresearch-rule-crossover-v3,controlled_crossover,9a7bf3572f38842be40322afb91b0ee024454de1064069c23f8404d4b97166f3,1a602ff6ecff8d0a8f63226d2f46e39bead8faa93ce94426c477d51dba7ae70d,68c47925e7b6e9ea5c4df79506c0b8706832906629d7135b6e0495b7fb7c9100,proposal-e73c3040a9626bba3c2d,RKKHTLGENTRKRGHGKTKQKFGK,e73c3040a9626bba3c2d6f3bf62ec068c3f565dccb2a5818ee05f40f026f5159,8.262500,1,0.083333,9.07,false,pending,seqfam80_07fad85014a4a2ba3e5b,KRKKNKGEATSEHRHGKTKGSQRK,40,false,false,2821.26,11.99462890625,0.08333333333333333,0.13454528323521248,0.277,0.465,low,0.375,0.0,Non-Toxin,1.112628698348999,12.960707167846877,1.7271134740036893,53.34742653288299,1.2483915090560913,1.5515451431274414,1.138634443283081,2.969998598098755,12,true,true,0,false,not_started,0.952830,0.963443,0.949292,3,true,at_or_above_parent_run_top_quartile_per_independent_model,autoresearch_structure_cohort_challenger_shadow,0,0.3,181.657,gyra,HemoPI2-Zenodo-14676712-rf-only-v27,0.2147216673120842,0.28251089202785207,False,False,no_conflict,False,apex;peptiverse
gyra,13,81,27,202635172,autoresearch-rule-de-novo-v4,de_novo,2a9705a3d76ea0ec9ddaa8c2a08704b14ad776e28890c266c8775bf09f6c6ea3,,,proposal-7fd465a0b18c0a459fa2,AHKKEQDTQATKIFHKHFKKRK,7fd465a0b18c0a459fa23337e9097393c3bb9f6beb54e42289c8d47f77f4aed9,33.877273,2,0.227273,6.112,false,pending,seqfam80_7fd465a0b18c0a459fa2,AHKKEQDTQATKIFHKHFKKRK,1,true,true,2735.16,11.049560546875,0.22727272727272727,0.12908331037320622,0.248,0.475,low,0.34,0.34,Non-Toxin,1.8139671087265015,65.15790448818119,2.2895067791445958,194.76314513698625,1.9084978103637695,2.7723398208618164,1.7015100717544556,2.7757246494293213,12,true,true,0,false,not_started,0.761792,0.489387,0.931604,2,true,at_or_above_parent_run_top_quartile_per_independent_model,autoresearch_structure_cohort_challenger_shadow,0,0.3,165.309,gyra,HemoPI2-Zenodo-14676712-rf-only-v27,0.2147216673120842,0.28251089202785207,False,False,no_conflict,False,apex;peptiverse
gyra,13,46,16,202624170,autoresearch-rule-substitution-v3,masked_substitution,97e9d0f3290b470fc5c3f376b259ae5618852d1306e5216b8a7ec0940eb1e4fc,18b3a98e785c73d8f11f09a5f36c994a959758fd347c8a19606e07961020c57e,,proposal-d5ef37114a15bcbac274,HFEGNNSHRKYQHFKHGSQRK,d5ef37114a15bcbac274ed6d5641ddddb2c36d8ec8762708c89e54180a25fe7b,-7.319048,1,0.142857,4.154,false,pending,seqfam80_0051e2f144580e8b1165,HFEGNSSHRKYRHFKHGSQRK,43,false,false,2622.83,10.9736328125,0.09523809523809523,0.235274958807235,0.564,0.495,low,0.28,0.28,Non-Toxin,1.0661264657974243,11.644650702462414,1.8547524181524362,71.5735268762804,1.5969526767730713,1.604465365409851,1.8371132612228394,2.3805198669433594,12,true,true,1,false,not_started,0.938679,0.965802,0.972877,3,true,at_or_above_parent_run_top_quartile_per_independent_model,autoresearch_structure_cohort_challenger_shadow,0,0.305,170.991,gyra,HemoPI2-Zenodo-14676712-rf-only-v27,0.22117413373990175,0.28251089202785207,False,False,no_conflict,False,apex;peptiverse
gyra,13,13,5,202613170,autoresearch-rule-substitution-v3,masked_substitution,cbaa7082cc3f979e3a4f460b0baaf2eea6239fe40a17df10247db0907f30daf0,18b3a98e785c73d8f11f09a5f36c994a959758fd347c8a19606e07961020c57e,,proposal-958909d399f0c3fcb39c,HFEGNSSHRKYQHQKHGSQRK,958909d399f0c3fcb39c73d4450f625cbe429fb0dbfe9e63ae4577bd5210f321,13.947619,1,0.095238,4.154,false,pending,seqfam80_0051e2f144580e8b1165,HFEGNSSHRKYRHFKHGSQRK,43,false,false,2576.76,10.9736328125,0.047619047619047616,0.14780806043697325,0.502,0.455,low,0.305,0.305,Non-Toxin,1.0705695152282715,11.764392760480638,1.722839495848019,52.82499879870169,1.3576620817184448,1.5235259532928467,1.4620890617370605,2.548153877258301,12,true,true,1,false,not_started,0.952830,0.965802,0.971698,3,true,at_or_above_parent_run_top_quartile_per_independent_model,autoresearch_structure_cohort_challenger_shadow,0,0.305,174.454,gyra,HemoPI2-Zenodo-14676712-rf-only-v27,0.22117413373990175,0.28251089202785207,False,False,no_conflict,False,apex;peptiverse
gyra,13,2,1,202609171,autoresearch-rule-crossover-v3,controlled_crossover,d73fb4e236a7fb470dbfd2ea6bde40e03cf6750297dd8ff7ca63395f71ec432b,1a602ff6ecff8d0a8f63226d2f46e39bead8faa93ce94426c477d51dba7ae70d,18b3a98e785c73d8f11f09a5f36c994a959758fd347c8a19606e07961020c57e,proposal-bc993aefa2ace39b423c,RKKHTLGENTRKRGDRKKHGSQRK,bc993aefa2ace39b423c60eb5832cddcfab8513f103be4840a1cf52911a368e9,10.370833,1,0.041667,9.071,false,pending,seqfam80_07fad85014a4a2ba3e5b,KRKKNKGEATSEHRHGKTKGSQRK,40,false,false,2902.29,12.0166015625,0.041666666666666664,0.2737192510096733,0.287,0.485,low,0.305,0.0,Non-Toxin,1.1166419982910156,13.081031705372292,1.7954235280246555,62.434340419742796,1.5935558080673218,2.4199118614196777,0.9937015771865845,2.1745645999908447,12,true,true,0,false,not_started,0.944575,0.963443,0.951651,3,true,at_or_above_parent_run_top_quartile_per_independent_model,autoresearch_structure_cohort_challenger_shadow,0,0.305,198.97,gyra,HemoPI2-Zenodo-14676712-rf-only-v27,0.22117413373990175,0.28251089202785207,False,False,no_conflict,False,apex;peptiverse
gyra,13,4,2,202610170,autoresearch-rule-substitution-v3,masked_substitution,913663ef17e3c9f7a44a444eb502d0c6323bd2e7fd02d1a810fedd482ade2d2d,18b3a98e785c73d8f11f09a5f36c994a959758fd347c8a19606e07961020c57e,,proposal-7974f45e17ad24b30289,HFEGNSSHRKSQHFKHGSQRK,7974f45e17ad24b30289c1ab7fb9fbe2bffe155a0be1278457342778af1da1be,11.023810,1,0.095238,4.156,false,pending,seqfam80_0051e2f144580e8b1165,HFEGNSSHRKYRHFKHGSQRK,43,false,false,2519.7,11.4951171875,0.09523809523809523,0.20602327943463491,0.416,0.495,low,0.29,0.29,Non-Toxin,1.6828068494796753,48.173350116388235,2.001275997550471,100.29424133637025,1.1172150373458862,1.8845579624176025,2.33622145652771,2.667161226272583,12,true,true,0,false,not_started,0.906840,0.698113,0.971698,2,true,at_or_above_parent_run_top_quartile_per_independent_model,autoresearch_structure_cohort_challenger_shadow,0,0.305,190.059,gyra,HemoPI2-Zenodo-14676712-rf-only-v27,0.22117413373990175,0.28251089202785207,False,False,no_conflict,False,apex;peptiverse
gyra,13,113,38,202646171,autoresearch-rule-crossover-v3,controlled_crossover,741516f0e9d611c4030b8625ab7035aa591f2edfe8ab83cbf31f08d9754942e4,68c47925e7b6e9ea5c4df79506c0b8706832906629d7135b6e0495b7fb7c9100,1a602ff6ecff8d0a8f63226d2f46e39bead8faa93ce94426c477d51dba7ae70d,proposal-fe7f8ae0f3e4a12627a2,KRKKNKGEATSEHGDRKAHKKGRG,fe7f8ae0f3e4a12627a236b9ab1e3289f949ce8a1d73448da3298de9c5059ba5,23.029167,1,0.083333,7.071,false,pending,seqfam80_07fad85014a4a2ba3e5b,KRKKNKGEATSEHRHGKTKGSQRK,40,false,false,2704.03,11.279296875,0.08333333333333333,0.3467630967538112,0.347,0.257,low,0.365,0.0,Non-Toxin,1.1557716131210327,14.314349379828519,1.7486718619326531,56.06242274622279,1.6539990901947021,2.6650381088256836,1.1939626932144165,1.4816653728485107,12,true,true,0,false,not_started,0.950472,0.962264,0.966981,3,true,at_or_above_parent_run_top_quartile_per_independent_model,autoresearch_structure_cohort_challenger_shadow,0,0.31,177.046,gyra,HemoPI2-Zenodo-14676712-rf-only-v27,0.2277032848517308,0.28251089202785207,False,False,no_conflict,False,apex;peptiverse
gyra,13,74,25,202633171,autoresearch-rule-crossover-v3,controlled_crossover,969bed27c5b92a79779bbbeeb33f90ef1c9bcc3393c05570a7c91745d31cbcec,1a602ff6ecff8d0a8f63226d2f46e39bead8faa93ce94426c477d51dba7ae70d,18b3a98e785c73d8f11f09a5f36c994a959758fd347c8a19606e07961020c57e,proposal-5742c69ad59595cb2d39,RKKHTLGENTRKRGDRKAHGSQRK,5742c69ad59595cb2d39f4d20bcec3efb0fbdc8cbfe787f03fc9c4472bf906c7,6.833333,1,0.083333,8.071,false,pending,seqfam80_07fad85014a4a2ba3e5b,KRKKNKGEATSEHRHGKTKGSQRK,40,false,false,2845.2,12.003662109375,0.08333333333333333,0.3377086258379028,0.218,0.347,low,0.295,0.0,Non-Toxin,1.3054375648498535,20.20400953733913,1.9540836140602957,89.96707771120948,1.6382406949996948,2.6178178787231445,0.9227107763290405,2.6376354694366455,12,true,true,0,false,not_started,0.913915,0.938679,0.906840,3,true,at_or_above_parent_run_top_quartile_per_independent_model,autoresearch_structure_cohort_challenger_shadow,0,0.31,199.546,gyra,HemoPI2-Zenodo-14676712-rf-only-v27,0.2277032848517308,0.28251089202785207,False,False,no_conflict,False,apex;peptiverse
gyra,13,10,4,202612170,autoresearch-rule-substitution-v3,masked_substitution,d90f118c1b609f3ada343030ca01f3452b6355c03bfd323fae008aea65721347,18b3a98e785c73d8f11f09a5f36c994a959758fd347c8a19606e07961020c57e,,proposal-86b2b4b1589c10128616,HFEGNSSHRKYQHSKHGSQRK,86b2b4b1589c10128616e3ba5445fd22c1a20c3baa8b22bd83a9b92c7601a55a,13.947619,1,0.095238,4.154,false,pending,seqfam80_0051e2f144580e8b1165,HFEGNSSHRKYRHFKHGSQRK,43,false,false,2535.7,10.9736328125,0.047619047619047616,0.17028749890676315,0.413,0.455,low,0.305,0.305,Non-Toxin,1.5719283819198608,37.31886114099174,2.027541011711085,106.54694743474863,1.361248254776001,1.7816964387893677,2.3056721687316895,2.661595582962036,12,true,true,0,false,not_started,0.893868,0.804245,0.970519,3,true,at_or_above_parent_run_top_quartile_per_independent_model,autoresearch_structure_cohort_challenger_shadow,0,0.315,180.28,gyra,HemoPI2-Zenodo-14676712-rf-only-v27,0.23430765256616987,0.28251089202785207,False,False,no_conflict,False,apex;peptiverse
gyra,13,63,21,202629172,autoresearch-rule-de-novo-v4,de_novo,ef921178b85a6b01a3815da022646555f865ee5b2e1f59f8a5435f5ba5da4873,,,proposal-3b619f8915ea23478551,KNHGGTYEHFRKGARKNVKETRKN,3b619f8915ea23478551707a634ec8977e56b9572a5ad481532e84973103759c,-12.012500,1,0.166667,6.07,false,pending,seqfam80_3b619f8915ea23478551,KNHGGTYEHFRKGARKNVKETRKN,1,true,true,2856.17,11.163330078125,0.125,0.4269920497792295,0.287,0.317,low,0.285,0.285,Non-Toxin,0.9884544610977173,9.737656736355486,1.5597213391119968,36.28451639434413,1.1555763483047485,1.9447197914123535,1.0941828489303589,2.044452667236328,12,true,true,1,false,not_started,0.963443,0.968160,0.951651,3,true,at_or_above_parent_run_top_quartile_per_independent_model,autoresearch_structure_cohort_challenger_shadow,0,0.315,169.172,gyra,HemoPI2-Zenodo-14676712-rf-only-v27,0.23430765256616987,0.28251089202785207,False,False,no_conflict,False,apex;peptiverse
gyra,13,5,2,202610171,autoresearch-rule-crossover-v3,controlled_crossover,9156be011890cce75c7cda84c7ae3a80d219561ea8ce15eac92a4c25f207a769,68c47925e7b6e9ea5c4df79506c0b8706832906629d7135b6e0495b7fb7c9100,8afbccd440ef3404e99d07c780546ef1ce1a34a8d982a3d8b34c27ecefbd05eb,proposal-c298bc115339943e7b59,KRKKNKGEATSEHRHGKTDKEHGK,c298bc115339943e7b5932aa96323ba928efc566178f4f2273a2d0b85f9ed098,16.866667,1,0.041667,5.113,false,pending,seqfam80_07fad85014a4a2ba3e5b,KRKKNKGEATSEHRHGKTKGSQRK,40,false,false,2787.07,10.781494140625,0.041666666666666664,0.1633996623152588,0.337,0.307,low,0.29,0.0,Non-Toxin,1.0648202896118164,11.609681076147602,2.297405682324742,198.33788707991994,2.799377918243408,2.8326594829559326,1.1671682596206665,2.390430212020874,12,true,true,0,false,not_started,0.759434,0.965802,0.966981,3,true,at_or_above_parent_run_top_quartile_per_independent_model,autoresearch_structure_cohort_challenger_shadow,0,0.315,181.25,gyra,HemoPI2-Zenodo-14676712-rf-only-v27,0.23430765256616987,0.28251089202785207,False,False,no_conflict,False,apex;peptiverse
gyra,13,82,28,202636170,autoresearch-rule-substitution-v3,masked_substitution,a48b428c36c94ccc5f55ecf0da187b6bb6cc94bc55231ba3e62e3b59fdc2405e,18b3a98e785c73d8f11f09a5f36c994a959758fd347c8a19606e07961020c57e,,proposal-0f190124b9c773e24222,HFEGNSSHRKYSHFKHGSQRK,0f190124b9c773e242225b3da74dff7c6abe77620cee8cf122d64325585c1a7c,1.852381,1,0.142857,4.154,false,pending,seqfam80_0051e2f144580e8b1165,HFEGNSSHRKYRHFKHGSQRK,43,false,false,2554.75,10.9736328125,0.09523809523809523,0.20492281778749183,0.465,0.475,low,0.32,0.32,Non-Toxin,1.010988473892212,10.256247059705268,2.026088283220525,106.19114002136558,1.4871129989624023,1.8207228183746338,2.2009124755859375,2.5956482887268066,12,true,true,0,false,not_started,0.893868,0.968160,0.971698,3,true,at_or_above_parent_run_top_quartile_per_independent_model,autoresearch_structure_cohort_challenger_shadow,0,0.32,184.428,gyra,HemoPI2-Zenodo-14676712-rf-only-v27,0.24098572030325782,0.28251089202785207,False,False,no_conflict,False,apex;peptiverse
gyra,13,84,28,202636172,autoresearch-rule-de-novo-v4,de_novo,c2eb1b45f3600731fb5174ac3c063a672615bb01d17ab3269e26a097dd3b8728,,,proposal-9d324fa800be44d9a399,KDKKKKSQKYGERAKIHKKTKTKST,9d324fa800be44d9a399a52d972f6589ea73c88dbc8b4ea8e401e2bf2370612d,18.508000,1,0.120000,10.024,false,pending,seqfam80_9d324fa800be44d9a399,KDKKKKSQKYGERAKIHKKTKTKST,1,true,true,2975.51,11.0997314453125,0.08,0.14146197686955156,0.317,0.327,low,0.34,0.34,Non-Toxin,1.11834716796875,13.132492697162874,1.9110263800010956,81.47537724521838,1.7851802110671997,2.933046817779541,0.8082140684127808,2.117692232131958,12,true,true,0,false,not_started,0.924528,0.963443,0.959906,3,true,at_or_above_parent_run_top_quartile_per_independent_model,autoresearch_structure_cohort_challenger_shadow,0,0.33,155.369,gyra,HemoPI2-Zenodo-14676712-rf-only-v27,0.2545566491851605,0.28251089202785207,False,False,no_conflict,False,apex;peptiverse
gyra,13,101,34,202642171,autoresearch-rule-crossover-v3,controlled_crossover,a5ae8abfce1b44d1b534612b81d8b08dbde6f131ec1933263e363f902d8c4b3e,68c47925e7b6e9ea5c4df79506c0b8706832906629d7135b6e0495b7fb7c9100,8afbccd440ef3404e99d07c780546ef1ce1a34a8d982a3d8b34c27ecefbd05eb,proposal-d9a9ed0c7e49dc41f8ce,KRKKNKGEATSEHRHGKADKEHGK,d9a9ed0c7e49dc41f8cee60a33c4b29761506a658f4220a3e509482f2be774f7,13.329167,1,0.083333,5.113,false,pending,seqfam80_07fad85014a4a2ba3e5b,KRKKNKGEATSEHRHGKTKGSQRK,40,false,false,2757.04,10.781494140625,0.08333333333333333,0.1738189044490841,0.287,0.327,low,0.29,0.0,Non-Toxin,0.8537732362747192,7.141233543629029,2.0561788452830614,113.80958645899277,1.867049217224121,2.804396390914917,1.0483816862106323,2.5049359798431396,12,true,true,1,false,not_started,0.879717,0.970519,0.951651,3,true,at_or_above_parent_run_top_quartile_per_independent_model,autoresearch_structure_cohort_challenger_shadow,0,0.33,169.076,gyra,HemoPI2-Zenodo-14676712-rf-only-v27,0.2545566491851605,0.28251089202785207,False,False,no_conflict,False,apex;peptiverse
gyra,13,53,18,202626171,autoresearch-rule-crossover-v3,controlled_crossover,91f6659a941778ba211dd2a9fac9361ff162893cc5b9ecd36b6435cfb99dd590,1a602ff6ecff8d0a8f63226d2f46e39bead8faa93ce94426c477d51dba7ae70d,8afbccd440ef3404e99d07c780546ef1ce1a34a8d982a3d8b34c27ecefbd05eb,proposal-fbd3c67ea224d9406d43,RKKHTLGENTRKRGDHKADKEHGK,fbd3c67ea224d9406d436f08e599c125d2bbdafb8b1728841ccc55177fd087e3,1.600000,1,0.083333,5.113,false,pending,seqfam80_07fad85014a4a2ba3e5b,KRKKNKGEATSEHRHGKTKGSQRK,40,false,false,2827.14,10.92041015625,0.08333333333333333,0.18190633049365038,0.257,0.307,low,0.26,0.0,Non-Toxin,0.9930753707885742,9.841818933997317,2.2180401027880667,165.2114347560008,2.347304105758667,2.7012124061584473,1.0270507335662842,2.7966530323028564,12,true,true,1,false,not_started,0.797170,0.968160,0.939858,3,true,at_or_above_parent_run_top_quartile_per_independent_model,autoresearch_structure_cohort_challenger_shadow,0,0.33,156.839,gyra,HemoPI2-Zenodo-14676712-rf-only-v27,0.2545566491851605,0.28251089202785207,False,False,no_conflict,False,apex;peptiverse
gyra,13,32,11,202619171,autoresearch-rule-crossover-v3,controlled_crossover,f6b8d642be4e8f80b059df9f42c92081319510b206472a600d86fa62c7eff1d9,1dfc61b12445c37c7d2707c3d38cf97229fa3d1e1912d3c194ebe86866cdc4f2,1a602ff6ecff8d0a8f63226d2f46e39bead8faa93ce94426c477d51dba7ae70d,proposal-ad64602f93274126eda2,ERDGKNTRKRGDRKAHKKGRG,ad64602f93274126eda202614a771dd0f8c223b80fa39a1a8b1ff27253f03024,8.476190,1,0.047619,7.03,false,pending,seqfam80_07fad85014a4a2ba3e5b,KRKKNKGEATSEHRHGKTKGSQRK,40,false,false,2450.73,11.702392578125,0.047619047619047616,0.47282112593656017,0.347,0.376,low,0.295,0.295,Non-Toxin,1.5039812326431274,31.913999407632748,2.235381256060225,171.94171573184374,2.67600154876709,2.3212149143218994,1.0142451524734497,2.9301323890686035,12,true,true,0,false,not_started,0.792453,0.850236,0.966981,3,true,at_or_above_parent_run_top_quartile_per_independent_model,autoresearch_structure_cohort_challenger_shadow,0,0.335,191.273,gyra,HemoPI2-Zenodo-14676712-rf-only-v27,0.2614462381922722,0.28251089202785207,False,False,no_conflict,False,apex;peptiverse
gyra,13,50,17,202625171,autoresearch-rule-crossover-v3,controlled_crossover,20026ee588e00e3f246bcb2726a937fca2260ef19f72be2350e4833b1472bd3c,1a602ff6ecff8d0a8f63226d2f46e39bead8faa93ce94426c477d51dba7ae70d,8afbccd440ef3404e99d07c780546ef1ce1a34a8d982a3d8b34c27ecefbd05eb,proposal-b02cf7f5388fea58354c,RKKHTLGENTRKRGDRKADKEHGK,b02cf7f5388fea58354c6e05152be974857892e63e98189335d01e45a11e3fb0,-11.408333,1,0.083333,6.072,false,pending,seqfam80_07fad85014a4a2ba3e5b,KRKKNKGEATSEHRHGKTKGSQRK,40,false,false,2846.18,11.180908203125,0.08333333333333333,0.2693948949734258,0.347,0.366,low,0.28,0.0,Non-Toxin,1.1817129850387573,15.19542967780964,2.2558771749661144,180.25078923310087,2.409867286682129,2.8789422512054443,0.9051543474197388,2.829606294631958,12,true,true,0,false,not_started,0.781840,0.961085,0.966981,3,true,at_or_above_parent_run_top_quartile_per_independent_model,autoresearch_structure_cohort_challenger_shadow,0,0.335,158.115,gyra,HemoPI2-Zenodo-14676712-rf-only-v27,0.2614462381922722,0.28251089202785207,False,False,no_conflict,False,apex;peptiverse
gyra,13,109,37,202645170,autoresearch-rule-substitution-v3,masked_substitution,5fce9ee8a6d60e1b9df719362566393917f6d4ef9d9e83c32d955e7fed085e03,18b3a98e785c73d8f11f09a5f36c994a959758fd347c8a19606e07961020c57e,,proposal-465006c730209a21ae0b,HFENNSSHRKYQHFKHGSQRK,465006c730209a21ae0ba2b835131dfc4d0239de009d4c83c98060603c43eeee,5.895238,1,0.142857,4.154,false,pending,seqfam80_0051e2f144580e8b1165,HFEGNSSHRKYRHFKHGSQRK,43,false,false,2652.85,10.9736328125,0.09523809523809523,0.1908752220142136,0.594,0.455,low,0.29,0.29,Non-Toxin,1.4198979139328003,26.296497888788394,1.9591556023106755,91.023934164917,1.3779988288879395,1.8729490041732788,1.9214218854904175,2.6643118858337402,12,true,true,1,false,not_started,0.913915,0.896226,0.972877,3,true,at_or_above_parent_run_top_quartile_per_independent_model,autoresearch_structure_cohort_challenger_shadow,0,0.34,171.713,gyra,HemoPI2-Zenodo-14676712-rf-only-v27,0.26840298404508983,0.28251089202785207,False,False,no_conflict,False,apex;peptiverse
gyra,13,89,30,202638171,autoresearch-rule-crossover-v3,controlled_crossover,f7598d95e124c3a5ec4872bbf44c107a893aaa40530e6ed957d2a18af34698b7,1a602ff6ecff8d0a8f63226d2f46e39bead8faa93ce94426c477d51dba7ae70d,68c47925e7b6e9ea5c4df79506c0b8706832906629d7135b6e0495b7fb7c9100,proposal-b343f36c7445d24f6f25,RKKHTLGENTRKRGDGKTKQKFGK,b343f36c7445d24f6f25b5e7845fa8715df5383ad71df1557e2ef7f6b8dad913,12.583333,1,0.083333,8.028,false,pending,seqfam80_07fad85014a4a2ba3e5b,KRKKNKGEATSEHRHGKTKGSQRK,40,false,false,2799.21,11.607666015625,0.08333333333333333,0.12427787338263742,0.347,0.248,low,0.385,0.0,Non-Toxin,1.3565860986709595,22.72930197919726,1.9241713240587566,83.97912089257744,1.3642253875732422,2.109311580657959,1.1781456470489502,3.045109510421753,12,true,true,0,false,not_started,0.920991,0.923349,0.966981,3,true,at_or_above_parent_run_top_quartile_per_independent_model,autoresearch_structure_cohort_challenger_shadow,0,0.345,172.046,gyra,HemoPI2-Zenodo-14676712-rf-only-v27,0.2754251344803366,0.28251089202785207,False,False,no_conflict,False,apex;peptiverse
gyra,13,102,34,202642172,autoresearch-rule-de-novo-v4,de_novo,2f0688cdb1663080bff65c1a1db9358b14b8a5de0b2ff78a04a0d0c55c39e66c,,,proposal-f6621075ff926fe53a22,TERESKIVTGKLHTRWKKITKKTFS,f6621075ff926fe53a2295d1794b9acd3ce531c6c85b5d59fe82953774811916,26.068000,2,0.240000,6.029,false,pending,seqfam80_f6621075ff926fe53a22,TERESKIVTGKLHTRWKKITKKTFS,1,true,true,3003.51,11.25537109375,0.2,0.3056835144218131,0.099,0.297,low,0.315,0.0,Non-Toxin,1.21082603931427,16.248977574988654,1.906529674567309,80.63612967015415,1.6006624698638916,2.9102954864501953,2.193613052368164,0.9214493632316589,12,true,true,0,false,not_started,0.926887,0.959906,0.497642,2,true,at_or_above_parent_run_top_quartile_per_independent_model,autoresearch_structure_cohort_challenger_shadow,0,0.48,110.352,gyra,HemoPI2-Zenodo-14676712-rf-only-v27,0.482265936039502,0.28251089202785207,True,False,cross_model_disagreement_retained,False,apex;peptiverse
