branch_key,generation,proposal_rank,replicate,seed,operator_id,action_type,action_sha256,forced_family_coverage,source_family_key_80_80,parent_candidate_id,donor_candidate_id,candidate_id,sequence,sequence_sha256,guruprasad_instability_index,maximum_hydrophobic_run,hydrophobic_fraction,net_charge_ph7_4,historical_exact_replay,score_all_status,family_key_80_80,family_representative_sequence,combined_family_size,new_family_relative_to_all_references,diversity_qualified,molecular_weight_da,isoelectric_point,hydrophobic_ratio_modlamp,hydrophobic_moment_eisenberg,macrel_amp_probability,macrel_hemolysis_probability,macrel_hemolysis_label,toxinpred3_ml_score,toxinpred3_hybrid_score,toxinpred3_label,llamp_log10_mic_um,llamp_predicted_mic_um,amp_read_log10_mic_um,amp_read_predicted_mic_um,amp_read_cnn_log10_mic_um,amp_read_transformer_log10_mic_um,amp_read_attention_log10_mic_um,amp_read_lstm_log10_mic_um,formal_metric_count,formal_12_complete,display_eligible,activity_model_support_count,excellent_sequence_stage,structure_md_status,amp_read_log10_mic_um__parent_benefit_percentile,llamp_log10_mic_um__parent_benefit_percentile,macrel_amp_probability__parent_benefit_percentile,activity_model_support_count_calibrated,excellent_sequence_stage_calibrated,activity_support_semantics,activity_support_percentile_semantics,evidence_scope,hemopi2_classification_label,hemopi2_classification_score,hemopi2_hc50_um,target_key,validator_version,calibrated_hemolysis_probability,calibration_risk_threshold,calibration_threshold_exceeded,reported_hc50_below_100_um,challenger_conflict_status,candidate_hard_gate_allowed,missing_verified_runtimes
gyra,32,21,6,20266116,autoresearch-rule-substitution-v3,masked_substitution,39ceff6c40f493d863768ac2ca7d38ecfdc9046f026341886852bd0bb3db29ad,false,seqfam80_ee51c17a3c0c76a623f6,00342e80d29ba0fd35eca1710ddddd3b8e721dbfd009f38c57253e3dc34b21c1,,proposal-9f1f5901876bf505e989,KSQQTTFKFGKNQGTHRKGKR,9f1f5901876bf505e989510edd41483942bf15da0cff71054df5c5ec88dc19d4,22.347619,1,0.095238,7.029,false,pending,seqfam80_0017e4f4887d63088b9a,KSQQTTSKFGANQGTHRFGKR,57,false,false,2462.78,12.220703125,0.09523809523809523,0.0823406553761959,0.356,0.426,low,0.37,0.37,Non-Toxin,1.1889698505401611,15.451471690767455,1.4191805480435629,26.253097293021828,1.2944529056549072,1.489375352859497,1.8979071378707886,0.9949368834495544,12,true,true,0,false,not_started,0.970519,0.959906,0.968160,3,true,at_or_above_parent_run_top_quartile_per_independent_model,exact_parent_empirical_cdf,autoresearch_structure_cohort_challenger_shadow,0,0.215,191.136,gyra,HemoPI2-Zenodo-14676712-rf-only-v27,0.11794918301772803,0.28251089202785207,False,False,no_conflict,False,apex;peptiverse
gyra,32,27,7,20267118,autoresearch-rule-de-novo-v8,de_novo,51f397b5acfc81898d4a055357591be826600e95b69c3bc580e855acf20e5a33,false,,,,proposal-c4656fd4aeddac2765a5,GRTKKTRKRSKKIVSKGKNQH,c4656fd4aeddac2765a5efa68ed42b9f75ca93062083b2d802b3db3755b455d3,26.209524,2,0.095238,10.028,false,pending,seqfam80_c4656fd4aeddac2765a5,GRTKKTRKRSKKIVSKGKNQH,1,true,true,2465.91,12.47412109375,0.09523809523809523,0.28107056765174915,0.406,0.406,low,0.405,0.0,Non-Toxin,1.475591778755188,29.894533365812585,1.8581197411805355,72.13063262071894,1.612260341644287,2.120403289794922,1.3104890584945679,2.389375925064087,12,true,true,0,false,not_started,0.937500,0.869104,0.970519,3,true,at_or_above_parent_run_top_quartile_per_independent_model,exact_parent_empirical_cdf,autoresearch_structure_cohort_challenger_shadow,0,0.225,185.989,gyra,HemoPI2-Zenodo-14676712-rf-only-v27,0.12798588792787716,0.28251089202785207,False,False,no_conflict,False,apex;peptiverse
gyra,32,37,10,20270116,autoresearch-rule-substitution-v3,masked_substitution,94baf587b6246b4cda963d98808a96405ead7d1f798ecc4c9094d2d7e6980db4,false,seqfam80_ee51c17a3c0c76a623f6,00342e80d29ba0fd35eca1710ddddd3b8e721dbfd009f38c57253e3dc34b21c1,,proposal-7c718ef8df3f32389b6d,KSQQTTFKFGQNQGTHRKGKR,7c718ef8df3f32389b6d020965895bc9168424983490e4202ee020bae5317e75,26.390476,1,0.095238,6.029,false,pending,seqfam80_0017e4f4887d63088b9a,KSQQTTSKFGANQGTHRFGKR,57,false,false,2462.73,12.201171875,0.09523809523809523,0.06763332462365079,0.327,0.416,low,0.315,0.315,Non-Toxin,1.3897168636322021,24.531091006106607,1.6235897848432146,42.03294164395335,1.422008752822876,1.6306391954421997,2.4274773597717285,1.0141621828079224,12,true,true,0,false,not_started,0.959906,0.909198,0.964623,3,true,at_or_above_parent_run_top_quartile_per_independent_model,exact_parent_empirical_cdf,autoresearch_structure_cohort_challenger_shadow,0,0.23,195.295,gyra,HemoPI2-Zenodo-14676712-rf-only-v27,0.13314499635951765,0.28251089202785207,False,False,no_conflict,False,apex;peptiverse
gyra,32,10,3,20263117,autoresearch-rule-crossover-v3,controlled_crossover,edbb2b5ecf2e7396511bd0016946c63752adc54c87356a990fdfbe81536bca40,false,seqfam80_07fad85014a4a2ba3e5b,ad64602f93274126eda202614a771dd0f8c223b80fa39a1a8b1ff27253f03024,8764f17c2a1557efafdff92ff6d9beb9f8b2e146c129e2fa267a02a732891868,proposal-f81e7f2c63376e39137a,ERDGKNTRKHRHGKTKKEHGK,f81e7f2c63376e39137a8d1d1875618d5cdfceab0fc8ff91bdb21dff2f7a7a7e,-10.942857,0,0.000000,6.113,false,pending,seqfam80_07fad85014a4a2ba3e5b,KRKKNKGEATSEHRHGKTKGSQRK,22,false,false,2527.81,11.21484375,0.0,0.047209429656408126,0.426,0.465,low,0.33,0.33,Non-Toxin,1.541735291481018,34.812506329592594,2.2062019097356584,160.7688516750281,1.7974019050598145,1.973088026046753,2.129028797149658,2.9253480434417725,12,true,true,0,false,not_started,0.805425,0.827830,0.971698,3,true,at_or_above_parent_run_top_quartile_per_independent_model,exact_parent_empirical_cdf,autoresearch_structure_cohort_challenger_shadow,0,0.25,177.905,gyra,HemoPI2-Zenodo-14676712-rf-only-v27,0.15470268191577455,0.28251089202785207,False,False,no_conflict,False,apex;peptiverse
gyra,32,30,8,20268117,autoresearch-rule-crossover-v3,controlled_crossover,f23901af46a04da6d01194a7eb88c1d1eaaf298b54bbb50192a46ca60f9b7662,false,seqfam80_07fad85014a4a2ba3e5b,ad64602f93274126eda202614a771dd0f8c223b80fa39a1a8b1ff27253f03024,a7bdf27eb7ad2ea8927c694d5a691176f0fc71047d0b1a9b5c9b7713363a8b05,proposal-12def1620ac3f2465ae9,ERDGKNTRKHRHGKTKKKGRG,12def1620ac3f2465ae9bf35b2b9d16b83e4ea604002dfcbcb7788cd6f380655,-6.457143,0,0.000000,8.071,false,pending,seqfam80_07fad85014a4a2ba3e5b,KRKKNKGEATSEHRHGKTKGSQRK,22,false,false,2474.79,11.828125,0.0,0.18439070770144936,0.436,0.386,low,0.35,0.35,Non-Toxin,1.04509699344635,11.094225612201333,1.7293317261725725,53.620607020378706,1.620145320892334,1.7815382480621338,1.1480792760849,2.3676235675811768,12,true,true,0,false,not_started,0.952830,0.965802,0.971698,3,true,at_or_above_parent_run_top_quartile_per_independent_model,exact_parent_empirical_cdf,autoresearch_structure_cohort_challenger_shadow,0,0.255,198.522,gyra,HemoPI2-Zenodo-14676712-rf-only-v27,0.16031830920178972,0.28251089202785207,False,False,no_conflict,False,apex;peptiverse
gyra,32,20,5,20265120,autoresearch-rule-de-novo-v8,de_novo,2d851ccf25b43a8e8c49f37140871709037fd1b1e1d814800264627508100e85,false,,,,proposal-e475a1bfd45df7a6d2a9,KGKRTKGATDGTHGAKSIRKK,e475a1bfd45df7a6d2a947522afdac62881ec6353e03da76dadc80685f1405d0,-4.147619,1,0.142857,7.028,false,pending,seqfam80_e475a1bfd45df7a6d2a9,KGKRTKGATDGTHGAKSIRKK,1,true,true,2225.56,11.67431640625,0.14285714285714285,0.18044621571917918,0.465,0.406,low,0.255,0.255,Non-Toxin,1.4875576496124268,30.729652532459497,1.3190704027287417,20.848288237066495,1.835599660873413,1.7507625818252563,1.19780695438385,0.49203211069107056,12,true,true,0,false,not_started,0.971698,0.858491,0.971698,3,true,at_or_above_parent_run_top_quartile_per_independent_model,exact_parent_empirical_cdf,autoresearch_structure_cohort_challenger_shadow,0,0.265,206.768,gyra,HemoPI2-Zenodo-14676712-rf-only-v27,0.17181462402158107,0.28251089202785207,False,False,no_conflict,False,apex;peptiverse
gyra,32,17,5,20265116,autoresearch-rule-substitution-v3,masked_substitution,29cdcf92418726909fc62c85b138a969b6565018e4d5ef54bcae58cf5355e011,false,seqfam80_ee51c17a3c0c76a623f6,00342e80d29ba0fd35eca1710ddddd3b8e721dbfd009f38c57253e3dc34b21c1,,proposal-77a877a63029aff80e98,KSQQTTFKFGNNQGTHRKGKR,77a877a63029aff80e989dd8575ad820179746a4d3dce5cedd47ffdcd831d418,22.347619,1,0.095238,6.029,false,pending,seqfam80_0017e4f4887d63088b9a,KSQQTTSKFGANQGTHRFGKR,57,false,false,2448.71,12.201171875,0.09523809523809523,0.06671591690014596,0.307,0.376,low,0.295,0.295,Non-Toxin,1.347692847251892,22.26859656093347,1.5219925492663948,33.26538462529179,1.4140677452087402,1.6849040985107422,2.2429258823394775,0.7459869980812073,12,true,true,0,false,not_started,0.966981,0.925708,0.959906,3,true,at_or_above_parent_run_top_quartile_per_independent_model,exact_parent_empirical_cdf,autoresearch_structure_cohort_challenger_shadow,0,0.28,194.945,gyra,HemoPI2-Zenodo-14676712-rf-only-v27,0.18970630018966653,0.28251089202785207,False,False,no_conflict,False,apex;peptiverse
gyra,32,32,8,20268120,autoresearch-rule-de-novo-v8,de_novo,fff66884dec8c342c928d9582610b2ab7b251b9c12e0c99efdf06c841fc8ccf4,false,,,,proposal-328a7e1398233cca9b74,KKEHFNEKKAKEEAKRKKRKVTKHG,328a7e1398233cca9b74e0ecb5c181a71dd737997cf7ebc4710da20823786408,30.616000,1,0.160000,8.07,false,pending,seqfam80_328a7e1398233cca9b74,KKEHFNEKKAKEEAKRKKRKVTKHG,1,true,true,3063.57,11.01171875,0.16,0.3421826380417739,0.376,0.436,low,0.375,0.375,Non-Toxin,1.2885934114456177,19.43539678552828,2.060670833547144,114.99284889330191,1.8034448623657227,2.9099645614624023,0.9696571826934814,2.5596706867218018,12,true,true,0,false,not_started,0.878538,0.943396,0.970519,3,true,at_or_above_parent_run_top_quartile_per_independent_model,exact_parent_empirical_cdf,autoresearch_structure_cohort_challenger_shadow,0,0.29,178.707,gyra,HemoPI2-Zenodo-14676712-rf-only-v27,0.20205241684529787,0.28251089202785207,False,False,no_conflict,False,apex;peptiverse
gyra,32,33,9,20269116,autoresearch-rule-substitution-v3,masked_substitution,472313ac60b1bceb2d881d5fdcfd6e44b1dc5a5a7bc2c1a50251a4a44e321e93,false,seqfam80_ee51c17a3c0c76a623f6,00342e80d29ba0fd35eca1710ddddd3b8e721dbfd009f38c57253e3dc34b21c1,,proposal-bb980fee19f26ec69476,KSQQTTFKFGSNQGTHRKGKR,bb980fee19f26ec69476fef01251d40a0547a4efdd690c7aee09032d6bf3954b,26.390476,1,0.095238,6.029,false,pending,seqfam80_0017e4f4887d63088b9a,KSQQTTSKFGANQGTHRFGKR,57,false,false,2421.68,12.201171875,0.09523809523809523,0.06562106091196807,0.356,0.386,low,0.33,0.33,Non-Toxin,1.2780698537826538,18.970110200428557,1.6963528353884256,49.69959336227664,1.3851994276046753,1.7481579780578613,2.440901279449463,1.2110933065414429,12,true,true,0,false,not_started,0.955189,0.949292,0.968160,3,true,at_or_above_parent_run_top_quartile_per_independent_model,exact_parent_empirical_cdf,autoresearch_structure_cohort_challenger_shadow,0,0.295,201.932,gyra,HemoPI2-Zenodo-14676712-rf-only-v27,0.20834730488809883,0.28251089202785207,False,False,no_conflict,False,apex;peptiverse
gyra,32,18,5,20265117,autoresearch-rule-crossover-v3,controlled_crossover,cb86044caeb552d9aa02b0125658f6b536833cd99f37759da60d54c75502379f,false,seqfam80_07fad85014a4a2ba3e5b,1135e6573234f7cd2c8257a10c55e095e497485958035cdb687cb255bbdb6fdc,c298bc115339943e7b5932aa96323ba928efc566178f4f2273a2d0b85f9ed098,proposal-ab84598eee1380d34417,DKQKKTTRKKHGKTDKEHGK,ab84598eee1380d34417c80a0344c180822f29875b1f2845cad2780e3afb9849,-9.800000,0,0.000000,6.07,false,pending,seqfam80_1135e6573234f7cd2c82,DKQKKTTRKKRHKADKEHGK,21,false,false,2378.7,10.885498046875,0.0,0.2251834613868958,0.386,0.386,low,0.295,0.295,Non-Toxin,1.509844183921814,32.347757889341935,1.86539029910714,73.34834163031952,1.4910956621170044,2.3044819831848145,0.9696723222732544,2.6963934898376465,12,true,true,0,false,not_started,0.936321,0.849057,0.970519,3,true,at_or_above_parent_run_top_quartile_per_independent_model,exact_parent_empirical_cdf,autoresearch_structure_cohort_challenger_shadow,0,0.3,161.047,gyra,HemoPI2-Zenodo-14676712-rf-only-v27,0.2147216673120842,0.28251089202785207,False,False,no_conflict,False,apex;peptiverse
gyra,32,34,9,20269117,autoresearch-rule-crossover-v3,controlled_crossover,5d01a7ec08c02ce4f649a30f981f969a05bdcdc97a4a3793bc2580e8f277af29,false,seqfam80_07fad85014a4a2ba3e5b,1135e6573234f7cd2c8257a10c55e095e497485958035cdb687cb255bbdb6fdc,8764f17c2a1557efafdff92ff6d9beb9f8b2e146c129e2fa267a02a732891868,proposal-959d16b6e482f9fd0685,DKQKKTTRKKHGKTKKEHGK,959d16b6e482f9fd06856c8a02d4a3ee37e358b29d6979fc9f0c4489215a2203,-5.555000,0,0.000000,8.069,false,pending,seqfam80_1135e6573234f7cd2c82,DKQKKTTRKKRHKADKEHGK,21,false,false,2391.79,11.188232421875,0.0,0.21683412477721237,0.446,0.455,low,0.315,0.315,Non-Toxin,1.4637961387634277,29.093511252475956,1.9088718232811308,81.07217479060502,1.4474750757217407,2.1402335166931152,1.124131679534912,2.9237444400787354,12,true,true,0,false,not_started,0.926887,0.875000,0.971698,3,true,at_or_above_parent_run_top_quartile_per_independent_model,exact_parent_empirical_cdf,autoresearch_structure_cohort_challenger_shadow,0,0.3,172.476,gyra,HemoPI2-Zenodo-14676712-rf-only-v27,0.2147216673120842,0.28251089202785207,False,False,no_conflict,False,apex;peptiverse
gyra,32,41,11,20271116,autoresearch-rule-substitution-v3,masked_substitution,77a65ece676a69d12991c634ce64e2b99f2e43916ce47fda024b39c347a9cc72,false,seqfam80_ee51c17a3c0c76a623f6,00342e80d29ba0fd35eca1710ddddd3b8e721dbfd009f38c57253e3dc34b21c1,,proposal-2584242cdf9fac50c3f5,KSQQTTNKFGANQGTHRKGKR,2584242cdf9fac50c3f50b296b3ce3d78551c749020c312705949247c32630f4,27.747619,1,0.095238,6.029,false,pending,seqfam80_0017e4f4887d63088b9a,KSQQTTSKFGANQGTHRFGKR,57,false,false,2372.61,12.201171875,0.09523809523809523,0.12715153683439157,0.317,0.287,low,0.315,0.315,Non-Toxin,1.491700291633606,31.024178581797088,1.5606673212590836,36.36363762707288,1.4765257835388184,1.8831944465637207,2.277310371398926,0.605536937713623,12,true,true,0,false,not_started,0.963443,0.858491,0.959906,3,true,at_or_above_parent_run_top_quartile_per_independent_model,exact_parent_empirical_cdf,autoresearch_structure_cohort_challenger_shadow,0,0.3,205.994,gyra,HemoPI2-Zenodo-14676712-rf-only-v27,0.2147216673120842,0.28251089202785207,False,False,no_conflict,False,apex;peptiverse
gyra,32,19,5,20265118,autoresearch-rule-de-novo-v8,de_novo,183eaa643ea6b95c4b1984caa26c2770348c950af3eafd4e2367338e4d095065,false,,,,proposal-16d4963691e82229f8ed,NTGKIIKFKRKAGRKENKGRHNS,16d4963691e82229f8edaf470ed9ec7cbb0c9b69acbe1b74cd5ac84ea8616772,24.021739,2,0.173913,8.029,false,pending,seqfam80_16d4963691e82229f8ed,NTGKIIKFKRKAGRKENKGRHNS,1,true,true,2668.08,11.97509765625,0.17391304347826086,0.3151688951166955,0.178,0.436,low,0.575,0.075,Non-Toxin,1.5972001552581787,39.55488764623489,1.9629186690001084,91.8160635018953,1.6528522968292236,2.014683246612549,1.2043471336364746,2.9798882007598877,12,true,true,0,false,not_started,0.912736,0.781840,0.829009,3,true,at_or_above_parent_run_top_quartile_per_independent_model,exact_parent_empirical_cdf,autoresearch_structure_cohort_challenger_shadow,0,0.3,156.312,gyra,HemoPI2-Zenodo-14676712-rf-only-v27,0.2147216673120842,0.28251089202785207,False,False,no_conflict,False,apex;peptiverse
gyra,32,38,10,20270117,autoresearch-rule-crossover-v3,controlled_crossover,5967150596950d708717e68abb08165586b48e24b23b5b88dbc0ef484267c81e,false,seqfam80_07fad85014a4a2ba3e5b,ad64602f93274126eda202614a771dd0f8c223b80fa39a1a8b1ff27253f03024,a7bdf27eb7ad2ea8927c694d5a691176f0fc71047d0b1a9b5c9b7713363a8b05,proposal-79e310cea4c1d524dc50,ERDGKNTRKRGHGKTKKKGRG,79e310cea4c1d524dc5062fd0bfdeceb9223d386a86b1ade9a88440a823130bd,-4.147619,0,0.000000,8.029,false,pending,seqfam80_07fad85014a4a2ba3e5b,KRKKNKGEATSEHRHGKTKGSQRK,22,false,false,2394.71,11.828125,0.0,0.3377336423194123,0.426,0.317,low,0.255,0.255,Non-Toxin,1.5862218141555786,38.56752894695016,1.6931887672593702,49.33882098619588,1.8566497564315796,1.9748780727386475,1.054606318473816,1.8866400718688965,12,true,true,0,false,not_started,0.955189,0.791274,0.971698,3,true,at_or_above_parent_run_top_quartile_per_independent_model,exact_parent_empirical_cdf,autoresearch_structure_cohort_challenger_shadow,0,0.305,180.045,gyra,HemoPI2-Zenodo-14676712-rf-only-v27,0.22117413373990175,0.28251089202785207,False,False,no_conflict,False,apex;peptiverse
gyra,32,35,9,20269118,autoresearch-rule-de-novo-v8,de_novo,1db86dc94eef7c385e0264562dc49e2302b62855fb5100550d29a59f7a1b35b8,false,,,,proposal-62f0547206a0eacb5d24,ATQRKERKFKWLKKNKENLWHK,62f0547206a0eacb5d2400c526a8c5dd991acecb48fe4b350c6d8f6a5fdde43f,44.090909,2,0.272727,7.029,false,pending,seqfam80_62f0547206a0eacb5d24,ATQRKERKFKWLKKNKENLWHK,1,true,true,2897.39,11.322265625,0.18181818181818182,0.33594561352082614,0.267,0.426,low,0.535,0.035,Non-Toxin,1.4400776624679565,27.547212707866688,2.0047966491425977,101.11059106013626,2.546980142593384,2.0377326011657715,0.8578821420669556,2.5766489505767822,12,true,true,0,false,not_started,0.905660,0.882075,0.943396,3,true,at_or_above_parent_run_top_quartile_per_independent_model,exact_parent_empirical_cdf,autoresearch_structure_cohort_challenger_shadow,0,0.31,158.133,gyra,HemoPI2-Zenodo-14676712-rf-only-v27,0.2277032848517308,0.28251089202785207,False,False,no_conflict,False,apex;peptiverse
gyra,32,14,4,20264117,autoresearch-rule-crossover-v3,controlled_crossover,f096d8e55d8bc8f7781238e475272a0acccb0e5490c7963d1038a6f94ec632a2,false,seqfam80_07fad85014a4a2ba3e5b,ad64602f93274126eda202614a771dd0f8c223b80fa39a1a8b1ff27253f03024,a7bdf27eb7ad2ea8927c694d5a691176f0fc71047d0b1a9b5c9b7713363a8b05,proposal-b4db125d8c61e7ba0332,ERDGKNTREHRHGKTKKKGRG,b4db125d8c61e7ba0332356b107047cb51137df2e51c5dc5f56c8d2348e79ddb,-10.047619,0,0.000000,6.072,false,pending,seqfam80_07fad85014a4a2ba3e5b,KRKKNKGEATSEHRHGKTKGSQRK,22,false,false,2475.73,11.44580078125,0.0,0.1482395068100957,0.446,0.356,low,0.335,0.335,Non-Toxin,1.3745845556259155,23.691063436540407,1.7024310116888512,50.40005515215535,1.9014390707015991,1.9499516487121582,1.2734829187393188,1.684847354888916,12,true,true,0,false,not_started,0.955189,0.918632,0.971698,3,true,at_or_above_parent_run_top_quartile_per_independent_model,exact_parent_empirical_cdf,autoresearch_structure_cohort_challenger_shadow,0,0.31,166.156,gyra,HemoPI2-Zenodo-14676712-rf-only-v27,0.2277032848517308,0.28251089202785207,False,False,no_conflict,False,apex;peptiverse
gyra,32,4,1,20261120,autoresearch-rule-de-novo-v8,de_novo,5d7ff3be5750bac7c2d2d925205b483bc9054d1f7d382919f662be548bac4a92,false,,,,proposal-c6b82345f0dba75f5924,GENKKGKGKSQKNQRHKGKRARG,c6b82345f0dba75f59240711832c34d9fcb03ef45f0082de313b5eb51281d344,28.682609,1,0.043478,9.028,false,pending,seqfam80_c6b82345f0dba75f5924,GENKKGKGKSQKNQRHKGKRARG,1,true,true,2577.92,11.99462890625,0.043478260869565216,0.15835012603308654,0.208,0.386,low,0.325,0.325,Non-Toxin,1.3740483522415161,23.661831221753562,1.986971780250355,97.04469071338261,1.5571695566177368,2.335236072540283,1.4206846952438354,2.634857654571533,12,true,true,0,false,not_started,0.906840,0.918632,0.892689,3,true,at_or_above_parent_run_top_quartile_per_independent_model,exact_parent_empirical_cdf,autoresearch_structure_cohort_challenger_shadow,0,0.315,150.357,gyra,HemoPI2-Zenodo-14676712-rf-only-v27,0.23430765256616987,0.28251089202785207,False,False,no_conflict,False,apex;peptiverse
gyra,32,1,1,20261116,autoresearch-rule-substitution-v3,masked_substitution,dba479cbd72748dcfdc025c832b74a8545f923e075322f5aaca9b5d799dd8a36,false,seqfam80_ee51c17a3c0c76a623f6,00342e80d29ba0fd35eca1710ddddd3b8e721dbfd009f38c57253e3dc34b21c1,,proposal-a7e6f1d2c0101fb2cd76,KSQQTTFKNGANQGTHRKGKR,a7e6f1d2c0101fb2cd76d2adb2d218f081c8f49b86964105d780661f4f053974,15.190476,1,0.095238,6.029,false,pending,seqfam80_0017e4f4887d63088b9a,KSQQTTSKFGANQGTHRFGKR,57,false,false,2372.61,12.201171875,0.09523809523809523,0.14216586010162113,0.327,0.327,low,0.27,0.27,Non-Toxin,1.5968931913375854,39.526939712546294,1.5518412479808557,35.63208600787651,1.3235623836517334,1.9395421743392944,2.4677741527557373,0.4763716459274292,12,true,true,0,false,not_started,0.964623,0.781840,0.964623,3,true,at_or_above_parent_run_top_quartile_per_independent_model,exact_parent_empirical_cdf,autoresearch_structure_cohort_challenger_shadow,0,0.315,208.18,gyra,HemoPI2-Zenodo-14676712-rf-only-v27,0.23430765256616987,0.28251089202785207,False,False,no_conflict,False,apex;peptiverse
