branch_key,generation,action_type,operator_id,action_sha256,parent_candidate_id,parent_sequence_sha256,parent_sequence,rescue_endpoint,rescue_metric,parent_rescue_metric_value,family_key_80_80,family_representative_sequence,new_family_relative_to_all_references,diversity_qualified,edit_position_1based,edit,sequence,sequence_sha256,candidate_id,guruprasad_instability_index,maximum_hydrophobic_run,hydrophobic_fraction,net_charge_ph7_4,historical_exact_replay,score_all_status,molecular_weight_da,isoelectric_point,hydrophobic_ratio_modlamp,hydrophobic_moment_eisenberg,macrel_amp_probability,macrel_hemolysis_probability,macrel_hemolysis_label,toxinpred3_ml_score,toxinpred3_hybrid_score,toxinpred3_label,amp_read_log10_mic_um,amp_read_predicted_mic_um,amp_read_cnn_log10_mic_um,amp_read_transformer_log10_mic_um,amp_read_attention_log10_mic_um,amp_read_lstm_log10_mic_um,rescue_metric_improvement,safety_hard_gate_pass,rescue_gain_positive,full_score_shortlist
vegfa,27,masked_substitution,autoresearch-amp-read-hydrophobic-rescue-v1,63051f85ac08866596302fe0c3174309eafe4b0569d4612549d377dd3d02fef2,7be9eab26dd3b5157696b430c91e7dc10d825ddc427a8a9b875c679582259a8c,7be9eab26dd3b5157696b430c91e7dc10d825ddc427a8a9b875c679582259a8c,RGRKQSQSKKAKTTGSKKAHVTG,amp-read,amp_read_log10_mic_um,1.8762399631327233,seqfam80_76ccbba180f03569271d,RGRKQSQFKKNKTKGSKKAHVTG,true,true,13,T13I,RGRKQSQSKKAKITGSKKAHVTG,362602d2e3e60dd02ceb4b910e1baa36a95feff8e9184ed7751c7757e3972f89,activity-rescue-362602d2e3e60dd02ceb,44.27826086956524,1,0.17391304347826086,8.028,false,search_prefilter,2481.87,12.2392578125,0.17391304347826086,0.06468439798563422,0.317,0.455,low,0.35,0.35,Non-Toxin,1.3237614188532238,21.07470086028872,1.4383609294891357,2.0766921043395996,1.293958067893982,0.4859541058540344,0.5524785442794995,true,true,true
vegfa,27,masked_substitution,autoresearch-amp-read-hydrophobic-rescue-v1,920c27b7e28f9449f27904c96ac0acd0704835fdb247c50f21272b1184aa73c7,7be9eab26dd3b5157696b430c91e7dc10d825ddc427a8a9b875c679582259a8c,7be9eab26dd3b5157696b430c91e7dc10d825ddc427a8a9b875c679582259a8c,RGRKQSQSKKAKTTGSKKAHVTG,amp-read,amp_read_log10_mic_um,1.8762399631327233,seqfam80_76ccbba180f03569271d,RGRKQSQFKKNKTKGSKKAHVTG,true,true,6,S6W,RGRKQWQSKKAKTTGSKKAHVTG,0982c1c6151d82d6443dfe42b6f4f17c98b9e6f7ab07459c71bd7525a7b77571,activity-rescue-0982c1c6151d82d6443d,20.491304347826087,1,0.17391304347826086,8.028,false,search_prefilter,2568.94,12.2392578125,0.13043478260869565,0.03781905118471138,0.406,0.475,low,0.35,0.0,Non-Toxin,1.34969991490134,22.37174780427755,1.4849190711975098,1.7709381580352783,1.087934136390686,1.054979681968689,0.5265400482313833,true,true,true
vegfa,27,masked_substitution,autoresearch-amp-read-hydrophobic-rescue-v1,c20b9edabd33f6213ec2b77ecbf703a8ee9a46e50e6e620e821ddf306c0ae8a2,7be9eab26dd3b5157696b430c91e7dc10d825ddc427a8a9b875c679582259a8c,7be9eab26dd3b5157696b430c91e7dc10d825ddc427a8a9b875c679582259a8c,RGRKQSQSKKAKTTGSKKAHVTG,amp-read,amp_read_log10_mic_um,1.8762399631327233,seqfam80_76ccbba180f03569271d,RGRKQSQFKKNKTKGSKKAHVTG,true,true,13,T13V,RGRKQSQSKKAKVTGSKKAHVTG,fa14cc74f1d7f87c45bc52da59cb50538523ad1f36234d819be337870d836c9d,activity-rescue-fa14cc74f1d7f87c45bc,40.586956521739154,1,0.17391304347826086,8.028,false,search_prefilter,2467.84,12.2392578125,0.17391304347826086,0.05368431821396956,0.327,0.446,low,0.345,0.345,Non-Toxin,1.3834140774469579,24.177649503447725,1.5361485481262207,2.1686668395996094,1.283759355545044,0.5450016260147095,0.49282588568576546,true,true,true
vegfa,27,masked_substitution,autoresearch-amp-read-hydrophobic-rescue-v1,1300847c3a670e6e2b8b83c39bba0a7fa5329ce7d8d7be36df52a21d77072a32,7be9eab26dd3b5157696b430c91e7dc10d825ddc427a8a9b875c679582259a8c,7be9eab26dd3b5157696b430c91e7dc10d825ddc427a8a9b875c679582259a8c,RGRKQSQSKKAKTTGSKKAHVTG,amp-read,amp_read_log10_mic_um,1.8762399631327233,seqfam80_76ccbba180f03569271d,RGRKQSQFKKNKTKGSKKAHVTG,true,true,5,Q5W,RGRKWSQSKKAKTTGSKKAHVTG,79e724ecb66d0b6bec84c9973cffc5e5bac7463e28abdc59478a7603c9757980,activity-rescue-79e724ecb66d0b6bec84,18.586956521739125,1,0.17391304347826086,8.028,false,search_prefilter,2527.89,12.2392578125,0.13043478260869565,0.10285901838771933,0.416,0.485,low,0.365,0.365,Non-Toxin,1.4509780973095237,28.247375118770858,1.5220974683761597,1.872229814529419,1.163631558418274,1.2459332942962646,0.4252618658231997,true,true,true
vegfa,27,masked_substitution,autoresearch-amp-read-hydrophobic-rescue-v1,814c5d5b542fa822f9553a601c8fbd60bb2370954be6305332a992c21bf67872,7be9eab26dd3b5157696b430c91e7dc10d825ddc427a8a9b875c679582259a8c,7be9eab26dd3b5157696b430c91e7dc10d825ddc427a8a9b875c679582259a8c,RGRKQSQSKKAKTTGSKKAHVTG,amp-read,amp_read_log10_mic_um,1.8762399631327233,seqfam80_76ccbba180f03569271d,RGRKQSQFKKNKTKGSKKAHVTG,true,true,6,S6I,RGRKQIQSKKAKTTGSKKAHVTG,404769dee60bd7d34a2afaa73de8a97c724be4318bf614cdc3b6ec660a4231d7,activity-rescue-404769dee60bd7d34a2a,20.491304347826087,1,0.17391304347826086,8.028,false,search_prefilter,2495.89,12.2392578125,0.17391304347826086,0.05850913646753312,0.337,0.495,low,0.36,0.36,Non-Toxin,1.4714748983524704,29.612488041776743,1.459832787513733,1.903096079826355,1.2847625017166138,1.2381843328475952,0.404765064780253,true,true,true
vegfa,27,masked_substitution,autoresearch-amp-read-hydrophobic-rescue-v1,e2e7f3ccab4dc3a56eeaa47574c775b21842cc461c7a0c144f941e165e4cfb73,7be9eab26dd3b5157696b430c91e7dc10d825ddc427a8a9b875c679582259a8c,7be9eab26dd3b5157696b430c91e7dc10d825ddc427a8a9b875c679582259a8c,RGRKQSQSKKAKTTGSKKAHVTG,amp-read,amp_read_log10_mic_um,1.8762399631327233,seqfam80_76ccbba180f03569271d,RGRKQSQFKKNKTKGSKKAHVTG,true,true,5,Q5F,RGRKFSQSKKAKTTGSKKAHVTG,61490b765bcbc69b5f7aec8ebb3f01c6d5c3cfef3c3530525772b09e85033452,activity-rescue-61490b765bcbc69b5f7a,18.586956521739125,1,0.17391304347826086,8.028,false,search_prefilter,2488.86,12.2392578125,0.17391304347826086,0.11971612926821276,0.426,0.495,low,0.365,0.365,Non-Toxin,1.4718765974054824,29.63989067261039,1.4328864812850952,2.0103976726531982,1.2167545557022095,1.2274439334869385,0.40436336572724096,true,true,true
vegfa,27,masked_substitution,autoresearch-amp-read-hydrophobic-rescue-v1,728d6b2f324b598690c0e76abbc06d8da308bccedb4999c2734b59dbb2cc5296,7be9eab26dd3b5157696b430c91e7dc10d825ddc427a8a9b875c679582259a8c,7be9eab26dd3b5157696b430c91e7dc10d825ddc427a8a9b875c679582259a8c,RGRKQSQSKKAKTTGSKKAHVTG,amp-read,amp_read_log10_mic_um,1.8762399631327233,seqfam80_76ccbba180f03569271d,RGRKQSQFKKNKTKGSKKAHVTG,true,true,14,T14V,RGRKQSQSKKAKTVGSKKAHVTG,7c996b9299ccae2fca195b990e8634cadee215304a96e8eed500942fb8a9311a,activity-rescue-7c996b9299ccae2fca19,47.96956521739131,1,0.17391304347826086,8.028,false,search_prefilter,2467.84,12.2392578125,0.17391304347826086,0.023337395332315203,0.356,0.465,low,0.345,0.345,Non-Toxin,1.4857440403515854,30.601593394499012,1.5659078359603882,2.169674873352051,1.378597617149353,0.8287322521209717,0.390495922781138,true,true,true
vegfa,27,masked_substitution,autoresearch-amp-read-hydrophobic-rescue-v1,109cabce7dceb569386471951a914fa6561b6b17fe07d2b8c292b0fbaf2bc4a6,7be9eab26dd3b5157696b430c91e7dc10d825ddc427a8a9b875c679582259a8c,7be9eab26dd3b5157696b430c91e7dc10d825ddc427a8a9b875c679582259a8c,RGRKQSQSKKAKTTGSKKAHVTG,amp-read,amp_read_log10_mic_um,1.8762399631327233,seqfam80_76ccbba180f03569271d,RGRKQSQFKKNKTKGSKKAHVTG,true,true,16,S16V,RGRKQSQSKKAKTTGVKKAHVTG,41fb1c65ea17a0c484d7dd264ed43fa838f64c889ef4c99a8a4deaffe37995fd,activity-rescue-41fb1c65ea17a0c484d7,46.717391304347835,1,0.17391304347826086,8.028,false,search_prefilter,2481.87,12.2392578125,0.17391304347826086,0.08257919698374633,0.356,0.475,low,0.295,0.295,Non-Toxin,1.488201579264759,30.77524926972981,1.556988000869751,2.0355312824249268,1.1912695169448853,1.1689870357513428,0.3880383838679644,true,true,true
vegfa,27,masked_substitution,autoresearch-amp-read-hydrophobic-rescue-v1,382bab6b040ccdf3c42053b08e0d132f181c07ae0afbf0bd169e798eaa5e27cf,7be9eab26dd3b5157696b430c91e7dc10d825ddc427a8a9b875c679582259a8c,7be9eab26dd3b5157696b430c91e7dc10d825ddc427a8a9b875c679582259a8c,RGRKQSQSKKAKTTGSKKAHVTG,amp-read,amp_read_log10_mic_um,1.8762399631327233,seqfam80_76ccbba180f03569271d,RGRKQSQFKKNKTKGSKKAHVTG,true,true,23,G23W,RGRKQSQSKKAKTTGSKKAHVTW,4782e8cfb9e65bd3283ef14e5bae7b7501322dc50bf0c0737e1d7730c2c77e52,activity-rescue-4782e8cfb9e65bd3283e,45.126086956521746,1,0.17391304347826086,8.028,false,search_prefilter,2598.97,12.2392578125,0.13043478260869565,0.04592570201723486,0.436,0.436,low,0.315,0.315,Non-Toxin,1.4890625536861648,30.836320697806574,1.3774728775024414,2.394594192504883,1.1828263998031616,1.001312255859375,0.38717740944655854,true,true,true
vegfa,27,masked_substitution,autoresearch-amp-read-hydrophobic-rescue-v1,792511ae11c2adc93de11edd42b92a41f18d8c432b5fac17d723a53c06f7512b,7be9eab26dd3b5157696b430c91e7dc10d825ddc427a8a9b875c679582259a8c,7be9eab26dd3b5157696b430c91e7dc10d825ddc427a8a9b875c679582259a8c,RGRKQSQSKKAKTTGSKKAHVTG,amp-read,amp_read_log10_mic_um,1.8762399631327233,seqfam80_76ccbba180f03569271d,RGRKQSQFKKNKTKGSKKAHVTG,true,true,16,S16F,RGRKQSQSKKAKTTGFKKAHVTG,eb364247cbae1b64a06a5d76355f660b4b83c86180034021697246b3305ff6a9,activity-rescue-eb364247cbae1b64a06a,41.43478260869566,1,0.17391304347826086,8.028,false,search_prefilter,2529.91,12.2392578125,0.17391304347826086,0.08678406616035247,0.436,0.475,low,0.36,0.36,Non-Toxin,1.515701050330007,32.786952411758,1.6489826440811157,1.9263923168182373,1.3189184665679932,1.168475866317749,0.3605389128027163,true,true,true
vegfa,27,masked_substitution,autoresearch-amp-read-hydrophobic-rescue-v1,c4bbd264061e684196a5b344f89c5ab4357499b6a760246037f143fd1107ebd2,7be9eab26dd3b5157696b430c91e7dc10d825ddc427a8a9b875c679582259a8c,7be9eab26dd3b5157696b430c91e7dc10d825ddc427a8a9b875c679582259a8c,RGRKQSQSKKAKTTGSKKAHVTG,amp-read,amp_read_log10_mic_um,1.8762399631327233,seqfam80_76ccbba180f03569271d,RGRKQSQFKKNKTKGSKKAHVTG,true,true,8,S8I,RGRKQSQIKKAKTTGSKKAHVTG,d0779aecf1690ca9f70944c76b107b89aa43d5a86ffcd609cbbea6bcbff985a4,activity-rescue-d0779aecf1690ca9f709,25.173913043478272,1,0.17391304347826086,8.028,false,search_prefilter,2495.89,12.2392578125,0.17391304347826086,0.09617325432676245,0.297,0.495,low,0.365,0.365,Non-Toxin,1.5270257474503153,33.653152028924644,1.563279390335083,1.9367259740829468,1.772764801979065,0.8352610468864441,0.34921421568240807,true,true,true
vegfa,27,masked_substitution,autoresearch-amp-read-hydrophobic-rescue-v1,93a4b9bf45c500025cf1b1202f2359ce83ee9decba0f5bfd6b6e5a172d4404ec,7be9eab26dd3b5157696b430c91e7dc10d825ddc427a8a9b875c679582259a8c,7be9eab26dd3b5157696b430c91e7dc10d825ddc427a8a9b875c679582259a8c,RGRKQSQSKKAKTTGSKKAHVTG,amp-read,amp_read_log10_mic_um,1.8762399631327233,seqfam80_76ccbba180f03569271d,RGRKQSQFKKNKTKGSKKAHVTG,true,true,15,G15W,RGRKQSQSKKAKTTWSKKAHVTG,92a3460014a66380925b2f3bc594fc1ae57e2843c51b8c1fb4676f04fa2bc678,activity-rescue-92a3460014a66380925b,45.12608695652175,1,0.17391304347826086,8.028,false,search_prefilter,2598.97,12.2392578125,0.13043478260869565,0.04168036662339931,0.436,0.436,low,0.32,0.32,Non-Toxin,1.593963717019714,39.261213338631535,1.873161792755127,2.20023512840271,1.1243185997009277,1.1781011819839478,0.2822762461130093,true,true,true
vegfa,27,masked_substitution,autoresearch-amp-read-hydrophobic-rescue-v1,d80eccda33a4cb06147197147e7a05ae30d9e599e3c71c601893501b4e822b39,7be9eab26dd3b5157696b430c91e7dc10d825ddc427a8a9b875c679582259a8c,7be9eab26dd3b5157696b430c91e7dc10d825ddc427a8a9b875c679582259a8c,RGRKQSQSKKAKTTGSKKAHVTG,amp-read,amp_read_log10_mic_um,1.8762399631327233,seqfam80_76ccbba180f03569271d,RGRKQSQFKKNKTKGSKKAHVTG,true,true,16,S16L,RGRKQSQSKKAKTTGLKKAHVTG,a922aac9251eed40aa8d465409cf2d9ae07a75fc5fe1aa4b93ebabf2cc5345c1,activity-rescue-a922aac9251eed40aa8d,44.27826086956523,1,0.17391304347826086,8.028,false,search_prefilter,2495.89,12.2392578125,0.17391304347826086,0.08257919698374633,0.347,0.475,low,0.37,0.37,Non-Toxin,1.601072329798336,39.90913637044401,1.6194591522216797,2.0572307109832764,1.2125904560089111,1.515000581741333,0.2751676333343873,true,true,true
vegfa,27,masked_substitution,autoresearch-amp-read-hydrophobic-rescue-v1,427ceeac6d6ea4caca2716baaf9649a9a682637b9713277587f136c3dc50d032,7be9eab26dd3b5157696b430c91e7dc10d825ddc427a8a9b875c679582259a8c,7be9eab26dd3b5157696b430c91e7dc10d825ddc427a8a9b875c679582259a8c,RGRKQSQSKKAKTTGSKKAHVTG,amp-read,amp_read_log10_mic_um,1.8762399631327233,seqfam80_76ccbba180f03569271d,RGRKQSQFKKNKTKGSKKAHVTG,true,true,16,S16Y,RGRKQSQSKKAKTTGYKKAHVTG,face1c6112f0b71c501e04fb1be374373a7c9b5759897e36f48b18f38a65837a,activity-rescue-face1c6112f0b71c501e,44.27826086956524,1,0.17391304347826086,8.026,false,search_prefilter,2545.91,11.6865234375,0.13043478260869565,0.04826891659271154,0.426,0.495,low,0.27,0.27,Non-Toxin,1.6151537148011506,41.22434032898796,1.503349781036377,2.055110454559326,1.3425735235214233,1.5595743656158447,0.2610862483315728,true,true,true
vegfa,27,masked_substitution,autoresearch-amp-read-hydrophobic-rescue-v1,573ea1b4273da1c9e2cf3573db14e3926e58bb67b6c25708cff94921ede711d1,7be9eab26dd3b5157696b430c91e7dc10d825ddc427a8a9b875c679582259a8c,7be9eab26dd3b5157696b430c91e7dc10d825ddc427a8a9b875c679582259a8c,RGRKQSQSKKAKTTGSKKAHVTG,amp-read,amp_read_log10_mic_um,1.8762399631327233,seqfam80_76ccbba180f03569271d,RGRKQSQFKKNKTKGSKKAHVTG,true,true,5,Q5V,RGRKVSQSKKAKTTGSKKAHVTG,4cb2ed3facb339d91ca7e44e14764bb692b666fe110cd9f10fe616273a05dcb2,activity-rescue-4cb2ed3facb339d91ca7,14.895652173913039,1,0.17391304347826086,8.028,false,search_prefilter,2440.81,12.2392578125,0.17391304347826086,0.11539101607249948,0.356,0.495,low,0.34,0.34,Non-Toxin,1.67336349629264,47.13716905534308,1.5754305124282837,2.209024429321289,1.3827332258224487,1.5262508392333984,0.2028764668400833,true,true,true
vegfa,27,masked_substitution,autoresearch-amp-read-hydrophobic-rescue-v1,2a2c9d8e145e5036e663206aa617bc53b1118eecfb36e65c4c0d8df8c214e30b,7be9eab26dd3b5157696b430c91e7dc10d825ddc427a8a9b875c679582259a8c,7be9eab26dd3b5157696b430c91e7dc10d825ddc427a8a9b875c679582259a8c,RGRKQSQSKKAKTTGSKKAHVTG,amp-read,amp_read_log10_mic_um,1.8762399631327233,seqfam80_76ccbba180f03569271d,RGRKQSQFKKNKTKGSKKAHVTG,true,true,13,T13Y,RGRKQSQSKKAKYTGSKKAHVTG,86e7921e39da80f6de23ae8c665f7377c6e0d83c73374c0cc3ddbb7c7b577ed3,activity-rescue-86e7921e39da80f6de23,44.27826086956524,1,0.17391304347826086,8.026,false,search_prefilter,2531.88,11.6865234375,0.13043478260869565,0.03234858673489076,0.426,0.495,low,0.375,0.375,Non-Toxin,1.7427239555905902,55.29985029305028,1.5738215446472168,2.229097366333008,2.2310149669647217,0.936876654624939,0.1335160075421331,true,true,true
vegfa,27,masked_substitution,autoresearch-amp-read-hydrophobic-rescue-v1,a47f637a3635092fac16d2cbd1d18a9bad4db47a1ee4de12e79ebc0c0af33d66,7be9eab26dd3b5157696b430c91e7dc10d825ddc427a8a9b875c679582259a8c,7be9eab26dd3b5157696b430c91e7dc10d825ddc427a8a9b875c679582259a8c,RGRKQSQSKKAKTTGSKKAHVTG,amp-read,amp_read_log10_mic_um,1.8762399631327233,seqfam80_76ccbba180f03569271d,RGRKQSQFKKNKTKGSKKAHVTG,true,true,9,K9W,RGRKQSQSWKAKTTGSKKAHVTG,a11ded923db48aee2520e96c69cc261d8e4812d27da89b594c9673c31d945c59,activity-rescue-a11ded923db48aee2520,47.96956521739131,1,0.17391304347826086,7.029,false,search_prefilter,2527.85,12.220703125,0.13043478260869565,0.11914094061120567,0.475,0.495,low,0.31,0.31,Non-Toxin,1.8118748649260747,64.84475667359335,1.6028285026550293,2.35819935798645,2.8323280811309814,0.45400092005729675,0.0643650982066486,true,true,true
vegfa,27,masked_substitution,autoresearch-amp-read-hydrophobic-rescue-v1,f2103297323b7ec9629f0499b8e3b2c1cac82d80b4d416d47405dffed66a9c96,7be9eab26dd3b5157696b430c91e7dc10d825ddc427a8a9b875c679582259a8c,7be9eab26dd3b5157696b430c91e7dc10d825ddc427a8a9b875c679582259a8c,RGRKQSQSKKAKTTGSKKAHVTG,amp-read,amp_read_log10_mic_um,1.8762399631327233,seqfam80_76ccbba180f03569271d,RGRKQSQFKKNKTKGSKKAHVTG,true,true,17,K17V,RGRKQSQSKKAKTTGSVKAHVTG,22568ba058766a09d63e39bedaf57f37de95368045b54d24c0c13df302ff0559,activity-rescue-22568ba058766a09d63e,46.717391304347835,1,0.17391304347826086,7.029,false,search_prefilter,2440.77,12.220703125,0.17391304347826086,0.0899066601274789,0.396,0.475,low,0.31,0.31,Non-Toxin,1.820325092961929,66.11881980187829,1.844212293624878,2.5726003646850586,1.5549503564834595,1.3094881772994995,0.05591487017079433,true,true,true
vegfa,27,masked_substitution,autoresearch-amp-read-hydrophobic-rescue-v1,92a65f66d71626fcfd088dcc0f0d54a2f1df1388562519828f2a41eacad4cc88,7be9eab26dd3b5157696b430c91e7dc10d825ddc427a8a9b875c679582259a8c,7be9eab26dd3b5157696b430c91e7dc10d825ddc427a8a9b875c679582259a8c,RGRKQSQSKKAKTTGSKKAHVTG,amp-read,amp_read_log10_mic_um,1.8762399631327233,seqfam80_76ccbba180f03569271d,RGRKQSQFKKNKTKGSKKAHVTG,true,true,14,T14Y,RGRKQSQSKKAKTYGSKKAHVTG,84e7805fba0ef5b1e80fd12b16b13c0509069bd4cbfd0f4f2d468a6f2ea6aaee,activity-rescue-84e7805fba0ef5b1e80f,47.96956521739131,1,0.17391304347826086,8.026,false,search_prefilter,2531.88,11.6865234375,0.13043478260869565,0.02040482472643155,0.436,0.485,low,0.33,0.33,Non-Toxin,1.8241049694015583,66.69679565414934,1.8934638500213623,2.180654525756836,1.9793543815612793,1.2428852319717407,0.052134993731165036,true,true,true
vegfa,27,masked_substitution,autoresearch-amp-read-hydrophobic-rescue-v1,898983efe3081d610638bf08ee56fd2b63a868ad1a6012e6ad5e1937706aaa0a,7be9eab26dd3b5157696b430c91e7dc10d825ddc427a8a9b875c679582259a8c,7be9eab26dd3b5157696b430c91e7dc10d825ddc427a8a9b875c679582259a8c,RGRKQSQSKKAKTTGSKKAHVTG,amp-read,amp_read_log10_mic_um,1.8762399631327233,seqfam80_76ccbba180f03569271d,RGRKQSQFKKNKTKGSKKAHVTG,true,true,4,K4A,RGRAQSQSKKAKTTGSKKAHVTG,dfd5bc9408eba876aacc2bfb62d170bfbb2d9a60e46656c72e3815fd3ad34d46,activity-rescue-dfd5bc9408eba876aacc,37.69130434782609,1,0.17391304347826086,7.029,false,search_prefilter,2412.72,12.220703125,0.17391304347826086,0.10371768374288055,0.347,0.475,low,0.32,0.32,Non-Toxin,1.8508109094328868,70.92688870938491,1.657936692237854,2.725388765335083,1.562604546546936,1.4572763442993164,0.0254290536998365,true,true,false
vegfa,27,masked_substitution,autoresearch-amp-read-hydrophobic-rescue-v1,1bd939436d25395a0d9eb6874127bac6a66ace2f9565553129c5238d14cd12d7,7be9eab26dd3b5157696b430c91e7dc10d825ddc427a8a9b875c679582259a8c,7be9eab26dd3b5157696b430c91e7dc10d825ddc427a8a9b875c679582259a8c,RGRKQSQSKKAKTTGSKKAHVTG,amp-read,amp_read_log10_mic_um,1.8762399631327233,seqfam80_76ccbba180f03569271d,RGRKQSQFKKNKTKGSKKAHVTG,true,true,3,R3A,RGAKQSQSKKAKTTGSKKAHVTG,b160811ca72eb2da3b0ab7044dcdeb0d978aa8298bf5eed3ef9478ad1c2e95e5,activity-rescue-b160811ca72eb2da3b0a,44.27826086956522,1,0.17391304347826086,7.028,false,search_prefilter,2384.71,11.861328125,0.17391304347826086,0.1033788841354738,0.337,0.495,low,0.345,0.345,Non-Toxin,1.861927499603946,72.76583203312484,1.6602286100387573,2.572538137435913,1.6467249393463135,1.5681889057159424,0.014312463528777242,true,true,false
vegfa,27,masked_substitution,autoresearch-amp-read-hydrophobic-rescue-v1,ac41bf544cfb6a8e483dc86cc7625c72677d0a10d399499d7e00431f461de4e3,7be9eab26dd3b5157696b430c91e7dc10d825ddc427a8a9b875c679582259a8c,7be9eab26dd3b5157696b430c91e7dc10d825ddc427a8a9b875c679582259a8c,RGRKQSQSKKAKTTGSKKAHVTG,amp-read,amp_read_log10_mic_um,1.8762399631327233,seqfam80_76ccbba180f03569271d,RGRKQSQFKKNKTKGSKKAHVTG,true,true,17,K17A,RGRKQSQSKKAKTTGSAKAHVTG,fefbac7a832ffa2a8171806fad00a19ac4ca49a18b7349617793b1181583eb39,activity-rescue-fefbac7a832ffa2a8171,47.96956521739131,1,0.17391304347826086,7.029,false,search_prefilter,2412.72,12.220703125,0.17391304347826086,0.06971251261890302,0.376,0.465,low,0.36,0.36,Non-Toxin,1.8668468008339179,73.59474432105588,1.7556523084640503,2.5672407150268555,1.6090482473373413,1.5354132652282715,0.00939316229880549,true,true,false
vegfa,27,masked_substitution,autoresearch-amp-read-hydrophobic-rescue-v1,a384f59ea19d6e7d5173d579c5909d90f6365a38e2071a441cc41957eabc4754,7be9eab26dd3b5157696b430c91e7dc10d825ddc427a8a9b875c679582259a8c,7be9eab26dd3b5157696b430c91e7dc10d825ddc427a8a9b875c679582259a8c,RGRKQSQSKKAKTTGSKKAHVTG,amp-read,amp_read_log10_mic_um,1.8762399631327233,seqfam80_76ccbba180f03569271d,RGRKQSQFKKNKTKGSKKAHVTG,true,true,3,R3V,RGVKQSQSKKAKTTGSKKAHVTG,2669d0303a13545f893ed585355084f6384f5c089d57be56ca84e1743ea4228f,activity-rescue-2669d0303a13545f893e,46.717391304347835,1,0.17391304347826086,7.028,false,search_prefilter,2412.76,11.861328125,0.17391304347826086,0.12424760469856617,0.366,0.495,low,0.29,0.29,Non-Toxin,1.9056083395410681,80.46524529325467,1.538397192955017,2.525279998779297,1.656823754310608,1.9019302129745483,-0.029368376408344776,true,false,false
vegfa,27,masked_substitution,autoresearch-amp-read-hydrophobic-rescue-v1,906dc8e650e1f0299c7761432cb263ae17f8563364b8ca974bf0e969243d902f,7be9eab26dd3b5157696b430c91e7dc10d825ddc427a8a9b875c679582259a8c,7be9eab26dd3b5157696b430c91e7dc10d825ddc427a8a9b875c679582259a8c,RGRKQSQSKKAKTTGSKKAHVTG,amp-read,amp_read_log10_mic_um,1.8762399631327233,seqfam80_76ccbba180f03569271d,RGRKQSQFKKNKTKGSKKAHVTG,true,true,18,K18V,RGRKQSQSKKAKTTGSKVAHVTG,cb91d34bcc639bcc15b1935db87d4b7d099b8ef28154768815234ac146ac1f66,activity-rescue-cb91d34bcc639bcc15b1,44.27826086956523,2,0.17391304347826086,7.029,false,search_prefilter,2440.77,12.220703125,0.17391304347826086,0.10184571435065988,0.347,0.495,low,0.29,0.29,Non-Toxin,1.9415112227080833,87.39995775319127,1.7600293159484863,2.6385486125946045,1.945982575416565,1.421431064605713,-0.06527125957535995,true,false,false
vegfa,27,masked_substitution,autoresearch-amp-read-hydrophobic-rescue-v1,dd986c7a5b8eaea1e5a66e467295c0a90cd78bd864fc7cc06afbe7a977a97848,7be9eab26dd3b5157696b430c91e7dc10d825ddc427a8a9b875c679582259a8c,7be9eab26dd3b5157696b430c91e7dc10d825ddc427a8a9b875c679582259a8c,RGRKQSQSKKAKTTGSKKAHVTG,amp-read,amp_read_log10_mic_um,1.8762399631327233,seqfam80_76ccbba180f03569271d,RGRKQSQFKKNKTKGSKKAHVTG,true,true,22,T22Y,RGRKQSQSKKAKTTGSKKAHVYG,2ba8cb93aec480cf72689b1965855d2a308f963de1107ec6bcd1818818d646fd,activity-rescue-2ba8cb93aec480cf7268,48.38260869565218,2,0.17391304347826086,8.026,false,search_prefilter,2531.88,11.6865234375,0.13043478260869565,0.03745337163606811,0.436,0.485,low,0.28,0.28,Non-Toxin,1.994831347605531,98.81692779484123,1.8446557521820068,2.0599405765533447,2.804361581802368,1.2702836990356445,-0.1185913844728077,true,false,false
vegfa,27,masked_substitution,autoresearch-amp-read-hydrophobic-rescue-v1,0e1c0c9583206cd7d3753c8493ee5e28b87e2ca9660113139ebf0a8d554615ae,7be9eab26dd3b5157696b430c91e7dc10d825ddc427a8a9b875c679582259a8c,7be9eab26dd3b5157696b430c91e7dc10d825ddc427a8a9b875c679582259a8c,RGRKQSQSKKAKTTGSKKAHVTG,amp-read,amp_read_log10_mic_um,1.8762399631327233,seqfam80_76ccbba180f03569271d,RGRKQSQFKKNKTKGSKKAHVTG,true,true,17,K17W,RGRKQSQSKKAKTTGSWKAHVTG,ba276ad1c29b497d6c81a3a2e12d49f2e8287ea8b267223c50acb8da44c4c7f7,activity-rescue-ba276ad1c29b497d6c81,47.96956521739131,1,0.17391304347826086,7.029,false,search_prefilter,2527.85,12.220703125,0.13043478260869565,0.07766333853237108,0.465,0.495,low,0.31,0.31,Non-Toxin,2.011783457550875,102.75038493431191,1.7744388580322266,2.4047048091888428,2.137277841567993,1.730678677558899,-0.1355434944181515,true,false,false
vegfa,27,masked_substitution,autoresearch-amp-read-hydrophobic-rescue-v1,8549734b89d7c027cb33b445436e035df6876e10a9a400eddc1b4cd84d931e60,7be9eab26dd3b5157696b430c91e7dc10d825ddc427a8a9b875c679582259a8c,7be9eab26dd3b5157696b430c91e7dc10d825ddc427a8a9b875c679582259a8c,RGRKQSQSKKAKTTGSKKAHVTG,amp-read,amp_read_log10_mic_um,1.8762399631327233,seqfam80_76ccbba180f03569271d,RGRKQSQFKKNKTKGSKKAHVTG,true,true,10,K10A,RGRKQSQSKAAKTTGSKKAHVTG,554d46f6694d53f28b43842cd7f88754bbb35c65fc616172acadfcb07a27496b,activity-rescue-554d46f6694d53f28b43,47.96956521739131,2,0.17391304347826086,7.029,false,search_prefilter,2412.72,12.220703125,0.17391304347826086,0.062314423176976774,0.366,0.465,low,0.325,0.325,Non-Toxin,2.0159496638789176,103.7408169920985,1.6053478717803955,2.504744529724121,2.310152292251587,1.6435105800628662,-0.13970970074619427,true,false,false
vegfa,27,masked_substitution,autoresearch-amp-read-hydrophobic-rescue-v1,589a3a602d22b7b2ec40709502af96144d84f99f0caf312b4485504fc1432163,7be9eab26dd3b5157696b430c91e7dc10d825ddc427a8a9b875c679582259a8c,7be9eab26dd3b5157696b430c91e7dc10d825ddc427a8a9b875c679582259a8c,RGRKQSQSKKAKTTGSKKAHVTG,amp-read,amp_read_log10_mic_um,1.8762399631327233,seqfam80_76ccbba180f03569271d,RGRKQSQFKKNKTKGSKKAHVTG,true,true,12,K12V,RGRKQSQSKKAVTTGSKKAHVTG,113b4c0b98352a5cdd617ce58eca0ce5d5adfef03b5b6b7bcd88d57c279e7b8f,activity-rescue-113b4c0b98352a5cdd61,44.27826086956524,2,0.17391304347826086,7.029,false,search_prefilter,2440.77,12.220703125,0.17391304347826086,0.14532537390681757,0.347,0.485,low,0.245,0.245,Non-Toxin,2.028680918564714,106.82697200754022,1.632785439491272,2.5537400245666504,2.8496007919311523,1.0784944295883179,-0.15244095543199077,true,false,false
vegfa,27,masked_substitution,autoresearch-amp-read-hydrophobic-rescue-v1,29091afe7ddd2a2fa97a8cdb16102f5e6b371676d6d8e2dde9d50e89d27cc4a8,7be9eab26dd3b5157696b430c91e7dc10d825ddc427a8a9b875c679582259a8c,7be9eab26dd3b5157696b430c91e7dc10d825ddc427a8a9b875c679582259a8c,RGRKQSQSKKAKTTGSKKAHVTG,amp-read,amp_read_log10_mic_um,1.8762399631327233,seqfam80_76ccbba180f03569271d,RGRKQSQFKKNKTKGSKKAHVTG,true,true,12,K12L,RGRKQSQSKKALTTGSKKAHVTG,953d8352183d271fe03a63ea05d068903cb1309f97bb29c02645db9fd62ef7ae,activity-rescue-953d8352183d271fe03a,47.96956521739131,2,0.17391304347826086,7.029,false,search_prefilter,2454.8,12.220703125,0.17391304347826086,0.14532537390681757,0.347,0.495,low,0.305,0.0,Non-Toxin,2.037490545470175,109.01607594803002,1.9439489841461182,2.549255132675171,2.9959378242492676,0.6606753468513489,-0.1612505823374515,true,false,false
vegfa,27,masked_substitution,autoresearch-amp-read-hydrophobic-rescue-v1,5dec580c6ef9713eed8f7e8b15d02dafe58cdc547856596aab25bf7c4b4f2e90,7be9eab26dd3b5157696b430c91e7dc10d825ddc427a8a9b875c679582259a8c,7be9eab26dd3b5157696b430c91e7dc10d825ddc427a8a9b875c679582259a8c,RGRKQSQSKKAKTTGSKKAHVTG,amp-read,amp_read_log10_mic_um,1.8762399631327233,seqfam80_76ccbba180f03569271d,RGRKQSQFKKNKTKGSKKAHVTG,true,true,18,K18A,RGRKQSQSKKAKTTGSKAAHVTG,9a932335b5d7a2dcdc321b7a8e9ae560948ab46b7cf3f9001c3d74e224e1932d,activity-rescue-9a932335b5d7a2dcdc32,47.96956521739131,2,0.17391304347826086,7.029,false,search_prefilter,2412.72,12.220703125,0.17391304347826086,0.08201541720184367,0.366,0.465,low,0.325,0.325,Non-Toxin,2.040128696069187,109.68031676772948,1.7387816905975342,2.674916982650757,2.147976875305176,1.5987917184829712,-0.16388873293646355,true,false,false
vegfa,27,masked_substitution,autoresearch-amp-read-hydrophobic-rescue-v1,8f5e55b45f2a8c89c3f09d22876e2b3d4870d6839db8a037391c8d62fd5df99c,7be9eab26dd3b5157696b430c91e7dc10d825ddc427a8a9b875c679582259a8c,7be9eab26dd3b5157696b430c91e7dc10d825ddc427a8a9b875c679582259a8c,RGRKQSQSKKAKTTGSKKAHVTG,amp-read,amp_read_log10_mic_um,1.8762399631327233,seqfam80_76ccbba180f03569271d,RGRKQSQFKKNKTKGSKKAHVTG,true,true,4,K4V,RGRVQSQSKKAKTTGSKKAHVTG,bd62cc1a6e27883456d322a0060f001dd6b4a8e9f5ef8ef15a7cefcf4ec9c37c,activity-rescue-bd62cc1a6e27883456d3,37.69130434782609,1,0.17391304347826086,7.029,false,search_prefilter,2440.77,12.220703125,0.17391304347826086,0.1237579063391866,0.366,0.485,low,0.25,0.25,Non-Toxin,2.074189380977572,118.62859341391103,2.0998642444610596,2.742784023284912,1.779248595237732,1.674820899963379,-0.19794941784484887,true,false,false
vegfa,27,masked_substitution,autoresearch-amp-read-hydrophobic-rescue-v1,f9067ce8a27fd24fddd6654206870b3c248eceb1d7e8b9e0c201afc8817ca191,7be9eab26dd3b5157696b430c91e7dc10d825ddc427a8a9b875c679582259a8c,7be9eab26dd3b5157696b430c91e7dc10d825ddc427a8a9b875c679582259a8c,RGRKQSQSKKAKTTGSKKAHVTG,amp-read,amp_read_log10_mic_um,1.8762399631327233,seqfam80_76ccbba180f03569271d,RGRKQSQFKKNKTKGSKKAHVTG,true,true,10,K10V,RGRKQSQSKVAKTTGSKKAHVTG,c8b9a5ad9cd542932d782fdfee7ad130d7376bf4f5bad7754aa92e43f113f2f1,activity-rescue-c8b9a5ad9cd542932d78,44.27826086956524,2,0.17391304347826086,7.029,false,search_prefilter,2440.77,12.220703125,0.17391304347826086,0.08297776915117996,0.376,0.485,low,0.29,0.29,Non-Toxin,2.08264389944216,120.96059082321881,1.7044707536697388,2.553661584854126,2.861154079437256,1.211193561553955,-0.20640393630943654,true,false,false
vegfa,27,masked_substitution,autoresearch-amp-read-hydrophobic-rescue-v1,04aedee91bcdd0e2b5136d0e0494dc6f59958aaeeea2bdaf00862b86f1432e67,7be9eab26dd3b5157696b430c91e7dc10d825ddc427a8a9b875c679582259a8c,7be9eab26dd3b5157696b430c91e7dc10d825ddc427a8a9b875c679582259a8c,RGRKQSQSKKAKTTGSKKAHVTG,amp-read,amp_read_log10_mic_um,1.8762399631327233,seqfam80_76ccbba180f03569271d,RGRKQSQFKKNKTKGSKKAHVTG,true,true,9,K9A,RGRKQSQSAKAKTTGSKKAHVTG,7e98a1c3e31b8ec3f3da787b5d7219a2f1bb3e766f707fe4a97beffa09feaf87,activity-rescue-7e98a1c3e31b8ec3f3da,47.96956521739131,1,0.17391304347826086,7.029,false,search_prefilter,2412.72,12.220703125,0.17391304347826086,0.11113681168370358,0.376,0.465,low,0.36,0.36,Non-Toxin,2.100123414702977,125.92832150596651,1.696065068244934,2.6794090270996094,2.7012078762054443,1.3237272500991821,-0.22388345157025347,true,false,false
vegfa,27,masked_substitution,autoresearch-amp-read-hydrophobic-rescue-v1,ad41e8c4217af7a704c07fd0c0576cb517ae44bf9c2a2a578b64653e4a57a412,7be9eab26dd3b5157696b430c91e7dc10d825ddc427a8a9b875c679582259a8c,7be9eab26dd3b5157696b430c91e7dc10d825ddc427a8a9b875c679582259a8c,RGRKQSQSKKAKTTGSKKAHVTG,amp-read,amp_read_log10_mic_um,1.8762399631327233,seqfam80_76ccbba180f03569271d,RGRKQSQFKKNKTKGSKKAHVTG,true,true,9,K9V,RGRKQSQSVKAKTTGSKKAHVTG,65bb6c1a8c45508ccffecab89c9ebf1b2c3b991829ab721bf6ef99d16938d08c,activity-rescue-65bb6c1a8c45508ccffe,46.717391304347835,1,0.17391304347826086,7.029,false,search_prefilter,2440.77,12.220703125,0.17391304347826086,0.1314190454293184,0.396,0.475,low,0.31,0.31,Non-Toxin,2.127174790021394,134.02159741413382,1.6254677772521973,2.6652815341949463,3.1793038845062256,1.0385273694992065,-0.25093482688867086,true,false,false
vegfa,27,masked_substitution,autoresearch-amp-read-hydrophobic-rescue-v1,9448ff125878d6a40204741e2602cf1b75e7110899aad749ae03b3ef5bc84f3d,7be9eab26dd3b5157696b430c91e7dc10d825ddc427a8a9b875c679582259a8c,7be9eab26dd3b5157696b430c91e7dc10d825ddc427a8a9b875c679582259a8c,RGRKQSQSKKAKTTGSKKAHVTG,amp-read,amp_read_log10_mic_um,1.8762399631327233,seqfam80_76ccbba180f03569271d,RGRKQSQFKKNKTKGSKKAHVTG,true,true,12,K12A,RGRKQSQSKKAATTGSKKAHVTG,e9c765318f745426fd49d6d1354bc9902b6d1147478e9e804998690f2b7252f9,activity-rescue-e9c765318f745426fd49,47.96956521739131,2,0.17391304347826086,7.029,false,search_prefilter,2412.72,12.220703125,0.17391304347826086,0.12445640853223067,0.366,0.475,low,0.32,0.32,Non-Toxin,2.148641524763732,140.81260235896727,1.67781662940979,2.479525327682495,2.964754819869995,1.47239089012146,-0.2724015616310087,true,false,false
vegfa,27,masked_substitution,autoresearch-amp-read-hydrophobic-rescue-v1,2fec9c00a132a27920cf51c78599852aac776aa6e483cf21a5e3e6dbe0abe2ec,7be9eab26dd3b5157696b430c91e7dc10d825ddc427a8a9b875c679582259a8c,7be9eab26dd3b5157696b430c91e7dc10d825ddc427a8a9b875c679582259a8c,RGRKQSQSKKAKTTGSKKAHVTG,amp-read,amp_read_log10_mic_um,1.8762399631327233,seqfam80_76ccbba180f03569271d,RGRKQSQFKKNKTKGSKKAHVTG,true,true,2,G2Y,RYRKQSQSKKAKTTGSKKAHVTG,7c9a6d5b7048376f843c3736b1966a6c195b6b978e75af73ab59180048d0d962,activity-rescue-7c9a6d5b7048376f843c,41.0304347826087,1,0.17391304347826086,8.026,false,search_prefilter,2575.93,11.6865234375,0.13043478260869565,0.03234819265544533,0.347,0.297,low,0.28,0.28,Non-Toxin,2.290182522178186,195.06642387224124,1.5933386087417603,2.76450777053833,3.1513283252716064,1.6514803171157837,-0.41394255904546284,true,false,false
