branch_key,generation,proposal_rank,replicate,seed,operator_id,action_type,action_sha256,forced_family_coverage,source_family_key_80_80,parent_candidate_id,donor_candidate_id,candidate_id,sequence,sequence_sha256,guruprasad_instability_index,maximum_hydrophobic_run,hydrophobic_fraction,net_charge_ph7_4,historical_exact_replay,score_all_status,family_key_80_80,family_representative_sequence,combined_family_size,new_family_relative_to_all_references,diversity_qualified
vegfa,29,1,1,20261112,autoresearch-rule-substitution-v3,masked_substitution,85467e469292e22897a07f7f3a737b593c0507f3a8c101ad2d6d40f4b24f6299,false,seqfam80_76753f41dee1ea8717f6,02e6e8a9041d1f5e02ded66ace7f1bf8353933cb460554f7d6d4f7827ee851e3,,lineage-4b99df8828f53c5cee8b,KKKGGAEHVHVKKGTNAHVKKSG,4b99df8828f53c5cee8b1908a8c30878e3dcfa629fe2220bfcc36844da49f334,-15.843478,1,0.217391,5.650914,false,pending,seqfam80_013e367fe0f1f7b22b64,KKKGGAEHVHQKKGTVAHVKKSG,65,false,false
vegfa,29,2,1,20261113,autoresearch-rule-crossover-v3,controlled_crossover,cde101eedcbd87980caaf6fb57dce74bb8c9ff601c23f92df12ad48df95c1cad,false,seqfam80_76753f41dee1ea8717f6,1852d0385396cacd5f7d48624e6014bea585ff5066195d0ac9d14496615dbe74,1d4045ee102780188e827660368729f44269e8780200c1bedb280e380f1d5243,lineage-836d8c51b8780f0a9225,KKKGGKEHSGSGNKTGNKTKRKK,836d8c51b8780f0a922550ba1c5a1ec62f1bd5c1b232bbd57cc87be9dd9bca43,27.960870,0,0.000000,8.572625,false,pending,seqfam80_2947921503701248d714,KHKGTREHSGSGNKTGNKTKRKK,7,true,true
vegfa,29,3,1,20261114,autoresearch-rule-de-novo-v6,de_novo,7f4e2f3d3d67f18bc0e32199f00e659680abfdfd74704d04685b7bc3a3c99ef2,false,,,,lineage-6530e54277047308dd3d,LTAAKHSGKVKSSSDTKKRT,6530e54277047308dd3d64a9804110f9f21e118985af69219e5ed1e4cb357d53,27.615000,2,0.200000,4.581973,false,pending,seqfam80_6530e54277047308dd3d,LTAAKHSGKVKSSSDTKKRT,1,true,true
vegfa,29,4,1,20261116,autoresearch-rule-de-novo-v6,de_novo,d2d156744e92e9d4770f8d087a01be30c4959fdc63d3e3ad04432d5d134dbe56,false,,,,lineage-f7257f0517163457eaa2,KQGAFSKGKTRQKKHKKGRASNQT,f7257f0517163457eaa2d19c1fe605f14e3bbd5728cb38ec3c85d5258dcbbd2b,20.033333,2,0.125000,8.576490,false,pending,seqfam80_f7257f0517163457eaa2,KQGAFSKGKTRQKKHKKGRASNQT,1,true,true
vegfa,29,5,2,20262112,autoresearch-rule-substitution-v3,masked_substitution,f4178dfb4765a1b9bff8dfa38cc7f0eded261908e2e02460ffb6a65ce67429c2,false,seqfam80_76753f41dee1ea8717f6,02e6e8a9041d1f5e02ded66ace7f1bf8353933cb460554f7d6d4f7827ee851e3,,lineage-50d203be85bfcc98dda6,KKKGGAEHVHVKKGTQAHVKKSG,50d203be85bfcc98dda67ae7d8d3da70eece263c3b5875d45d8f08cf1ff8bb1c,-12.586957,1,0.217391,5.650914,false,pending,seqfam80_013e367fe0f1f7b22b64,KKKGGAEHVHQKKGTVAHVKKSG,65,false,false
vegfa,29,6,2,20262113,autoresearch-rule-crossover-v3,controlled_crossover,11fb995471c5f7299c1eb9a2d30c25c770568bf09f3e01d0269ff76c8b9e8734,false,seqfam80_04b0574cf070ef8fa337,4fdf4a7cb230cf073e06540b29d2e664ef1c70b4014911561ea80ccb809bb373,1d4045ee102780188e827660368729f44269e8780200c1bedb280e380f1d5243,lineage-a8930d9bcfb4e886f5d7,KHKGTREHHGSGNKTGNKTKRKK,a8930d9bcfb4e886f5d7ba3887be95ac38b4b9ad84695c8b0fb4dc0b9e00d49b,28.382609,0,0.000000,7.650864,false,pending,seqfam80_2947921503701248d714,KHKGTREHSGSGNKTGNKTKRKK,7,true,true
vegfa,29,7,2,20262114,autoresearch-rule-de-novo-v6,de_novo,f9d9b24d0ff3ebc7d1bb53ca7742001917723fad37fe86c152e595fa0aca1a5f,false,,,,lineage-d4a3a7752635b8e3c100,HGSSKTRTGVKGKKKKSLKEVVGA,d4a3a7752635b8e3c10063ef7ed1e44fcabac34addd56f5dadd0ea84374f9ec5,-9.137500,2,0.208333,6.577636,false,pending,seqfam80_d4a3a7752635b8e3c100,HGSSKTRTGVKGKKKKSLKEVVGA,1,true,true
vegfa,29,8,2,20262116,autoresearch-rule-de-novo-v6,de_novo,18d8deefeaaf4cee81d6ba3be9b1ffdd34650c1dcaea12935d9cc2dee3c23d35,false,,,,lineage-9ecd842ce0d07a16ab26,AGKSKVGKKTWKSKWFKKTQK,9ecd842ce0d07a16ab26385ad5018685cb9b5052f42c51a31476029f5a1ac946,-24.552381,2,0.238095,8.585252,false,pending,seqfam80_9ecd842ce0d07a16ab26,AGKSKVGKKTWKSKWFKKTQK,1,true,true
vegfa,29,9,3,20263112,autoresearch-rule-substitution-v3,masked_substitution,b47905af617bbadba277979f423259b0134356a3683deac9a7dca4d819c9d6af,false,seqfam80_76753f41dee1ea8717f6,02e6e8a9041d1f5e02ded66ace7f1bf8353933cb460554f7d6d4f7827ee851e3,,lineage-822b1cd9ee3322dd1745,KKKGGAEHVHVKKGTSAHVKKSG,822b1cd9ee3322dd1745a1083401b8b139ebf75290b8ffb8d7aedb124b04b47f,-9.308696,1,0.217391,5.650914,false,pending,seqfam80_013e367fe0f1f7b22b64,KKKGGAEHVHQKKGTVAHVKKSG,65,false,false
vegfa,29,10,3,20263113,autoresearch-rule-crossover-v3,controlled_crossover,815b7cb8cbd73f386582cbe986cb95d140cd14b98e309050a49ad73569e7bf99,false,seqfam80_76753f41dee1ea8717f6,5d4e76ba153247dded14f70fb89e759b957149b866c1f2d12cb9e60ebb5da81c,1d4045ee102780188e827660368729f44269e8780200c1bedb280e380f1d5243,lineage-809f4fba69685d90ab79,KKNGGREHSGSGNKTGNKTKRKK,809f4fba69685d90ab79f41cde959f0e744cb4c6685f441787a4433a84cc6a01,28.808696,0,0.000000,7.577611,false,pending,seqfam80_2947921503701248d714,KHKGTREHSGSGNKTGNKTKRKK,7,true,true
vegfa,29,11,3,20263114,autoresearch-rule-de-novo-v6,de_novo,68062c1c7800b537bf515a9360a172562f5f8e08c8c5f0d6a549f1b706e9cd6a,false,,,,lineage-0c068dc52ece2bbe1257,KAKKSKTTTHKGKYKHGKENVN,0c068dc52ece2bbe12575a850ae65471073ece048a65bbc335dd8c63e616f714,4.018182,1,0.136364,6.609276,false,pending,seqfam80_0c068dc52ece2bbe1257,KAKKSKTTTHKGKYKHGKENVN,1,true,true
vegfa,29,12,3,20263116,autoresearch-rule-de-novo-v6,de_novo,c0203202c0d885dc20e29a2a4bcb04d7d42c0cdd6c9b3f04c4980e172285cea0,false,,,,lineage-bc6123df9fe2e8c397fa,AKGKGRTKEQSTSIKRKGGKKTKK,bc6123df9fe2e8c397fa5b49a04ff3597f4e6ec99aa04c8b9ebff7b41420947d,33.416667,1,0.083333,9.586322,false,pending,seqfam80_bc6123df9fe2e8c397fa,AKGKGRTKEQSTSIKRKGGKKTKK,1,true,true
vegfa,29,13,4,20264112,autoresearch-rule-substitution-v3,masked_substitution,9160790bee6f024126f84028fc58d5ce21b7a42d2ed4bb2e7261a51ec3ecfd00,false,seqfam80_76753f41dee1ea8717f6,02e6e8a9041d1f5e02ded66ace7f1bf8353933cb460554f7d6d4f7827ee851e3,,lineage-e4939fc755cc74d63cd7,KKKGGAEHVHVKKGTKAHVKKSG,e4939fc755cc74d63cd72a64537b1b75629249040aeda1d52e108991e6b9b1b8,-9.308696,1,0.217391,6.648408,false,pending,seqfam80_013e367fe0f1f7b22b64,KKKGGAEHVHQKKGTVAHVKKSG,65,false,false
vegfa,29,14,4,20264113,autoresearch-rule-crossover-v3,controlled_crossover,7dc0e0f505c0db6341ecb235797fd6a602d301aa9a511c9e8a239e2de038c313,false,seqfam80_76753f41dee1ea8717f6,089615c18ff5e7154002281ce8551355e55752ccffeaf8b8dce9ed39ad295f5e,1d4045ee102780188e827660368729f44269e8780200c1bedb280e380f1d5243,lineage-d5b9207f2a940a92115c,KKKGGREHSGSGNKTGNKTKRKK,d5b9207f2a940a92115c524e4af38018788435dcc24dcb70675b365809f5b209,31.652174,0,0.000000,8.575105,false,pending,seqfam80_2947921503701248d714,KHKGTREHSGSGNKTGNKTKRKK,7,true,true
vegfa,29,15,4,20264114,autoresearch-rule-de-novo-v6,de_novo,8c7a08a41f39275fc5cf487edc4682e9ec0379b5941ab48a8263a91cb41d00a6,false,,,,lineage-c6c173f7f64c369d2268,RKKKAKQKGKKSLKEKWAGRTEK,c6c173f7f64c369d22689026b366d23c807fa2412f1e401caf20f92ee7fd4513,10.608696,2,0.173913,9.534588,false,pending,seqfam80_c6c173f7f64c369d2268,RKKKAKQKGKKSLKEKWAGRTEK,1,true,true
vegfa,29,16,4,20264116,autoresearch-rule-de-novo-v6,de_novo,d4d3c98891c7a0c03b943632bfcac32371c3c138b00e4c85aaa46c2d11633d95,false,,,,lineage-17cbd9d4117e681034cf,DKRKKKFKWKGKESTGHDGVHDSNN,17cbd9d4117e681034cf58c5f33881d4a8400889c915bfd13631d1f35df878e0,18.452000,1,0.120000,3.615602,false,pending,seqfam80_17cbd9d4117e681034cf,DKRKKKFKWKGKESTGHDGVHDSNN,1,true,true
vegfa,29,17,5,20265112,autoresearch-rule-substitution-v3,masked_substitution,7fab9194a64b11b8fea5988fe182edb12a946f9314a8197164f6ab5e4aa56146,false,seqfam80_76753f41dee1ea8717f6,02e6e8a9041d1f5e02ded66ace7f1bf8353933cb460554f7d6d4f7827ee851e3,,lineage-43e75a5295572de97aec,KKKGGAEHVHVKKGTVKHVKKSG,43e75a5295572de97aec002475d8d9688ae91b308d47809c2db7e787a952e80c,-6.869565,1,0.217391,6.648408,false,pending,seqfam80_013e367fe0f1f7b22b64,KKKGGAEHVHQKKGTVAHVKKSG,65,false,false
vegfa,29,18,5,20265113,autoresearch-rule-crossover-v3,controlled_crossover,d2de04475fbaaf8850bba7e154f346c0c3108e73d03f1213b925043b5759318d,false,seqfam80_76753f41dee1ea8717f6,5bb1620e8df9873d69294786b12a4a564aac84f6200820fd0e4b0dc2f39982d4,1d4045ee102780188e827660368729f44269e8780200c1bedb280e380f1d5243,lineage-cd3eb159c512b653eb2c,KKKGGHEHSGSGNKTGNKTKRKK,cd3eb159c512b653eb2cdbe4455e71c70ec4b0a48dea31ac36a861ce38064704,31.652174,0,0.000000,7.611757,false,pending,seqfam80_2947921503701248d714,KHKGTREHSGSGNKTGNKTKRKK,7,true,true
vegfa,29,19,5,20265114,autoresearch-rule-de-novo-v6,de_novo,2bc7fb8c2a19a45308d0f2fc4e213700196f090ac97eb18b0c266dc95256cc1e,false,,,,lineage-a758858058e252dfa73b,GVSKKQVQKGNGFGSDKKNKSGKKKA,a758858058e252dfa73bbe7e7e2e7308ed5fac21d782706a63e78557c122ac4a,6.073077,1,0.153846,7.535349,false,pending,seqfam80_a758858058e252dfa73b,GVSKKQVQKGNGFGSDKKNKSGKKKA,1,true,true
vegfa,29,20,5,20265116,autoresearch-rule-de-novo-v6,de_novo,26bad5d91ba190f3fc5091678d516293194185bb77823797bca159ee0413eae0,false,,,,lineage-c70cd13a48c4633ea501,GHRKSKGQTKSIHKGTQKGGSN,c70cd13a48c4633ea50128942e9eca685789d34af756c5ad51cc8e418d121476,12.663636,1,0.045455,5.618153,false,pending,seqfam80_c70cd13a48c4633ea501,GHRKSKGQTKSIHKGTQKGGSN,1,true,true
vegfa,29,21,6,20266112,autoresearch-rule-substitution-v3,masked_substitution,949bf2c74a4f0d27435b8465caf12b2bf9bc280acf22be3267b473a1daca45ba,false,seqfam80_76753f41dee1ea8717f6,02e6e8a9041d1f5e02ded66ace7f1bf8353933cb460554f7d6d4f7827ee851e3,,lineage-dafd21d35303e200680a,KKKGGAEHVHVKKGTVNHVKKSG,dafd21d35303e200680ab932c29a133a845c8805fe2c804b2dec95f0f3e95971,-5.617391,1,0.217391,5.650914,false,pending,seqfam80_013e367fe0f1f7b22b64,KKKGGAEHVHQKKGTVAHVKKSG,65,false,false
vegfa,29,22,6,20266113,autoresearch-rule-crossover-v3,controlled_crossover,f392a62b4d9bd48b1a93b49a90ba86ec01d0e4b4fdb695505d468dc8d84919b0,false,seqfam80_04b0574cf070ef8fa337,4fdf4a7cb230cf073e06540b29d2e664ef1c70b4014911561ea80ccb809bb373,1d4045ee102780188e827660368729f44269e8780200c1bedb280e380f1d5243,lineage-2947921503701248d714,KHKGTREHSGSGNKTGNKTKRKK,2947921503701248d71487d213d0d579c148f59be0855a10f613e1679f65c6c1,32.891304,0,0.000000,7.614237,false,pending,seqfam80_2947921503701248d714,KHKGTREHSGSGNKTGNKTKRKK,7,true,true
vegfa,29,23,6,20266114,autoresearch-rule-de-novo-v6,de_novo,01e5919fe2382e0849ad382e83fbc50697a6f71f2c4851744617718211004fe3,false,,,,lineage-4cdf49f7107dcf68f26e,FQKVAHHGKKKKKNKVKRKQ,4cdf49f7107dcf68f26ed1688a47450fcc6bd5f9e2a305014ffe597badf8fd8f,25.855000,2,0.200000,9.608130,false,pending,seqfam80_4cdf49f7107dcf68f26e,FQKVAHHGKKKKKNKVKRKQ,1,true,true
vegfa,29,24,6,20266116,autoresearch-rule-de-novo-v6,de_novo,1d8e0546bd56b94d89688998c2fe575c266cf303f3671b363cac5651586e6cbd,false,,,,lineage-d5a5d285bc2467eb019b,SSRSTVKKKKQAKENSVGTGKKHKK,d5a5d285bc2467eb019b3347a3e9834f1646e69201ba726cfc980213fddff4d0,46.776000,1,0.120000,8.268400,false,pending,seqfam80_d5a5d285bc2467eb019b,SSRSTVKKKKQAKENSVGTGKKHKK,1,true,true
vegfa,29,25,7,20267112,autoresearch-rule-substitution-v3,masked_substitution,c41b462654265558cb1b81ba2667ed8df8c5b1ef99a9b6eb64cea09ac9f80dc0,false,seqfam80_76753f41dee1ea8717f6,02e6e8a9041d1f5e02ded66ace7f1bf8353933cb460554f7d6d4f7827ee851e3,,lineage-fbf8f4eafd6f73f7e83b,KKKGGAEHVKVKKGTVAHVKKSG,fbf8f4eafd6f73f7e83b66aa2ac04fcd9659f82f1245436593a0d74a060fb8fe,-14.252174,2,0.260870,6.611782,false,pending,seqfam80_013e367fe0f1f7b22b64,KKKGGAEHVHQKKGTVAHVKKSG,65,false,false
vegfa,29,26,7,20267113,autoresearch-rule-crossover-v3,controlled_crossover,9d10d05cfcd95b08affd3afad9659ad42c6ddad2070cbd4379e1d053d1ab4bb5,false,seqfam80_04b0574cf070ef8fa337,4fdf4a7cb230cf073e06540b29d2e664ef1c70b4014911561ea80ccb809bb373,1d4045ee102780188e827660368729f44269e8780200c1bedb280e380f1d5243,lineage-c65e53352abb89ac8dec,KHKGTREHHHSGNKTGNKTKRKK,c65e53352abb89ac8decf3853972facf7b01fc5d901d345ba2ddc892804dea95,32.891304,0,0.000000,7.687490,false,pending,seqfam80_2947921503701248d714,KHKGTREHSGSGNKTGNKTKRKK,7,true,true
vegfa,29,27,7,20267114,autoresearch-rule-de-novo-v6,de_novo,87f6e815b4b74f5980ecbae769a1a3359368b810c24687bf7a42d3cc79d2f5c6,false,,,,lineage-fb8e148e5302e3cf3bf0,KHVNQVRLNNNGKKGSGKKYSKHKN,fb8e148e5302e3cf3bf0c8c5c2480dcd53f9a4ef597e8bbc4eca8a28c85c5589,-3.160000,1,0.160000,7.610636,false,pending,seqfam80_fb8e148e5302e3cf3bf0,KHVNQVRLNNNGKKGSGKKYSKHKN,1,true,true
vegfa,29,28,7,20267116,autoresearch-rule-de-novo-v6,de_novo,456e5d52b92ef41aca2771321af2f3d07f1304818e92cdc0d87018d17f819a3c,false,,,,lineage-246c9a71c672a1c182aa,NRKTVKGQSGESTTTRHFFNK,246c9a71c672a1c182aa2bf9e2491e94dc06ae978ef871d0dd72ddf4cde2cf61,46.123810,2,0.142857,3.587633,false,pending,seqfam80_246c9a71c672a1c182aa,NRKTVKGQSGESTTTRHFFNK,1,true,true
vegfa,29,29,8,20268112,autoresearch-rule-substitution-v3,masked_substitution,524fed8835f50a8d9d6b8a52fb9254e768c6ef5985b6845102bb8c6844dd05f1,false,seqfam80_76753f41dee1ea8717f6,02e6e8a9041d1f5e02ded66ace7f1bf8353933cb460554f7d6d4f7827ee851e3,,lineage-3771f2acf799bef20236,KKKGGAEHVHVKKGKVAHVKKSG,3771f2acf799bef20236e61d2060c5d86ed152fa7382b22ebbe7041fdd9f2d5b,-13.000000,2,0.260870,6.648408,false,pending,seqfam80_013e367fe0f1f7b22b64,KKKGGAEHVHQKKGTVAHVKKSG,65,false,false
vegfa,29,30,8,20268113,autoresearch-rule-crossover-v3,controlled_crossover,0ee1d1d969c1d1a8feca2a568ddeaf035310514753fc347590935fff9d533935,false,seqfam80_067b5768ae1f19d29268,dc6b9e097fdbb1cebc638561775ba07debfd2bcbae4b1e7dbb9a3812c90d1dda,90426170c795adc7a19a8bcb473094cde2f6bb7dd59d350e474bf5e80ccd8d11,lineage-c90e399f09a6afe3b9d1,KKHKHRGTREHHHVKKGHKKKKGTDH,c90e399f09a6afe3b9d19f1415ce376f60725c6b961f482d5c5fe2c140ca3b87,7.496154,1,0.038462,8.792805,false,pending,seqfam80_04118db7019c79a4e144,KRHKHKHEHHHVKKGHKKKKGTDH,32,false,false
vegfa,29,31,8,20268114,autoresearch-rule-de-novo-v6,de_novo,3ae0cdd5b9205a950b734e5840365e076b93e98d57a826b7acdaa7b1c104db55,false,,,,lineage-4235f2c42ae67237fff8,KGRHKSKKVHTRKAGASGKDRR,4235f2c42ae67237fff82636179a184c6629fb326f5529e4e3be44c698751256,32.809091,1,0.136364,8.616018,false,pending,seqfam80_4235f2c42ae67237fff8,KGRHKSKKVHTRKAGASGKDRR,1,true,true
vegfa,29,32,8,20268116,autoresearch-rule-de-novo-v6,de_novo,f6e57c2905149a5bcdd9860282435bf3efe3c4075364d26c8f597b9dd3f7efa9,false,,,,lineage-f767de3a0dcd07c118fb,AHDGGRLGRKHTTTKNGSKNQEKKKS,f767de3a0dcd07c118fbc84e14a50a667d9a3c41efbc06f32444487a520a0f21,6.923077,1,0.076923,5.667539,false,pending,seqfam80_f767de3a0dcd07c118fb,AHDGGRLGRKHTTTKNGSKNQEKKKS,1,true,true
vegfa,29,33,9,20269112,autoresearch-rule-substitution-v3,masked_substitution,6015b2e00dcb4f0085a1203189cffb75aeb654c5768241401332d90e52172e5f,false,seqfam80_76753f41dee1ea8717f6,02e6e8a9041d1f5e02ded66ace7f1bf8353933cb460554f7d6d4f7827ee851e3,,lineage-f59b7754fe82714feea7,KKKGGAEHVHVKKGTVAHVKKKG,f59b7754fe82714feea7a28564bab750c3a26c2c7113e338bf156e99a5041a62,-13.000000,2,0.260870,6.648408,false,pending,seqfam80_013e367fe0f1f7b22b64,KKKGGAEHVHQKKGTVAHVKKSG,65,false,false
vegfa,29,34,9,20269113,autoresearch-rule-crossover-v3,controlled_crossover,acda722eef16d9dfa3e93f2216020d6e22c7c5975ff703c8e1fd4352da5bee4c,false,seqfam80_067b5768ae1f19d29268,dd641bf4505cafd6d07b207294bb7fca3279c06b4dc2c807dd8a0399ce77128d,90426170c795adc7a19a8bcb473094cde2f6bb7dd59d350e474bf5e80ccd8d11,lineage-a4dabc7b3ce58e01b730,KHKKHRGTREHHHVKKGHKKKKGTDH,a4dabc7b3ce58e01b730dced1c76f1b8f5314d1b26128850274b629729de1c85,7.496154,1,0.038462,8.792805,false,pending,seqfam80_04118db7019c79a4e144,KRHKHKHEHHHVKKGHKKKKGTDH,32,false,false
vegfa,29,35,9,20269114,autoresearch-rule-de-novo-v6,de_novo,aed9fb53b0d1b4e2d08da175bdfd4b2869fbb78fe00bea755e20ec53ade597e2,false,,,,lineage-b9811652e50cef280721,RNNSKKKDRGKSFKKTKHSV,b9811652e50cef280721503bc933796228b4df8b8efb51c5e77666136ef11bc0,-4.105000,1,0.100000,7.576936,false,pending,seqfam80_b9811652e50cef280721,RNNSKKKDRGKSFKKTKHSV,1,true,true
vegfa,29,36,9,20269116,autoresearch-rule-de-novo-v6,de_novo,0f6fd9eb0e565b733a7a7976e75f9315853a99bd86e26d375637054670229322,false,,,,lineage-85803a6b0ed925557129,KASKGKARTHHKKGGKKFHSKGKDK,85803a6b0ed92555712949125bb4e9a08c62d14c611bf43004ae84ae498ab98e,0.236000,1,0.120000,9.642698,false,pending,seqfam80_85803a6b0ed925557129,KASKGKARTHHKKGGKKFHSKGKDK,1,true,true
vegfa,29,37,10,20270112,autoresearch-rule-substitution-v3,masked_substitution,5cb854d8f6989a86077a17765017d2c8a3dc034ebbc69f9d74104d7930f88c4a,false,seqfam80_76753f41dee1ea8717f6,02e6e8a9041d1f5e02ded66ace7f1bf8353933cb460554f7d6d4f7827ee851e3,,lineage-1d82d4a210cb37d367db,KKNGGAEHVHVKKGTVAHVKKSG,1d82d4a210cb37d367dbaae493bb65174b793401abd602d1de2d7b5057aaf54a,-12.152174,2,0.260870,4.653419,false,pending,seqfam80_013e367fe0f1f7b22b64,KKKGGAEHVHQKKGTVAHVKKSG,65,false,false
vegfa,29,38,10,20270113,autoresearch-rule-crossover-v3,controlled_crossover,85f3548faeb7ebd69778e7d819e083279166709a1e5dab776e5e2e740a2f93f2,false,seqfam80_067b5768ae1f19d29268,dc6b9e097fdbb1cebc638561775ba07debfd2bcbae4b1e7dbb9a3812c90d1dda,90426170c795adc7a19a8bcb473094cde2f6bb7dd59d350e474bf5e80ccd8d11,lineage-b3ff8be83019a3eb94b9,KKHKHRGKREHHHVKKGHKKKKGTDH,b3ff8be83019a3eb94b974d05894bec21f536b7ac0be11f5ec0247d0b3118232,20.034615,1,0.038462,9.790299,false,pending,seqfam80_04118db7019c79a4e144,KRHKHKHEHHHVKKGHKKKKGTDH,32,false,false
vegfa,29,39,10,20270114,autoresearch-rule-de-novo-v6,de_novo,1c94f38be24b3b4de23d1cd8fec60dd4d73bd0929a1da5db9358bb35b47fb8e6,false,,,,lineage-15e9ad54c50b800f45da,GTLRDAKQKATDGHVAKGKHKKKW,15e9ad54c50b800f45da040ca474dd51c391680aaa767e14e42f33f062783bf9,26.712500,2,0.250000,5.614034,false,pending,seqfam80_15e9ad54c50b800f45da,GTLRDAKQKATDGHVAKGKHKKKW,1,true,true
vegfa,29,40,10,20270116,autoresearch-rule-de-novo-v6,de_novo,0d847d86bdcb97e2412b9d88f9f1964d0857ffa64334dbcebd63e3169e74c395,false,,,,lineage-f4a0a69ff1b71397ccbf,KGEGARKKAKQGKSKKEHTTSK,f4a0a69ff1b71397ccbf1fdc07dea88890ffac4524756f7e7557c5904b81755f,-1.568182,1,0.090909,6.576251,false,pending,seqfam80_f4a0a69ff1b71397ccbf,KGEGARKKAKQGKSKKEHTTSK,1,true,true
vegfa,29,41,11,20271112,autoresearch-rule-substitution-v3,masked_substitution,e634a0de540044c963b4886d61548e10c99a3d9cfc6cbc722b17764657acb9d0,false,seqfam80_76753f41dee1ea8717f6,02e6e8a9041d1f5e02ded66ace7f1bf8353933cb460554f7d6d4f7827ee851e3,,lineage-222a0c22c0d4698260a3,KKKGGAEHVHVKNGTVAHVKKSG,222a0c22c0d4698260a33949e87c469571bed14905f41de76885881000b08c9d,-12.152174,2,0.260870,4.653419,false,pending,seqfam80_013e367fe0f1f7b22b64,KKKGGAEHVHQKKGTVAHVKKSG,65,false,false
vegfa,29,42,11,20271113,autoresearch-rule-crossover-v3,controlled_crossover,ab86de8d18d53713e2e2b9b03201f1e9dbfc7883819f557853b638a3159cef89,false,seqfam80_067b5768ae1f19d29268,dd641bf4505cafd6d07b207294bb7fca3279c06b4dc2c807dd8a0399ce77128d,90426170c795adc7a19a8bcb473094cde2f6bb7dd59d350e474bf5e80ccd8d11,lineage-7b515f3be288f1e7a7e1,KHKKHRGKREHHHVKKGHKKKKGTDH,7b515f3be288f1e7a7e1da62709ff433c0659d43825b7df0bfe9459a1f727571,20.034615,1,0.038462,9.790299,false,pending,seqfam80_04118db7019c79a4e144,KRHKHKHEHHHVKKGHKKKKGTDH,32,false,false
vegfa,29,43,11,20271114,autoresearch-rule-de-novo-v6,de_novo,1db4597fcbc514f4346c89dfe6b3f4a03c8719eea6aa69945b91cefc5f1a5d05,false,,,,lineage-e9955c6cd15e119ba4ba,KGKKHKSHAKSKTNRKSGTSVKT,e9955c6cd15e119ba4bae39302bd44e701c3f89e76e69ee54832e86f332f3d6e,1.000000,1,0.086957,8.610636,false,pending,seqfam80_e9955c6cd15e119ba4ba,KGKKHKSHAKSKTNRKSGTSVKT,1,true,true
vegfa,29,44,11,20271116,autoresearch-rule-de-novo-v6,de_novo,e0150fdb71c2870aeb4bec61f279022597b0d48a1eb2d6a4c98faae903552a20,false,,,,lineage-0bac55530cf0ef1b5dae,ERRGVDWTQQHLQRGAKVKRHAS,0bac55530cf0ef1b5dae06564beb5c2ba3763bd50d4c9278c5b589c54f3d5739,47.200000,1,0.260870,3.735989,false,pending,seqfam80_0bac55530cf0ef1b5dae,ERRGVDWTQQHLQRGAKVKRHAS,1,true,true
vegfa,29,45,12,20272112,autoresearch-rule-substitution-v3,masked_substitution,7661d7edab94ed3bd54981b5e0dfeab2e0fe6833a21d3ab62199b82be08308ff,false,seqfam80_76753f41dee1ea8717f6,02e6e8a9041d1f5e02ded66ace7f1bf8353933cb460554f7d6d4f7827ee851e3,,lineage-4e42af413ff7859421c8,KKKSGAEHVHVKKGTVAHVKKSG,4e42af413ff7859421c886019a4eac26402ffee97d9966d85b88a45da258cd33,-10.982609,2,0.260870,5.650914,false,pending,seqfam80_013e367fe0f1f7b22b64,KKKGGAEHVHQKKGTVAHVKKSG,65,false,false
vegfa,29,46,12,20272113,autoresearch-rule-crossover-v3,controlled_crossover,d5883b1ef6b69f8c8d93e5a2cb1108267c6974da94572a6ee0bc39c440c64ea1,false,seqfam80_067b5768ae1f19d29268,dc6b9e097fdbb1cebc638561775ba07debfd2bcbae4b1e7dbb9a3812c90d1dda,90426170c795adc7a19a8bcb473094cde2f6bb7dd59d350e474bf5e80ccd8d11,lineage-8edf1b71283b3f9ffc3c,KKHKHRGKAGQHKKKKGHKKKKGTDH,8edf1b71283b3f9ffc3cae2cf5759a0411bcece7a391dea2a732f249153e954c,20.611538,1,0.038462,11.710939,false,pending,seqfam80_04118db7019c79a4e144,KRHKHKHEHHHVKKGHKKKKGTDH,32,false,false
vegfa,29,47,12,20272114,autoresearch-rule-de-novo-v6,de_novo,1ae5065813659da1f49d827826ec984d91fe6a21435a5bf53e2a605b76012a2b,false,,,,lineage-12af41d82d37096fa6b7,TARGKFKSKEQKGKNQGKKSKA,12af41d82d37096fa6b767ff2ba047d9ed973ee160cff6edca2fdaa170756a1e,-11.254545,1,0.136364,7.189443,false,pending,seqfam80_12af41d82d37096fa6b7,TARGKFKSKEQKGKNQGKKSKA,1,true,true
vegfa,29,48,12,20272116,autoresearch-rule-de-novo-v6,de_novo,aa229dc111a5934cc1f18ab5468d1dc1aaf6940247868e900e31722e597dd392,false,,,,lineage-4858c479b8f993744500,SSQAGRASTKQKKGAKKAAKGY,4858c479b8f99374450068584c1cf5b6d94b7e46819009c064a450a0148a380d,22.363636,2,0.272727,6.235664,false,pending,seqfam80_4858c479b8f993744500,SSQAGRASTKQKKGAKKAAKGY,1,true,true
