branch_key,generation,action_type,operator_id,action_sha256,parent_candidate_id,parent_sequence_sha256,parent_sequence,rescue_endpoint,rescue_metric,parent_rescue_metric_value,family_key_80_80,family_representative_sequence,new_family_relative_to_all_references,diversity_qualified,edit_position_1based,edit,sequence,sequence_sha256,candidate_id,guruprasad_instability_index,maximum_hydrophobic_run,hydrophobic_fraction,net_charge_ph7_4,historical_exact_replay,score_all_status,molecular_weight_da,isoelectric_point,hydrophobic_ratio_modlamp,hydrophobic_moment_eisenberg,macrel_amp_probability,macrel_hemolysis_probability,macrel_hemolysis_label,toxinpred3_ml_score,toxinpred3_hybrid_score,toxinpred3_label,llamp_log10_mic_um,llamp_predicted_mic_um,rescue_metric_improvement,safety_hard_gate_pass,rescue_gain_positive,full_score_shortlist,amp_read_log10_mic_um,amp_read_predicted_mic_um,amp_read_cnn_log10_mic_um,amp_read_transformer_log10_mic_um,amp_read_attention_log10_mic_um,amp_read_lstm_log10_mic_um,formal_metric_count,formal_12_complete,display_eligible,activity_model_support_count,excellent_sequence_stage,structure_md_status,amp_read_log10_mic_um__parent_benefit_percentile,llamp_log10_mic_um__parent_benefit_percentile,macrel_amp_probability__parent_benefit_percentile,activity_model_support_count_calibrated,excellent_sequence_stage_calibrated,activity_support_semantics,evidence_scope,hemopi2_classification_label,hemopi2_classification_score,hemopi2_hc50_um,target_key,validator_version,calibrated_hemolysis_probability,calibration_risk_threshold,calibration_threshold_exceeded,reported_hc50_below_100_um,challenger_conflict_status,candidate_hard_gate_allowed,missing_verified_runtimes
fgf2,11,masked_substitution,autoresearch-llamp-hydrophobic-rescue-v1,5def6c1f636f41d4a8d9d0f935db21d865537e0d06a70f1aebe99df936f4a872,62dce69b35d28637a0b8907689d5c9e38662ff0f808a6d3839811951370c9fa5,62dce69b35d28637a0b8907689d5c9e38662ff0f808a6d3839811951370c9fa5,TYRGKQQNNRKKKKVTKNKGH,llamp,llamp_log10_mic_um,1.7650943994522095,seqfam80_62dce69b35d28637a0b8,TYRGKQQNNRKKKKVTKNKGH,true,true,7,Q7Y,TYRGKQYNNRKKKKVTKNKGH,1b1fb2c4a23ce3bef86e0215ea19e7912211d00237cfc71f635a3a81915b9d13,proposal-1b1fb2c4a23ce3bef86e,0.19999999999999996,1,0.14285714285714285,9.024,false,search_prefilter,2576.97,11.35791015625,0.047619047619047616,0.23556037733575752,0.356,0.455,low,0.345,0.0,Non-Toxin,1.378519058227539,23.90666843131581,0.3865753412246704,true,true,true,1.340669582946763,21.91137254490553,1.106697678565979,1.406869649887085,1.0455873012542725,1.803565502166748,12,true,true,0,false,not_started,0.942099,0.937274,0.910736,3,true,at_or_above_parent_run_top_quartile_per_independent_model,autoresearch_structure_cohort_challenger_shadow,0,0.205,184.676,fgf2,HemoPI2-Zenodo-14676712-rf-only-v27,0.10829209203764827,0.28251089202785207,False,False,no_conflict,False,apex;peptiverse
fgf2,11,masked_substitution,autoresearch-llamp-hydrophobic-rescue-v1,ea29090b3de7d0ccddf8da8b77adde51efda8487ee0a532c46567eb50455aa16,62dce69b35d28637a0b8907689d5c9e38662ff0f808a6d3839811951370c9fa5,62dce69b35d28637a0b8907689d5c9e38662ff0f808a6d3839811951370c9fa5,TYRGKQQNNRKKKKVTKNKGH,llamp,llamp_log10_mic_um,1.7650943994522095,seqfam80_62dce69b35d28637a0b8,TYRGKQQNNRKKKKVTKNKGH,true,true,6,Q6Y,TYRGKYQNNRKKKKVTKNKGH,f1328160b9a5708adeba755a6602e143a9e6f8144a2db2efbde3eae7dd339696,proposal-f1328160b9a5708adeba,-7.4666666666666694,1,0.14285714285714285,9.024,false,search_prefilter,2576.97,11.35791015625,0.047619047619047616,0.22236606857088584,0.356,0.475,low,0.42,0.0,Non-Toxin,1.4035874605178833,25.327216367936074,0.36150693893432617,true,true,true,1.4661282594813334,29.25016090531147,1.2022812366485596,1.44425630569458,1.2722996473312378,1.9457173347473145,12,true,true,0,false,not_started,0.898673,0.930036,0.910736,3,true,at_or_above_parent_run_top_quartile_per_independent_model,autoresearch_structure_cohort_challenger_shadow,0,0.21,184.194,fgf2,HemoPI2-Zenodo-14676712-rf-only-v27,0.11307288593554816,0.28251089202785207,False,False,no_conflict,False,apex;peptiverse
fgf2,11,masked_substitution,autoresearch-llamp-hydrophobic-rescue-v1,bce1c8a0222952dd994b4b1d68a48e67256f0fd9af5cf59b166ad4c0dfedd31d,62dce69b35d28637a0b8907689d5c9e38662ff0f808a6d3839811951370c9fa5,62dce69b35d28637a0b8907689d5c9e38662ff0f808a6d3839811951370c9fa5,TYRGKQQNNRKKKKVTKNKGH,llamp,llamp_log10_mic_um,1.7650943994522095,seqfam80_62dce69b35d28637a0b8,TYRGKQQNNRKKKKVTKNKGH,true,true,7,Q7F,TYRGKQFNNRKKKKVTKNKGH,20ab4e87d966f585483a92721cf3a4d43c9321501d80c84ccf63f137872c9232,proposal-20ab4e87d966f585483a,0.19999999999999996,1,0.14285714285714285,9.026,false,search_prefilter,2560.97,11.7255859375,0.09523809523809523,0.22368011257223314,0.347,0.426,low,0.385,0.0,Non-Toxin,1.6297378540039062,42.632210735741424,0.13535666465759277,true,true,true,1.5584371660486638,36.17738453178928,1.1515815258026123,1.5533502101898193,1.3751798868179321,2.15368914604187,12,true,true,0,false,not_started,0.833534,0.808203,0.904704,3,true,at_or_above_parent_run_top_quartile_per_independent_model,autoresearch_structure_cohort_challenger_shadow,0,0.225,195.686,fgf2,HemoPI2-Zenodo-14676712-rf-only-v27,0.12798588792787716,0.28251089202785207,False,False,no_conflict,False,apex;peptiverse
fgf2,11,masked_substitution,autoresearch-llamp-hydrophobic-rescue-v1,c82b6d5da7ea249b62befa337164ea570138d2c616f961abba9d55a7e87765fb,62dce69b35d28637a0b8907689d5c9e38662ff0f808a6d3839811951370c9fa5,62dce69b35d28637a0b8907689d5c9e38662ff0f808a6d3839811951370c9fa5,TYRGKQQNNRKKKKVTKNKGH,llamp,llamp_log10_mic_um,1.7650943994522095,seqfam80_62dce69b35d28637a0b8,TYRGKQQNNRKKKKVTKNKGH,true,true,9,N9A,TYRGKQQNARKKKKVTKNKGH,ddb330670406e9921ebfad650387f1a655e9ba04e98d25817c61b5ecce301b27,proposal-ddb330670406e9921ebf,12.96190476190476,1,0.14285714285714285,9.026,false,search_prefilter,2498.9,11.7255859375,0.09523809523809523,0.2802685128871023,0.446,0.416,low,0.43,0.0,Non-Toxin,1.5805743932724,38.06925634494167,0.18452000617980957,true,true,true,1.5405655904655862,34.718870701531706,1.0999971628189087,1.6581850051879883,1.2139244079589844,2.1902151107788086,12,true,true,0,false,not_started,0.848010,0.841978,0.962606,3,true,at_or_above_parent_run_top_quartile_per_independent_model,autoresearch_structure_cohort_challenger_shadow,0,0.225,191.154,fgf2,HemoPI2-Zenodo-14676712-rf-only-v27,0.12798588792787716,0.28251089202785207,False,False,no_conflict,False,apex;peptiverse
fgf2,11,masked_substitution,autoresearch-llamp-hydrophobic-rescue-v1,54878481e47a8b6a8cb070dcd86ae20828dc5612c9f05d3dc3e9954f3dc04cd8,62dce69b35d28637a0b8907689d5c9e38662ff0f808a6d3839811951370c9fa5,62dce69b35d28637a0b8907689d5c9e38662ff0f808a6d3839811951370c9fa5,TYRGKQQNNRKKKKVTKNKGH,llamp,llamp_log10_mic_um,1.7650943994522095,seqfam80_62dce69b35d28637a0b8,TYRGKQQNNRKKKKVTKNKGH,true,true,9,N9L,TYRGKQQNLRKKKKVTKNKGH,8c8d5ea90dc67dd90e5758df7d40eda44427d78138666c81b8ac892195a91eb0,proposal-8c8d5ea90dc67dd90e57,22.13333333333333,1,0.14285714285714285,9.026,false,search_prefilter,2540.98,11.7255859375,0.09523809523809523,0.29073285663933207,0.446,0.455,low,0.47,0.0,Non-Toxin,1.5650817155838013,36.73514137670365,0.2000126838684082,true,true,true,1.5485621899447382,35.36406579822802,1.0966817140579224,1.5788133144378662,1.5476049184799194,1.9711830615997314,12,true,true,0,false,not_started,0.843185,0.855247,0.962606,3,true,at_or_above_parent_run_top_quartile_per_independent_model,autoresearch_structure_cohort_challenger_shadow,0,0.23,183.608,fgf2,HemoPI2-Zenodo-14676712-rf-only-v27,0.13314499635951765,0.28251089202785207,False,False,no_conflict,False,apex;peptiverse
fgf2,11,masked_substitution,autoresearch-llamp-hydrophobic-rescue-v1,fdbcb17adf586378015c4f52cbf14ed48d40c33c5c2e318c4689dcd8437406e4,62dce69b35d28637a0b8907689d5c9e38662ff0f808a6d3839811951370c9fa5,62dce69b35d28637a0b8907689d5c9e38662ff0f808a6d3839811951370c9fa5,TYRGKQQNNRKKKKVTKNKGH,llamp,llamp_log10_mic_um,1.7650943994522095,seqfam80_62dce69b35d28637a0b8,TYRGKQQNNRKKKKVTKNKGH,true,true,6,Q6W,TYRGKWQNNRKKKKVTKNKGH,72c9c9f5f72414cb889814c0c2361c3cee81d6fe48cf2140de14eee8b3325c43,proposal-72c9c9f5f72414cb8898,-7.4666666666666694,1,0.14285714285714285,9.026,false,search_prefilter,2600.0,11.7255859375,0.047619047619047616,0.20681923907635424,0.347,0.446,low,0.415,0.0,Non-Toxin,1.220169186592102,16.602335528894077,0.5449252128601074,true,true,true,1.5914010379231787,39.030223474891855,1.2664141654968262,1.4709346294403076,1.5424301624298096,2.0858657360076904,12,true,true,0,false,not_started,0.811821,0.960193,0.904704,3,true,at_or_above_parent_run_top_quartile_per_independent_model,autoresearch_structure_cohort_challenger_shadow,0,0.23,173.997,fgf2,HemoPI2-Zenodo-14676712-rf-only-v27,0.13314499635951765,0.28251089202785207,False,False,no_conflict,False,apex;peptiverse
fgf2,11,masked_substitution,autoresearch-llamp-hydrophobic-rescue-v1,e306e76444cf919ec281dde0f15fbd659ed43b84c091d1e0ab2d2fd3da760d3e,62dce69b35d28637a0b8907689d5c9e38662ff0f808a6d3839811951370c9fa5,62dce69b35d28637a0b8907689d5c9e38662ff0f808a6d3839811951370c9fa5,TYRGKQQNNRKKKKVTKNKGH,llamp,llamp_log10_mic_um,1.7650943994522095,seqfam80_62dce69b35d28637a0b8,TYRGKQQNNRKKKKVTKNKGH,true,true,7,Q7W,TYRGKQWNNRKKKKVTKNKGH,19e31595ca1f2716d22b19b642b2cb688b97678034304e2237fd9f979b42ef17,proposal-19e31595ca1f2716d22b,9.666666666666664,1,0.14285714285714285,9.026,false,search_prefilter,2600.0,11.7255859375,0.047619047619047616,0.22761813572518025,0.396,0.426,low,0.38,0.0,Non-Toxin,1.4780980348587036,30.06754951660722,0.28699636459350586,true,true,true,1.5077325404690147,32.19085712151307,1.2281414270401,1.6830799579620361,1.3263524770736694,1.7933801412582397,12,true,true,0,false,not_started,0.873341,0.901086,0.945718,3,true,at_or_above_parent_run_top_quartile_per_independent_model,autoresearch_structure_cohort_challenger_shadow,0,0.235,176.546,fgf2,HemoPI2-Zenodo-14676712-rf-only-v27,0.1383970068298137,0.28251089202785207,False,False,no_conflict,False,apex;peptiverse
fgf2,11,masked_substitution,autoresearch-llamp-hydrophobic-rescue-v1,fbebc7684512a0ca38cdfb5701c3af5a0ac7343241310cef684e5a5260670dc6,62dce69b35d28637a0b8907689d5c9e38662ff0f808a6d3839811951370c9fa5,62dce69b35d28637a0b8907689d5c9e38662ff0f808a6d3839811951370c9fa5,TYRGKQQNNRKKKKVTKNKGH,llamp,llamp_log10_mic_um,1.7650943994522095,seqfam80_62dce69b35d28637a0b8,TYRGKQQNNRKKKKVTKNKGH,true,true,8,N8A,TYRGKQQANRKKKKVTKNKGH,63779a5d12cba54d7790c5ac2c988412ab1175c220ab9fb429f12403d9fe6eec,proposal-63779a5d12cba54d7790,12.96190476190476,1,0.14285714285714285,9.026,false,search_prefilter,2498.9,11.7255859375,0.09523809523809523,0.3219002596362768,0.436,0.386,low,0.395,0.0,Non-Toxin,1.675833821296692,47.4060555733449,0.08926093578338623,true,true,true,1.5166074646181524,32.85545338909869,1.134153127670288,1.6170804500579834,1.0573886632919312,2.2578768730163574,12,true,true,0,false,not_started,0.868516,0.757539,0.961399,3,true,at_or_above_parent_run_top_quartile_per_independent_model,autoresearch_structure_cohort_challenger_shadow,0,0.24,198.097,fgf2,HemoPI2-Zenodo-14676712-rf-only-v27,0.1437411645059108,0.28251089202785207,False,False,no_conflict,False,apex;peptiverse
fgf2,11,masked_substitution,autoresearch-llamp-hydrophobic-rescue-v1,6afe300c49d48a3ef553952bad80b7474322828ba78f2cd811a1a7f418f5fd9b,62dce69b35d28637a0b8907689d5c9e38662ff0f808a6d3839811951370c9fa5,62dce69b35d28637a0b8907689d5c9e38662ff0f808a6d3839811951370c9fa5,TYRGKQQNNRKKKKVTKNKGH,llamp,llamp_log10_mic_um,1.7650943994522095,seqfam80_62dce69b35d28637a0b8,TYRGKQQNNRKKKKVTKNKGH,true,true,8,N8F,TYRGKQQFNRKKKKVTKNKGH,0446fa92e21af0e6a8f04f6fc7142cb1f3c0b35c8a6134f20963436ca266c7de,proposal-0446fa92e21af0e6a8f0,9.37142857142857,1,0.14285714285714285,9.026,false,search_prefilter,2574.99,11.7255859375,0.09523809523809523,0.34836352198920356,0.416,0.485,low,0.41,0.0,Non-Toxin,1.467600703239441,29.349499747384385,0.29749369621276855,true,true,true,1.4791547959835816,30.140801441215025,1.053504467010498,1.451202154159546,1.1688363552093506,2.243145704269409,12,true,true,0,false,not_started,0.889023,0.904704,0.954162,3,true,at_or_above_parent_run_top_quartile_per_independent_model,autoresearch_structure_cohort_challenger_shadow,0,0.245,191.956,fgf2,HemoPI2-Zenodo-14676712-rf-only-v27,0.14917667068502316,0.28251089202785207,False,False,no_conflict,False,apex;peptiverse
fgf2,11,masked_substitution,autoresearch-llamp-hydrophobic-rescue-v1,cce68f307169da2d5823a90b39bf5ddab4266ef9b171365584e46219ab652c64,62dce69b35d28637a0b8907689d5c9e38662ff0f808a6d3839811951370c9fa5,62dce69b35d28637a0b8907689d5c9e38662ff0f808a6d3839811951370c9fa5,TYRGKQQNNRKKKKVTKNKGH,llamp,llamp_log10_mic_um,1.7650943994522095,seqfam80_62dce69b35d28637a0b8,TYRGKQQNNRKKKKVTKNKGH,true,true,8,N8L,TYRGKQQLNRKKKKVTKNKGH,db0d73e03610551a0b4f06cca78016e2089685f5d43295fef64e888276422e74,proposal-db0d73e03610551a0b4f,12.96190476190476,1,0.14285714285714285,9.026,false,search_prefilter,2540.98,11.7255859375,0.09523809523809523,0.3437879190897529,0.416,0.455,low,0.385,0.0,Non-Toxin,1.488174557685852,30.773334509144593,0.2769198417663574,true,true,true,1.6633060635757264,46.05810479359521,1.1802091598510742,1.6154274940490723,1.6078766584396362,2.249760389328003,12,true,true,0,false,not_started,0.757539,0.898673,0.954162,3,true,at_or_above_parent_run_top_quartile_per_independent_model,autoresearch_structure_cohort_challenger_shadow,0,0.25,186.516,fgf2,HemoPI2-Zenodo-14676712-rf-only-v27,0.15470268191577455,0.28251089202785207,False,False,no_conflict,False,apex;peptiverse
fgf2,11,masked_substitution,autoresearch-llamp-hydrophobic-rescue-v1,eae15a2aaf1d45a2eee168224d6e3d68561b8cef42ecbeddcd9781905d274172,62dce69b35d28637a0b8907689d5c9e38662ff0f808a6d3839811951370c9fa5,62dce69b35d28637a0b8907689d5c9e38662ff0f808a6d3839811951370c9fa5,TYRGKQQNNRKKKKVTKNKGH,llamp,llamp_log10_mic_um,1.7650943994522095,seqfam80_62dce69b35d28637a0b8,TYRGKQQNNRKKKKVTKNKGH,true,true,17,K17F,TYRGKQQNNRKKKKVTFNKGH,2808725f893ac57b9bb4fdcf887a171a0b3f4f4d3d0de9ead3ba3561402b9f7c,proposal-2808725f893ac57b9bb4,18.838095238095235,1,0.14285714285714285,8.026,false,search_prefilter,2560.92,11.6865234375,0.09523809523809523,0.1474623697846251,0.396,0.455,low,0.38,0.38,Non-Toxin,1.5956710577011108,39.415864627673685,0.16942322254180908,true,true,true,1.4569260236155595,28.636901362019472,0.8957048654556274,1.6489900350570679,1.6617556810379028,1.621262550354004,12,true,true,0,false,not_started,0.902292,0.832328,0.945718,3,true,at_or_above_parent_run_top_quartile_per_independent_model,autoresearch_structure_cohort_challenger_shadow,0,0.25,192.19,fgf2,HemoPI2-Zenodo-14676712-rf-only-v27,0.15470268191577455,0.28251089202785207,False,False,no_conflict,False,apex;peptiverse
fgf2,11,masked_substitution,autoresearch-llamp-hydrophobic-rescue-v1,85519cc48744ce4e8a8f13e71f095fc7dee6d814a5f157919f7df48b338af58f,62dce69b35d28637a0b8907689d5c9e38662ff0f808a6d3839811951370c9fa5,62dce69b35d28637a0b8907689d5c9e38662ff0f808a6d3839811951370c9fa5,TYRGKQQNNRKKKKVTKNKGH,llamp,llamp_log10_mic_um,1.7650943994522095,seqfam80_62dce69b35d28637a0b8,TYRGKQQNNRKKKKVTKNKGH,true,true,8,N8W,TYRGKQQWNRKKKKVTKNKGH,1b3a797c41db4c1f86221bed2020b59d8410bd1c8e171635c14c461514416660,proposal-1b3a797c41db4c1f8622,18.838095238095235,1,0.14285714285714285,9.026,false,search_prefilter,2614.03,11.7255859375,0.047619047619047616,0.3305484328947623,0.406,0.465,low,0.39,0.0,Non-Toxin,1.5844577550888062,38.41118938362213,0.18063664436340332,true,true,true,1.414492636796913,25.9712370835021,1.1166799068450928,1.474419116973877,1.049438238143921,2.017488718032837,12,true,true,0,false,not_started,0.919180,0.839566,0.950543,3,true,at_or_above_parent_run_top_quartile_per_independent_model,autoresearch_structure_cohort_challenger_shadow,0,0.25,175.789,fgf2,HemoPI2-Zenodo-14676712-rf-only-v27,0.15470268191577455,0.28251089202785207,False,False,no_conflict,False,apex;peptiverse
fgf2,11,masked_substitution,autoresearch-llamp-hydrophobic-rescue-v1,928002c84ef168270f0fd82f1af1e2631bdb872aed616b566fbe7157d5dbf85e,62dce69b35d28637a0b8907689d5c9e38662ff0f808a6d3839811951370c9fa5,62dce69b35d28637a0b8907689d5c9e38662ff0f808a6d3839811951370c9fa5,TYRGKQQNNRKKKKVTKNKGH,llamp,llamp_log10_mic_um,1.7650943994522095,seqfam80_62dce69b35d28637a0b8,TYRGKQQNNRKKKKVTKNKGH,true,true,7,Q7V,TYRGKQVNNRKKKKVTKNKGH,ce0c12a869bc0ce2a5cd95e29f6e0f1d2dab71830496798d916c0882916aaca7,proposal-ce0c12a869bc0ce2a5cd,0.19999999999999996,1,0.14285714285714285,9.026,false,search_prefilter,2512.92,11.7255859375,0.09523809523809523,0.22455006416302944,0.356,0.356,low,0.335,0.0,Non-Toxin,1.6125677824020386,40.97960636401925,0.15252745151519775,true,true,true,1.5440913856768024,35.00188113921872,1.209352970123291,1.5825656652450562,1.542340636253357,1.8421287536621094,12,true,true,0,false,not_started,0.846803,0.819059,0.910736,3,true,at_or_above_parent_run_top_quartile_per_independent_model,autoresearch_structure_cohort_challenger_shadow,0,0.25,186.294,fgf2,HemoPI2-Zenodo-14676712-rf-only-v27,0.15470268191577455,0.28251089202785207,False,False,no_conflict,False,apex;peptiverse
fgf2,11,masked_substitution,autoresearch-llamp-hydrophobic-rescue-v1,34e6e355255d29b4d576d87aa50a7f1ce08e8c4a062a8097f66d50b8ab810f76,62dce69b35d28637a0b8907689d5c9e38662ff0f808a6d3839811951370c9fa5,62dce69b35d28637a0b8907689d5c9e38662ff0f808a6d3839811951370c9fa5,TYRGKQQNNRKKKKVTKNKGH,llamp,llamp_log10_mic_um,1.7650943994522095,seqfam80_62dce69b35d28637a0b8,TYRGKQQNNRKKKKVTKNKGH,true,true,9,N9I,TYRGKQQNIRKKKKVTKNKGH,bde6cc0ff55cdccb1a5dc90fb063e7ebb2690cda2035ac041126a8c9e46d92ad,proposal-bde6cc0ff55cdccb1a5d,33.885714285714286,1,0.14285714285714285,9.026,false,search_prefilter,2540.98,11.7255859375,0.09523809523809523,0.29797764649070324,0.455,0.426,low,0.41,0.0,Non-Toxin,1.4524071216583252,28.340474784742785,0.3126872777938843,true,true,true,1.5067134030869518,32.11540499366148,1.02634859085083,1.474774956703186,1.3257333040237427,2.2000582218170166,12,true,true,0,false,not_started,0.873341,0.914355,0.965018,3,true,at_or_above_parent_run_top_quartile_per_independent_model,autoresearch_structure_cohort_challenger_shadow,0,0.255,180.76,fgf2,HemoPI2-Zenodo-14676712-rf-only-v27,0.16031830920178972,0.28251089202785207,False,False,no_conflict,False,apex;peptiverse
fgf2,11,masked_substitution,autoresearch-llamp-hydrophobic-rescue-v1,31a4ca3d2b7ba78dbdaeb1743e91ddae04a535da0ac716bdf773a43e045190fe,62dce69b35d28637a0b8907689d5c9e38662ff0f808a6d3839811951370c9fa5,62dce69b35d28637a0b8907689d5c9e38662ff0f808a6d3839811951370c9fa5,TYRGKQQNNRKKKKVTKNKGH,llamp,llamp_log10_mic_um,1.7650943994522095,seqfam80_62dce69b35d28637a0b8,TYRGKQQNNRKKKKVTKNKGH,true,true,12,K12F,TYRGKQQNNRKFKKVTKNKGH,494602d296572446882e51622fe0e3f03313ef458a34e5b42506a296e394742e,proposal-494602d296572446882e,5.804761904761905,1,0.14285714285714285,8.026,false,search_prefilter,2560.92,11.6865234375,0.09523809523809523,0.38323013021539215,0.366,0.485,low,0.47,0.0,Non-Toxin,1.5837128162384033,38.345359717564186,0.18138158321380615,true,true,true,1.3753244050064075,23.731457127270133,1.0438854694366455,1.6683282852172852,1.2275861501693726,1.5615129470825195,12,true,true,0,false,not_started,0.933655,0.839566,0.916767,3,true,at_or_above_parent_run_top_quartile_per_independent_model,autoresearch_structure_cohort_challenger_shadow,0,0.255,184.752,fgf2,HemoPI2-Zenodo-14676712-rf-only-v27,0.16031830920178972,0.28251089202785207,False,False,no_conflict,False,apex;peptiverse
fgf2,11,masked_substitution,autoresearch-llamp-hydrophobic-rescue-v1,a4bb91577d445e3208841f8c6e62e73a1c3bb2e09f3dd571994253747151320a,62dce69b35d28637a0b8907689d5c9e38662ff0f808a6d3839811951370c9fa5,62dce69b35d28637a0b8907689d5c9e38662ff0f808a6d3839811951370c9fa5,TYRGKQQNNRKKKKVTKNKGH,llamp,llamp_log10_mic_um,1.7650943994522095,seqfam80_62dce69b35d28637a0b8,TYRGKQQNNRKKKKVTKNKGH,true,true,13,K13F,TYRGKQQNNRKKFKVTKNKGH,7602e04f94d4e95a40d0467ae354cc4c72971ba5df3186f6bbb1cf70f18b678d,proposal-7602e04f94d4e95a40d0,5.804761904761905,1,0.14285714285714285,8.026,false,search_prefilter,2560.92,11.6865234375,0.09523809523809523,0.22817723321229114,0.366,0.455,low,0.47,0.0,Non-Toxin,1.4649947881698608,29.173920030962663,0.30009961128234863,true,true,true,1.2991343514352238,19.91289260220632,1.0481116771697998,1.6449965238571167,0.9795181751251221,1.5239320993423462,12,true,true,0,false,not_started,0.951749,0.907117,0.916767,3,true,at_or_above_parent_run_top_quartile_per_independent_model,autoresearch_structure_cohort_challenger_shadow,0,0.26,183.216,fgf2,HemoPI2-Zenodo-14676712-rf-only-v27,0.16602261728690276,0.28251089202785207,False,False,no_conflict,False,apex;peptiverse
fgf2,11,masked_substitution,autoresearch-llamp-hydrophobic-rescue-v1,c210f7ad1ac6ca7f0e90e300d632572f0f2db51d6b5e6224f3fb8dcc16a4f809,62dce69b35d28637a0b8907689d5c9e38662ff0f808a6d3839811951370c9fa5,62dce69b35d28637a0b8907689d5c9e38662ff0f808a6d3839811951370c9fa5,TYRGKQQNNRKKKKVTKNKGH,llamp,llamp_log10_mic_um,1.7650943994522095,seqfam80_62dce69b35d28637a0b8,TYRGKQQNNRKKKKVTKNKGH,true,true,17,K17W,TYRGKQQNNRKKKKVTWNKGH,249dd9fce67498a25653b266f1750382ee512bfc347947f01a4ffbc73f1c431e,proposal-249dd9fce67498a25653,11.68095238095238,1,0.14285714285714285,8.026,false,search_prefilter,2599.96,11.6865234375,0.047619047619047616,0.1620255299759758,0.406,0.455,low,0.37,0.37,Non-Toxin,0.9868948459625244,9.702750098793205,0.7781995534896851,true,true,true,1.5563185613487445,36.00133133541294,1.0910440683364868,1.5934112071990967,1.6467419862747192,1.8941023349761963,12,true,true,1,false,not_started,0.835947,0.974668,0.950543,3,true,at_or_above_parent_run_top_quartile_per_independent_model,autoresearch_structure_cohort_challenger_shadow,0,0.26,175.088,fgf2,HemoPI2-Zenodo-14676712-rf-only-v27,0.16602261728690276,0.28251089202785207,False,False,no_conflict,False,apex;peptiverse
fgf2,11,masked_substitution,autoresearch-llamp-hydrophobic-rescue-v1,e440fdf935757062e6ef0cfe0f2ac065c2e36161cd7f60f0bd8095e4db76de82,62dce69b35d28637a0b8907689d5c9e38662ff0f808a6d3839811951370c9fa5,62dce69b35d28637a0b8907689d5c9e38662ff0f808a6d3839811951370c9fa5,TYRGKQQNNRKKKKVTKNKGH,llamp,llamp_log10_mic_um,1.7650943994522095,seqfam80_62dce69b35d28637a0b8,TYRGKQQNNRKKKKVTKNKGH,true,true,12,K12W,TYRGKQQNNRKWKKVTKNKGH,8b043885d2f2e9094321aa20b47bc4c3460e90ceb20cb7d921c53c63c1a2a253,proposal-8b043885d2f2e9094321,12.96190476190476,1,0.14285714285714285,8.026,false,search_prefilter,2599.96,11.6865234375,0.047619047619047616,0.3651020944330368,0.386,0.465,low,0.415,0.0,Non-Toxin,1.335164189338684,21.63536315504455,0.4299302101135254,true,true,true,1.4872415925981974,30.707297219585264,1.2053349018096924,1.6133188009262085,2.0187952518463135,1.1114716529846191,12,true,true,0,false,not_started,0.882992,0.946924,0.933655,3,true,at_or_above_parent_run_top_quartile_per_independent_model,autoresearch_structure_cohort_challenger_shadow,0,0.26,157.246,fgf2,HemoPI2-Zenodo-14676712-rf-only-v27,0.16602261728690276,0.28251089202785207,False,False,no_conflict,False,apex;peptiverse
fgf2,11,masked_substitution,autoresearch-llamp-hydrophobic-rescue-v1,361a1e31f1a8e38edb25bcb3494b9f15b0d7cf3d1f3446a80037d678677fb784,62dce69b35d28637a0b8907689d5c9e38662ff0f808a6d3839811951370c9fa5,62dce69b35d28637a0b8907689d5c9e38662ff0f808a6d3839811951370c9fa5,TYRGKQQNNRKKKKVTKNKGH,llamp,llamp_log10_mic_um,1.7650943994522095,seqfam80_62dce69b35d28637a0b8,TYRGKQQNNRKKKKVTKNKGH,true,true,9,N9V,TYRGKQQNVRKKKKVTKNKGH,0bd155b36ec97278cfc9850386228bd90efb75da8dd988e19701fbae58b2c9f0,proposal-0bd155b36ec97278cfc9,12.96190476190476,1,0.14285714285714285,9.026,false,search_prefilter,2526.95,11.7255859375,0.09523809523809523,0.29073285663933207,0.436,0.436,low,0.405,0.0,Non-Toxin,1.3243935108184814,21.105396271922444,0.440700888633728,true,true,true,1.4917658750233853,31.028863938204353,1.0900814533233643,1.5782535076141357,1.3975950479507446,1.901167869567871,12,true,true,0,false,not_started,0.881785,0.949337,0.961399,3,true,at_or_above_parent_run_top_quartile_per_independent_model,autoresearch_structure_cohort_challenger_shadow,0,0.26,184.503,fgf2,HemoPI2-Zenodo-14676712-rf-only-v27,0.16602261728690276,0.28251089202785207,False,False,no_conflict,False,apex;peptiverse
fgf2,11,masked_substitution,autoresearch-llamp-hydrophobic-rescue-v1,422fc89ca378aece92c36aa855122c32377cbe4310b69d022ac88561cf3e8406,62dce69b35d28637a0b8907689d5c9e38662ff0f808a6d3839811951370c9fa5,62dce69b35d28637a0b8907689d5c9e38662ff0f808a6d3839811951370c9fa5,TYRGKQQNNRKKKKVTKNKGH,llamp,llamp_log10_mic_um,1.7650943994522095,seqfam80_62dce69b35d28637a0b8,TYRGKQQNNRKKKKVTKNKGH,true,true,5,K5W,TYRGWQQNNRKKKKVTKNKGH,9bc0cf4696a9b79c881e0087e4dfb77edd6929e4e6204e18f769efa7705a38cb,proposal-9bc0cf4696a9b79c881e,11.623809523809525,1,0.14285714285714285,8.026,false,search_prefilter,2599.96,11.6865234375,0.047619047619047616,0.35202697258520627,0.366,0.455,low,0.335,0.0,Non-Toxin,1.634865641593933,43.1385597701776,0.13023054599761963,true,true,true,1.4427131486057925,27.714889322431404,1.2574938535690308,1.5485495328903198,0.979381799697876,1.985478162765503,12,true,true,0,false,not_started,0.911942,0.803378,0.916767,3,true,at_or_above_parent_run_top_quartile_per_independent_model,autoresearch_structure_cohort_challenger_shadow,0,0.26,179.932,fgf2,HemoPI2-Zenodo-14676712-rf-only-v27,0.16602261728690276,0.28251089202785207,False,False,no_conflict,False,apex;peptiverse
fgf2,11,masked_substitution,autoresearch-llamp-hydrophobic-rescue-v1,2d41d8ac5bcbc3ba2e52012a73afa0828f204c28ced5f65c38dc780d5d4ab952,62dce69b35d28637a0b8907689d5c9e38662ff0f808a6d3839811951370c9fa5,62dce69b35d28637a0b8907689d5c9e38662ff0f808a6d3839811951370c9fa5,TYRGKQQNNRKKKKVTKNKGH,llamp,llamp_log10_mic_um,1.7650943994522095,seqfam80_62dce69b35d28637a0b8,TYRGKQQNNRKKKKVTKNKGH,true,true,13,K13W,TYRGKQQNNRKKWKVTKNKGH,864916335771508b610afe46df17bf2cd9dd3d1f16e4280a8d6759c24eeae672,proposal-864916335771508b610a,12.96190476190476,1,0.14285714285714285,8.026,false,search_prefilter,2599.96,11.6865234375,0.047619047619047616,0.22845669065155366,0.396,0.455,low,0.415,0.0,Non-Toxin,1.186208963394165,15.353555506316455,0.5788854360580444,true,true,true,1.296366668615067,19.786394720913115,1.2596853971481323,1.5701749324798584,1.1670629978179932,1.188530683517456,12,true,true,0,false,not_started,0.951749,0.961399,0.945718,3,true,at_or_above_parent_run_top_quartile_per_independent_model,autoresearch_structure_cohort_challenger_shadow,0,0.265,156.658,fgf2,HemoPI2-Zenodo-14676712-rf-only-v27,0.17181462402158107,0.28251089202785207,False,False,no_conflict,False,apex;peptiverse
fgf2,11,masked_substitution,autoresearch-llamp-hydrophobic-rescue-v1,f9b4e98a3a97de7ba913dbca98d6e8f675897f65a6c74f914c5803017a837075,62dce69b35d28637a0b8907689d5c9e38662ff0f808a6d3839811951370c9fa5,62dce69b35d28637a0b8907689d5c9e38662ff0f808a6d3839811951370c9fa5,TYRGKQQNNRKKKKVTKNKGH,llamp,llamp_log10_mic_um,1.7650943994522095,seqfam80_62dce69b35d28637a0b8,TYRGKQQNNRKKKKVTKNKGH,true,true,13,K13Y,TYRGKQQNNRKKYKVTKNKGH,55ce54190b55c5dc22ac0ec29bf62edb547f096f88aba880b521c07a70f3b41c,proposal-55ce54190b55c5dc22ac,12.96190476190476,1,0.14285714285714285,8.024,false,search_prefilter,2576.92,11.298828125,0.047619047619047616,0.2313974018180538,0.406,0.485,low,0.35,0.0,Non-Toxin,1.5327978134155273,34.10341056115993,0.23229658603668213,true,true,true,1.3046338124666095,20.16665238933557,1.1267715692520142,1.6102911233901978,0.8855743408203125,1.595926284790039,12,true,true,0,false,not_started,0.950543,0.879373,0.950543,3,true,at_or_above_parent_run_top_quartile_per_independent_model,autoresearch_structure_cohort_challenger_shadow,0,0.265,179.065,fgf2,HemoPI2-Zenodo-14676712-rf-only-v27,0.17181462402158107,0.28251089202785207,False,False,no_conflict,False,apex;peptiverse
fgf2,11,masked_substitution,autoresearch-llamp-hydrophobic-rescue-v1,be94bcde569c37d301f0520186509a1d135a0bbafe21f2059f8984df28927456,62dce69b35d28637a0b8907689d5c9e38662ff0f808a6d3839811951370c9fa5,62dce69b35d28637a0b8907689d5c9e38662ff0f808a6d3839811951370c9fa5,TYRGKQQNNRKKKKVTKNKGH,llamp,llamp_log10_mic_um,1.7650943994522095,seqfam80_62dce69b35d28637a0b8,TYRGKQQNNRKKKKVTKNKGH,true,true,12,K12L,TYRGKQQNNRKLKKVTKNKGH,2271ceeb292a2e1c3697dedd5d1c18b32831d92b1de05bb3a0132a7f32f351d7,proposal-2271ceeb292a2e1c3697,4.876190476190476,1,0.14285714285714285,8.026,false,search_prefilter,2526.91,11.6865234375,0.09523809523809523,0.3785778183116198,0.366,0.455,low,0.355,0.0,Non-Toxin,1.6571892499923706,45.41394712666003,0.10790693759918213,true,true,true,1.6272585114733253,42.38952123315609,1.317366361618042,1.8033828735351562,1.9098061323165894,1.4784564971923828,12,true,true,0,false,not_started,0.786490,0.776840,0.916767,3,true,at_or_above_parent_run_top_quartile_per_independent_model,autoresearch_structure_cohort_challenger_shadow,0,0.265,182.164,fgf2,HemoPI2-Zenodo-14676712-rf-only-v27,0.17181462402158107,0.28251089202785207,False,False,no_conflict,False,apex;peptiverse
fgf2,11,masked_substitution,autoresearch-llamp-hydrophobic-rescue-v1,65e374fbed1c2344520c9fc0f85ace682adcf1174d4457308ef93658a8025b61,62dce69b35d28637a0b8907689d5c9e38662ff0f808a6d3839811951370c9fa5,62dce69b35d28637a0b8907689d5c9e38662ff0f808a6d3839811951370c9fa5,TYRGKQQNNRKKKKVTKNKGH,llamp,llamp_log10_mic_um,1.7650943994522095,seqfam80_62dce69b35d28637a0b8,TYRGKQQNNRKKKKVTKNKGH,true,true,12,K12Y,TYRGKQQNNRKYKKVTKNKGH,2776cf6d52f67826810a5a2543244fe3d514a48096a515cba64d0825d1df20f4,proposal-2776cf6d52f67826810a,12.96190476190476,1,0.14285714285714285,8.024,false,search_prefilter,2576.92,11.298828125,0.047619047619047616,0.3396183562980203,0.386,0.485,low,0.35,0.0,Non-Toxin,1.6669480800628662,46.44597457069049,0.09814667701721191,true,true,true,1.4221890400612176,26.43559197555066,1.2319287061691284,1.6540007591247559,1.0996865034103394,1.7031655311584473,12,true,true,0,false,not_started,0.917973,0.763571,0.933655,3,true,at_or_above_parent_run_top_quartile_per_independent_model,autoresearch_structure_cohort_challenger_shadow,0,0.265,180.169,fgf2,HemoPI2-Zenodo-14676712-rf-only-v27,0.17181462402158107,0.28251089202785207,False,False,no_conflict,False,apex;peptiverse
fgf2,11,masked_substitution,autoresearch-llamp-hydrophobic-rescue-v1,30c0dffbb58d6131f9b2b24551a382bf75123b2b004de05bdd74a7e1201c3bdf,62dce69b35d28637a0b8907689d5c9e38662ff0f808a6d3839811951370c9fa5,62dce69b35d28637a0b8907689d5c9e38662ff0f808a6d3839811951370c9fa5,TYRGKQQNNRKKKKVTKNKGH,llamp,llamp_log10_mic_um,1.7650943994522095,seqfam80_62dce69b35d28637a0b8,TYRGKQQNNRKKKKVTKNKGH,true,true,8,N8V,TYRGKQQVNRKKKKVTKNKGH,d75ce602d4f2f8915466339f38b88fe47fc13441514b8b43abf1e6700e82a811,proposal-d75ce602d4f2f8915466,9.37142857142857,1,0.14285714285714285,9.026,false,search_prefilter,2526.95,11.7255859375,0.09523809523809523,0.3437879190897529,0.416,0.416,low,0.36,0.0,Non-Toxin,1.5823665857315063,38.226680413368065,0.18272781372070312,true,true,true,1.6107282930980718,40.806401007829294,1.1644535064697266,1.5519366264343262,1.6940828561782837,2.032472848892212,12,true,true,0,false,not_started,0.792521,0.839566,0.954162,3,true,at_or_above_parent_run_top_quartile_per_independent_model,autoresearch_structure_cohort_challenger_shadow,0,0.265,185.716,fgf2,HemoPI2-Zenodo-14676712-rf-only-v27,0.17181462402158107,0.28251089202785207,False,False,no_conflict,False,apex;peptiverse
fgf2,11,masked_substitution,autoresearch-llamp-hydrophobic-rescue-v1,d19016ae7920e1ea2fb2d77597388aaf3393936bb5769406ec0f8ce0f94fa855,62dce69b35d28637a0b8907689d5c9e38662ff0f808a6d3839811951370c9fa5,62dce69b35d28637a0b8907689d5c9e38662ff0f808a6d3839811951370c9fa5,TYRGKQQNNRKKKKVTKNKGH,llamp,llamp_log10_mic_um,1.7650943994522095,seqfam80_62dce69b35d28637a0b8,TYRGKQQNNRKKKKVTKNKGH,true,true,14,K14Y,TYRGKQQNNRKKKYVTKNKGH,08d1d12c3e3610709c73d11b2494e8df02f6abdfaf97cb0f135f9b922f8b6174,proposal-08d1d12c3e3610709c73,17.004761904761903,2,0.14285714285714285,8.024,false,search_prefilter,2576.92,11.298828125,0.047619047619047616,0.20008448380498722,0.406,0.485,low,0.325,0.0,Non-Toxin,1.671132206916809,46.89561189501593,0.09396207332611084,true,true,true,1.3822795210745298,24.11456993828075,1.2964727878570557,1.541316032409668,1.0169545412063599,1.6744012832641602,12,true,true,0,false,not_started,0.932449,0.759952,0.950543,3,true,at_or_above_parent_run_top_quartile_per_independent_model,autoresearch_structure_cohort_challenger_shadow,0,0.27,186.017,fgf2,HemoPI2-Zenodo-14676712-rf-only-v27,0.1776932998103495,0.28251089202785207,False,False,no_conflict,False,apex;peptiverse
fgf2,11,masked_substitution,autoresearch-llamp-hydrophobic-rescue-v1,e9dededf08e0a6577d25266f41f2b6fd78c219c0619e6249c79d12395fe6b3bf,62dce69b35d28637a0b8907689d5c9e38662ff0f808a6d3839811951370c9fa5,62dce69b35d28637a0b8907689d5c9e38662ff0f808a6d3839811951370c9fa5,TYRGKQQNNRKKKKVTKNKGH,llamp,llamp_log10_mic_um,1.7650943994522095,seqfam80_62dce69b35d28637a0b8,TYRGKQQNNRKKKKVTKNKGH,true,true,13,K13L,TYRGKQQNNRKKLKVTKNKGH,9b7ce91a6d23430e0b163a67128569ef0e097b57b2846879d19720a50268e97f,proposal-9b7ce91a6d23430e0b16,4.876190476190476,1,0.14285714285714285,8.026,false,search_prefilter,2526.91,11.6865234375,0.09523809523809523,0.2281048236385806,0.376,0.446,low,0.355,0.0,Non-Toxin,1.5911893844604492,39.01120672554362,0.1739048957824707,true,true,true,1.6632639494877113,46.05363869716618,1.4547191858291626,1.8197059631347656,1.8770486116409302,1.5015590190887451,12,true,true,0,false,not_started,0.757539,0.833534,0.925211,3,true,at_or_above_parent_run_top_quartile_per_independent_model,autoresearch_structure_cohort_challenger_shadow,0,0.27,180.916,fgf2,HemoPI2-Zenodo-14676712-rf-only-v27,0.1776932998103495,0.28251089202785207,False,False,no_conflict,False,apex;peptiverse
fgf2,11,masked_substitution,autoresearch-llamp-hydrophobic-rescue-v1,ddc1eedc07976b7b20772b62459c9806bd8dae5536f7319d0362cc4ce74a8ddc,62dce69b35d28637a0b8907689d5c9e38662ff0f808a6d3839811951370c9fa5,62dce69b35d28637a0b8907689d5c9e38662ff0f808a6d3839811951370c9fa5,TYRGKQQNNRKKKKVTKNKGH,llamp,llamp_log10_mic_um,1.7650943994522095,seqfam80_62dce69b35d28637a0b8,TYRGKQQNNRKKKKVTKNKGH,true,true,4,G4A,TYRAKQQNNRKKKKVTKNKGH,f00f2bc7ea486dc801721f48aad034411a145eff1d43ae6fb5ed27203b13e53e,proposal-f00f2bc7ea486dc80172,21.047619047619044,1,0.14285714285714285,9.026,false,search_prefilter,2555.95,11.7255859375,0.09523809523809523,0.26224394798784895,0.455,0.416,low,0.365,0.0,Non-Toxin,1.4830976724624634,30.41568995061428,0.2819967269897461,true,true,true,1.5705342171726822,37.199252853679354,1.2723748683929443,1.9189262390136719,1.135512351989746,1.955359697341919,12,true,true,0,false,not_started,0.825090,0.898673,0.965018,3,true,at_or_above_parent_run_top_quartile_per_independent_model,autoresearch_structure_cohort_challenger_shadow,0,0.275,184.622,fgf2,HemoPI2-Zenodo-14676712-rf-only-v27,0.18365756714014775,0.28251089202785207,False,False,no_conflict,False,apex;peptiverse
fgf2,11,masked_substitution,autoresearch-llamp-hydrophobic-rescue-v1,32cf4a894820da8c5028c90a8ea8bd236b4a06cc58f32125e3334490f260cb46,62dce69b35d28637a0b8907689d5c9e38662ff0f808a6d3839811951370c9fa5,62dce69b35d28637a0b8907689d5c9e38662ff0f808a6d3839811951370c9fa5,TYRGKQQNNRKKKKVTKNKGH,llamp,llamp_log10_mic_um,1.7650943994522095,seqfam80_62dce69b35d28637a0b8,TYRGKQQNNRKKKKVTKNKGH,true,true,11,K11F,TYRGKQQNNRFKKKVTKNKGH,c5fb0b330c4689c58ae8820a094e7125bb2878c5aa2765ca2ba56ba7bd6a9542,proposal-c5fb0b330c4689c58ae8,5.804761904761905,1,0.14285714285714285,8.026,false,search_prefilter,2560.92,11.6865234375,0.09523809523809523,0.3053103901382101,0.356,0.455,low,0.425,0.0,Non-Toxin,1.3529702425003052,22.54084758832472,0.4121241569519043,true,true,true,1.5464929336897324,35.19596958191564,1.1368980407714844,1.687526822090149,1.592808485031128,1.7687537670135498,12,true,true,0,false,not_started,0.844391,0.944511,0.910736,3,true,at_or_above_parent_run_top_quartile_per_independent_model,autoresearch_structure_cohort_challenger_shadow,0,0.28,180.858,fgf2,HemoPI2-Zenodo-14676712-rf-only-v27,0.18970630018966653,0.28251089202785207,False,False,no_conflict,False,apex;peptiverse
fgf2,11,masked_substitution,autoresearch-llamp-hydrophobic-rescue-v1,b8b8a45b7a0941b3aaf85019534013414191fcee7d6aff30369a854f573ffeef,62dce69b35d28637a0b8907689d5c9e38662ff0f808a6d3839811951370c9fa5,62dce69b35d28637a0b8907689d5c9e38662ff0f808a6d3839811951370c9fa5,TYRGKQQNNRKKKKVTKNKGH,llamp,llamp_log10_mic_um,1.7650943994522095,seqfam80_62dce69b35d28637a0b8,TYRGKQQNNRKKKKVTKNKGH,true,true,20,G20F,TYRGKQQNNRKKKKVTKNKFH,17d96597c19822fc7773a504169347b9e5824564780f5362075edf1e9f9d1839,proposal-17d96597c19822fc7773,17.004761904761903,1,0.14285714285714285,9.026,false,search_prefilter,2632.04,11.7255859375,0.09523809523809523,0.256336937853941,0.436,0.485,low,0.46,0.0,Non-Toxin,1.3442507982254028,22.092801892300354,0.42084360122680664,true,true,true,1.5593849104227173,36.256419271652355,1.089693307876587,1.6626299619674683,1.278476595878601,2.2067983150482178,12,true,true,0,false,not_started,0.833534,0.944511,0.961399,3,true,at_or_above_parent_run_top_quartile_per_independent_model,autoresearch_structure_cohort_challenger_shadow,0,0.28,178.496,fgf2,HemoPI2-Zenodo-14676712-rf-only-v27,0.18970630018966653,0.28251089202785207,False,False,no_conflict,False,apex;peptiverse
fgf2,11,masked_substitution,autoresearch-llamp-hydrophobic-rescue-v1,8a2be77682947f758571359cd8b81d0617da5c224e88e389d3b2b2fd0a606d14,62dce69b35d28637a0b8907689d5c9e38662ff0f808a6d3839811951370c9fa5,62dce69b35d28637a0b8907689d5c9e38662ff0f808a6d3839811951370c9fa5,TYRGKQQNNRKKKKVTKNKGH,llamp,llamp_log10_mic_um,1.7650943994522095,seqfam80_62dce69b35d28637a0b8,TYRGKQQNNRKKKKVTKNKGH,true,true,20,G20W,TYRGKQQNNRKKKKVTKNKWH,67be883c404468ba6b44d050697f5f4544cffbab28c87e5888687ec15df07e2c,proposal-67be883c404468ba6b44,28.280952380952378,1,0.14285714285714285,9.026,false,search_prefilter,2671.08,11.7255859375,0.047619047619047616,0.25722686712345116,0.465,0.475,low,0.435,0.0,Non-Toxin,1.4044302701950073,25.37641512552705,0.36066412925720215,true,true,true,1.4670152080479073,29.309958805523546,1.1823759078979492,1.6620664596557617,0.9272356033325195,2.096442937850952,12,true,true,0,false,not_started,0.898673,0.928830,0.966224,3,true,at_or_above_parent_run_top_quartile_per_independent_model,autoresearch_structure_cohort_challenger_shadow,0,0.28,163.474,fgf2,HemoPI2-Zenodo-14676712-rf-only-v27,0.18970630018966653,0.28251089202785207,False,False,no_conflict,False,apex;peptiverse
fgf2,11,masked_substitution,autoresearch-llamp-hydrophobic-rescue-v1,5d5b18acbc9b48da24695c9f66616664b0244058c080401eb578604e2bbfa707,62dce69b35d28637a0b8907689d5c9e38662ff0f808a6d3839811951370c9fa5,62dce69b35d28637a0b8907689d5c9e38662ff0f808a6d3839811951370c9fa5,TYRGKQQNNRKKKKVTKNKGH,llamp,llamp_log10_mic_um,1.7650943994522095,seqfam80_62dce69b35d28637a0b8,TYRGKQQNNRKKKKVTKNKGH,true,true,14,K14W,TYRGKQQNNRKKKWVTKNKGH,5b87f896f62cf3a979d671d2b5196525ccbb9b6268d29547166af83108128cf2,proposal-5b87f896f62cf3a979d6,12.96190476190476,2,0.14285714285714285,8.026,false,search_prefilter,2599.96,11.6865234375,0.047619047619047616,0.18563224009011142,0.396,0.455,low,0.35,0.0,Non-Toxin,1.287512183189392,19.387070214084037,0.4775822162628174,true,true,true,1.6118807699626327,40.91483178324855,1.2795946598052979,1.6937224864959717,2.1149826049804688,1.3591887950897217,12,true,true,0,false,not_started,0.792521,0.957780,0.945718,3,true,at_or_above_parent_run_top_quartile_per_independent_model,autoresearch_structure_cohort_challenger_shadow,0,0.28,177.445,fgf2,HemoPI2-Zenodo-14676712-rf-only-v27,0.18970630018966653,0.28251089202785207,False,False,no_conflict,False,apex;peptiverse
fgf2,11,masked_substitution,autoresearch-llamp-hydrophobic-rescue-v1,ec0a209a1d60fa3540c4b0bf995340ace9ce1ef7c6777636436ef4ce0b4de44e,62dce69b35d28637a0b8907689d5c9e38662ff0f808a6d3839811951370c9fa5,62dce69b35d28637a0b8907689d5c9e38662ff0f808a6d3839811951370c9fa5,TYRGKQQNNRKKKKVTKNKGH,llamp,llamp_log10_mic_um,1.7650943994522095,seqfam80_62dce69b35d28637a0b8,TYRGKQQNNRKKKKVTKNKGH,true,true,12,K12I,TYRGKQQNNRKIKKVTKNKGH,143ced79989a9e736428dc361e033866eafa1319a86853d4e3886de5e37edc28,proposal-143ced79989a9e736428,4.876190476190476,1,0.14285714285714285,8.026,false,search_prefilter,2526.91,11.6865234375,0.09523809523809523,0.39254263908691023,0.386,0.455,low,0.415,0.0,Non-Toxin,1.5556308031082153,35.944363958978094,0.20946359634399414,true,true,true,1.5438284068154848,34.980692823666296,1.1968791484832764,1.692003846168518,1.7972408533096313,1.4891769886016846,12,true,true,0,false,not_started,0.846803,0.866104,0.933655,3,true,at_or_above_parent_run_top_quartile_per_independent_model,autoresearch_structure_cohort_challenger_shadow,0,0.285,184.175,fgf2,HemoPI2-Zenodo-14676712-rf-only-v27,0.19583832451978658,0.28251089202785207,False,False,no_conflict,False,apex;peptiverse
fgf2,11,masked_substitution,autoresearch-llamp-hydrophobic-rescue-v1,2bd0f055042cd3896bff681ebc8741a295b25940d9aabef8f65554e623be3dfc,62dce69b35d28637a0b8907689d5c9e38662ff0f808a6d3839811951370c9fa5,62dce69b35d28637a0b8907689d5c9e38662ff0f808a6d3839811951370c9fa5,TYRGKQQNNRKKKKVTKNKGH,llamp,llamp_log10_mic_um,1.7650943994522095,seqfam80_62dce69b35d28637a0b8,TYRGKQQNNRKKKKVTKNKGH,true,true,13,K13V,TYRGKQQNNRKKVKVTKNKGH,87160d3f54f325eed36b9c7d6cf4354eff5f4df7aea218b736be094fd18b94c4,proposal-87160d3f54f325eed36b,7.5476190476190474,1,0.14285714285714285,8.026,false,search_prefilter,2512.88,11.6865234375,0.09523809523809523,0.2281048236385806,0.406,0.366,low,0.4,0.0,Non-Toxin,1.4964931011199951,31.36845300164889,0.26860129833221436,true,true,true,1.4072785064368998,25.543388361352882,1.2103930711746216,1.7285257577896118,1.3947020769119263,1.2954788208007812,12,true,true,0,false,not_started,0.925211,0.891435,0.950543,3,true,at_or_above_parent_run_top_quartile_per_independent_model,autoresearch_structure_cohort_challenger_shadow,0,0.285,170.61,fgf2,HemoPI2-Zenodo-14676712-rf-only-v27,0.19583832451978658,0.28251089202785207,False,False,no_conflict,False,apex;peptiverse
fgf2,11,masked_substitution,autoresearch-llamp-hydrophobic-rescue-v1,f5ddab4bf3f4618dba9c0d2c5dde0847214a3a284d86b30c569b44916934f3f5,62dce69b35d28637a0b8907689d5c9e38662ff0f808a6d3839811951370c9fa5,62dce69b35d28637a0b8907689d5c9e38662ff0f808a6d3839811951370c9fa5,TYRGKQQNNRKKKKVTKNKGH,llamp,llamp_log10_mic_um,1.7650943994522095,seqfam80_62dce69b35d28637a0b8,TYRGKQQNNRKKKKVTKNKGH,true,true,12,K12V,TYRGKQQNNRKVKKVTKNKGH,0b3774f1f4c20aaa185a753387cdbfda5c152763203960dc0539328d473433c4,proposal-0b3774f1f4c20aaa185a,7.5476190476190474,1,0.14285714285714285,8.026,false,search_prefilter,2512.88,11.6865234375,0.09523809523809523,0.3785778183116198,0.396,0.406,low,0.4,0.0,Non-Toxin,1.623062252998352,41.98191577426463,0.14203202724456787,true,true,true,1.4878943466422305,30.75348565702952,1.2107152938842773,1.727500557899475,1.6450897455215454,1.3682544231414795,12,true,true,0,false,not_started,0.882992,0.809409,0.945718,3,true,at_or_above_parent_run_top_quartile_per_independent_model,autoresearch_structure_cohort_challenger_shadow,0,0.285,170.317,fgf2,HemoPI2-Zenodo-14676712-rf-only-v27,0.19583832451978658,0.28251089202785207,False,False,no_conflict,False,apex;peptiverse
fgf2,11,masked_substitution,autoresearch-llamp-hydrophobic-rescue-v1,9210efe963e231b609edbe67f35b169a244ef6f872c4d06f3beb03de3aecfc2d,62dce69b35d28637a0b8907689d5c9e38662ff0f808a6d3839811951370c9fa5,62dce69b35d28637a0b8907689d5c9e38662ff0f808a6d3839811951370c9fa5,TYRGKQQNNRKKKKVTKNKGH,llamp,llamp_log10_mic_um,1.7650943994522095,seqfam80_62dce69b35d28637a0b8,TYRGKQQNNRKKKKVTKNKGH,true,true,11,K11W,TYRGKQQNNRWKKKVTKNKGH,a38f8c7ffb6c6705cf5107e7aab1f33e0771e1ae7ccf102e462cb56ba95f00ac,proposal-a38f8c7ffb6c6705cf51,40.23809523809524,1,0.14285714285714285,8.026,false,search_prefilter,2599.96,11.6865234375,0.047619047619047616,0.29563189136334106,0.396,0.426,low,0.46,0.0,Non-Toxin,1.6607513427734375,45.787965063024444,0.10434305667877197,true,true,true,1.5813050840710472,38.1333609334912,1.213153600692749,1.7556298971176147,1.7748188972473145,1.581610918045044,12,true,true,0,false,not_started,0.815440,0.774427,0.945718,3,true,at_or_above_parent_run_top_quartile_per_independent_model,autoresearch_structure_cohort_challenger_shadow,0,0.285,154.36,fgf2,HemoPI2-Zenodo-14676712-rf-only-v27,0.19583832451978658,0.28251089202785207,False,False,no_conflict,False,apex;peptiverse
fgf2,11,masked_substitution,autoresearch-llamp-hydrophobic-rescue-v1,77e116ecef67b16ecbf8c62ddc5da95f604c2a6649bf1aa667aacd30ecc10f73,62dce69b35d28637a0b8907689d5c9e38662ff0f808a6d3839811951370c9fa5,62dce69b35d28637a0b8907689d5c9e38662ff0f808a6d3839811951370c9fa5,TYRGKQQNNRKKKKVTKNKGH,llamp,llamp_log10_mic_um,1.7650943994522095,seqfam80_62dce69b35d28637a0b8,TYRGKQQNNRKKKKVTKNKGH,true,true,10,R10I,TYRGKQQNNIKKKKVTKNKGH,cf60e5b5ffb5a7352d61aa629453c19c3b2198e6e81d2421b08ac3bd12d12bac,proposal-cf60e5b5ffb5a7352d61,29.842857142857138,1,0.14285714285714285,8.026,false,search_prefilter,2498.9,11.39599609375,0.09523809523809523,0.07360014726087348,0.426,0.495,low,0.44,0.0,Non-Toxin,1.6865962743759155,48.595524552901125,0.07849836349487305,true,true,true,1.4361331408684541,27.298145288106635,0.9742438197135925,1.623852252960205,1.711765170097351,1.434664011001587,12,true,true,0,false,not_started,0.914355,0.751508,0.960193,3,true,at_or_above_parent_run_top_quartile_per_independent_model,autoresearch_structure_cohort_challenger_shadow,0,0.29,175.344,fgf2,HemoPI2-Zenodo-14676712-rf-only-v27,0.20205241684529787,0.28251089202785207,False,False,no_conflict,False,apex;peptiverse
fgf2,11,masked_substitution,autoresearch-llamp-hydrophobic-rescue-v1,c2f899e3cd7c4726f2b2cc54e8609a29464caa2969d20a422c074b6fba3158b1,62dce69b35d28637a0b8907689d5c9e38662ff0f808a6d3839811951370c9fa5,62dce69b35d28637a0b8907689d5c9e38662ff0f808a6d3839811951370c9fa5,TYRGKQQNNRKKKKVTKNKGH,llamp,llamp_log10_mic_um,1.7650943994522095,seqfam80_62dce69b35d28637a0b8,TYRGKQQNNRKKKKVTKNKGH,true,true,13,K13I,TYRGKQQNNRKKIKVTKNKGH,cfc0bb9c5705b1c0fb9372c037dcf0ec6a0fc82039c413f58c098cef441de195,proposal-cfc0bb9c5705b1c0fb93,4.876190476190476,1,0.14285714285714285,8.026,false,search_prefilter,2526.91,11.6865234375,0.09523809523809523,0.22861973352412462,0.376,0.446,low,0.415,0.0,Non-Toxin,1.5591615438461304,36.23777664472287,0.2059328556060791,true,true,true,1.4909215027911282,30.96859502102163,1.2433264255523682,1.6878995895385742,1.5667948722839355,1.4656572341918945,12,true,true,0,false,not_started,0.881785,0.861279,0.925211,3,true,at_or_above_parent_run_top_quartile_per_independent_model,autoresearch_structure_cohort_challenger_shadow,0,0.29,182.285,fgf2,HemoPI2-Zenodo-14676712-rf-only-v27,0.20205241684529787,0.28251089202785207,False,False,no_conflict,False,apex;peptiverse
fgf2,11,masked_substitution,autoresearch-llamp-hydrophobic-rescue-v1,41eaf91844f3017c4da6acfd772e9d05ead4e85aca59fe5564b1698c254ceccf,62dce69b35d28637a0b8907689d5c9e38662ff0f808a6d3839811951370c9fa5,62dce69b35d28637a0b8907689d5c9e38662ff0f808a6d3839811951370c9fa5,TYRGKQQNNRKKKKVTKNKGH,llamp,llamp_log10_mic_um,1.7650943994522095,seqfam80_62dce69b35d28637a0b8,TYRGKQQNNRKKKKVTKNKGH,true,true,11,K11I,TYRGKQQNNRIKKKVTKNKGH,ec4895c4db06b2f41a9f1ed9017b07e248d8dd968a44ef6359446ec4f0b7ccfd,proposal-ec4895c4db06b2f41a9f,8.919047619047618,1,0.14285714285714285,8.026,false,search_prefilter,2526.91,11.6865234375,0.09523809523809523,0.31058764383362364,0.366,0.446,low,0.425,0.0,Non-Toxin,1.6035689115524292,40.139218399969,0.16152656078338623,true,true,true,1.5512465056710254,35.58332323039315,1.018963098526001,1.7618292570114136,1.8030871152877808,1.6211059093475342,12,true,true,0,false,not_started,0.840772,0.827503,0.916767,3,true,at_or_above_parent_run_top_quartile_per_independent_model,autoresearch_structure_cohort_challenger_shadow,0,0.305,178.429,fgf2,HemoPI2-Zenodo-14676712-rf-only-v27,0.22117413373990175,0.28251089202785207,False,False,no_conflict,False,apex;peptiverse
fgf2,11,masked_substitution,autoresearch-llamp-hydrophobic-rescue-v1,0ca82248e496a0e6fa8b026c7363b0d3a64c34c19cc6613bcfd87aef3b64a1ff,62dce69b35d28637a0b8907689d5c9e38662ff0f808a6d3839811951370c9fa5,62dce69b35d28637a0b8907689d5c9e38662ff0f808a6d3839811951370c9fa5,TYRGKQQNNRKKKKVTKNKGH,llamp,llamp_log10_mic_um,1.7650943994522095,seqfam80_62dce69b35d28637a0b8,TYRGKQQNNRKKKKVTKNKGH,true,true,11,K11V,TYRGKQQNNRVKKKVTKNKGH,ed363aa73e3f4260cb37382bc954e58f5863fb562af3c0ddf85febcc511f336c,proposal-ed363aa73e3f4260cb37,11.590476190476192,1,0.14285714285714285,8.026,false,search_prefilter,2512.88,11.6865234375,0.09523809523809523,0.30274962667085575,0.396,0.386,low,0.37,0.0,Non-Toxin,1.588186502456665,38.74239836971148,0.17690789699554443,true,true,true,1.4595628781396675,28.811301561352504,1.1539409160614014,1.7903094291687012,1.6701931953430176,1.2237796783447266,12,true,true,0,false,not_started,0.902292,0.837153,0.945718,3,true,at_or_above_parent_run_top_quartile_per_independent_model,autoresearch_structure_cohort_challenger_shadow,0,0.31,166.432,fgf2,HemoPI2-Zenodo-14676712-rf-only-v27,0.2277032848517308,0.28251089202785207,False,False,no_conflict,False,apex;peptiverse
