branch_key,generation,action_type,operator_id,action_sha256,parent_candidate_id,parent_sequence_sha256,parent_sequence,rescue_endpoint,rescue_metric,parent_rescue_metric_value,family_key_80_80,family_representative_sequence,new_family_relative_to_all_references,diversity_qualified,edit_position_1based,edit,sequence,sequence_sha256,candidate_id,guruprasad_instability_index,maximum_hydrophobic_run,hydrophobic_fraction,net_charge_ph7_4,historical_exact_replay,score_all_status,molecular_weight_da,isoelectric_point,hydrophobic_ratio_modlamp,hydrophobic_moment_eisenberg,macrel_amp_probability,macrel_hemolysis_probability,macrel_hemolysis_label,toxinpred3_ml_score,toxinpred3_hybrid_score,toxinpred3_label,amp_read_log10_mic_um,amp_read_predicted_mic_um,amp_read_cnn_log10_mic_um,amp_read_transformer_log10_mic_um,amp_read_attention_log10_mic_um,amp_read_lstm_log10_mic_um,rescue_metric_improvement,safety_hard_gate_pass,rescue_gain_positive,full_score_shortlist,llamp_log10_mic_um,llamp_predicted_mic_um,formal_metric_count,formal_12_complete,display_eligible,activity_model_support_count,excellent_sequence_stage,structure_md_status,amp_read_log10_mic_um__parent_benefit_percentile,llamp_log10_mic_um__parent_benefit_percentile,macrel_amp_probability__parent_benefit_percentile,activity_model_support_count_calibrated,excellent_sequence_stage_calibrated,activity_support_semantics,evidence_scope,hemopi2_classification_label,hemopi2_classification_score,hemopi2_hc50_um,target_key,validator_version,calibrated_hemolysis_probability,calibration_risk_threshold,calibration_threshold_exceeded,reported_hc50_below_100_um,challenger_conflict_status,candidate_hard_gate_allowed,missing_verified_runtimes
fgf2,5,masked_substitution,autoresearch-amp-read-hydrophobic-rescue-v1,a33e0f7418573d6acbdc76e940fba337ee96a2c08b3fa2aaee2bf2556f015400,461bb33ed0c1820a3cfaa8bcc648bf1b0b5554624d177459ce590c5fdd37f256,461bb33ed0c1820a3cfaa8bcc648bf1b0b5554624d177459ce590c5fdd37f256,DKKARGFKRKKGRWEKKKDKYNGTER,amp-read,amp_read_log10_mic_um,1.905152855358653,seqfam80_f2ae21e180b652bfebf3,DKKAREFKRKKGRSEKKKDKYNGTER,true,true,10,K10Y,DKKARGFKRYKGRWEKKKDKYNGTER,caf5c16bb5f41760c8521bcb0d588a3e3f30826e53fbdbb85251a258a59acadd,proposal-caf5c16bb5f41760c852,20.803846153846155,1,0.19230769230769232,7.983,false,search_prefilter,3273.72,10.9056396484375,0.07692307692307693,0.3098284418029586,0.386,0.386,low,0.375,0.0,Non-Toxin,1.6584246135939824,45.54331235761034,1.5808430910110474,2.214653968811035,0.7652498483657837,2.072995662689209,0.24672824176467056,true,true,true,1.644175410270691,44.07328382663817,12,true,true,0,false,not_started,0.762364,0.793727,0.933655,3,true,at_or_above_parent_run_top_quartile_per_independent_model,autoresearch_structure_cohort_challenger_shadow,0,0.275,153.117,fgf2,HemoPI2-Zenodo-14676712-rf-only-v27,0.18365756714014775,0.28251089202785207,False,False,no_conflict,False,apex;peptiverse
fgf2,5,masked_substitution,autoresearch-amp-read-hydrophobic-rescue-v1,f7da6071760e56f63570ca13f65d4e8a6e4308afc836623f18a1c881fd10a787,461bb33ed0c1820a3cfaa8bcc648bf1b0b5554624d177459ce590c5fdd37f256,461bb33ed0c1820a3cfaa8bcc648bf1b0b5554624d177459ce590c5fdd37f256,DKKARGFKRKKGRWEKKKDKYNGTER,amp-read,amp_read_log10_mic_um,1.905152855358653,seqfam80_f2ae21e180b652bfebf3,DKKAREFKRKKGRSEKKKDKYNGTER,true,true,5,R5W,DKKAWGFKRKKGRWEKKKDKYNGTER,b21f4c28a1ccdd4e60df337247eee342b7ae0c3856f6fb4ad6ae088ee36a9c96,proposal-b21f4c28a1ccdd4e60df,22.980769230769234,2,0.19230769230769232,7.984,false,search_prefilter,3268.74,10.9591064453125,0.07692307692307693,0.14998829095961771,0.376,0.366,low,0.435,0.0,Non-Toxin,1.5647699145611025,36.708776906508554,1.5837808847427368,1.4681020975112915,0.5376338958740234,2.669670581817627,0.34038297060042133,true,true,true,1.4772875308990479,30.011488150624544,12,true,true,0,false,not_started,0.829916,0.901086,0.925211,3,true,at_or_above_parent_run_top_quartile_per_independent_model,autoresearch_structure_cohort_challenger_shadow,0,0.28,159.578,fgf2,HemoPI2-Zenodo-14676712-rf-only-v27,0.18970630018966653,0.28251089202785207,False,False,no_conflict,False,apex;peptiverse
fgf2,5,masked_substitution,autoresearch-amp-read-hydrophobic-rescue-v1,4a8bec7d8ce8d09107432f5854994cb6e5cb2be0b57e51e116d1f10f71796db7,461bb33ed0c1820a3cfaa8bcc648bf1b0b5554624d177459ce590c5fdd37f256,461bb33ed0c1820a3cfaa8bcc648bf1b0b5554624d177459ce590c5fdd37f256,DKKARGFKRKKGRWEKKKDKYNGTER,amp-read,amp_read_log10_mic_um,1.905152855358653,seqfam80_f2ae21e180b652bfebf3,DKKAREFKRKKGRSEKKKDKYNGTER,true,true,13,R13W,DKKARGFKRKKGWWEKKKDKYNGTER,451ff8e93458296877aaf4820692332ed15ab7be4e414e8a3268869aabf87ee6,proposal-451ff8e93458296877aa,6.419230769230771,2,0.19230769230769232,7.984,false,search_prefilter,3268.74,10.9591064453125,0.07692307692307693,0.23908362856859383,0.366,0.396,low,0.44,0.0,Non-Toxin,1.4697052122220242,29.492067024500148,1.4672460556030273,1.6685587167739868,0.6483033895492554,2.0947749614715576,0.43544764313662876,true,true,true,1.509009599685669,32.28565485436047,12,true,true,0,false,not_started,0.896261,0.886610,0.916767,3,true,at_or_above_parent_run_top_quartile_per_independent_model,autoresearch_structure_cohort_challenger_shadow,0,0.285,152.3,fgf2,HemoPI2-Zenodo-14676712-rf-only-v27,0.19583832451978658,0.28251089202785207,False,False,no_conflict,False,apex;peptiverse
fgf2,5,masked_substitution,autoresearch-amp-read-hydrophobic-rescue-v1,9d2fdd2f5b2974d8ce567ddcb1a43507ebe2353af38380158a7da4a74e639c35,461bb33ed0c1820a3cfaa8bcc648bf1b0b5554624d177459ce590c5fdd37f256,461bb33ed0c1820a3cfaa8bcc648bf1b0b5554624d177459ce590c5fdd37f256,DKKARGFKRKKGRWEKKKDKYNGTER,amp-read,amp_read_log10_mic_um,1.905152855358653,seqfam80_f2ae21e180b652bfebf3,DKKAREFKRKKGRSEKKKDKYNGTER,true,true,9,R9F,DKKARGFKFKKGRWEKKKDKYNGTER,4812689027f641703449824543f6088d0c61e72aebb40269aa61baa2858d29a4,proposal-4812689027f641703449,5.384615384615386,1,0.19230769230769232,7.984,false,search_prefilter,3229.7,10.9591064453125,0.11538461538461539,0.14791142381572323,0.356,0.366,low,0.405,0.0,Non-Toxin,1.5495549543585216,35.4449978511122,1.6539734601974487,1.7841362953186035,0.6802057027816772,2.079957962036133,0.35559790100013133,true,true,true,1.5090194940567017,32.286390414908475,12,true,true,0,false,not_started,0.841978,0.886610,0.910736,3,true,at_or_above_parent_run_top_quartile_per_independent_model,autoresearch_structure_cohort_challenger_shadow,0,0.29,142.963,fgf2,HemoPI2-Zenodo-14676712-rf-only-v27,0.20205241684529787,0.28251089202785207,False,False,no_conflict,False,apex;peptiverse
fgf2,5,masked_substitution,autoresearch-amp-read-hydrophobic-rescue-v1,264ef919ac73f7605594a2e224176aa44160ecac62d2ef99b16b2f7903e997fc,461bb33ed0c1820a3cfaa8bcc648bf1b0b5554624d177459ce590c5fdd37f256,461bb33ed0c1820a3cfaa8bcc648bf1b0b5554624d177459ce590c5fdd37f256,DKKARGFKRKKGRWEKKKDKYNGTER,amp-read,amp_read_log10_mic_um,1.905152855358653,seqfam80_f2ae21e180b652bfebf3,DKKAREFKRKKGRSEKKKDKYNGTER,true,true,24,T24F,DKKARGFKRKKGRWEKKKDKYNGFER,5e520c9d003e53a6a9620eadb68413812480e79fc71dbcae142165ebae1569cc,proposal-5e520c9d003e53a6a962,19.56153846153846,1,0.19230769230769232,8.984,false,search_prefilter,3284.78,11.1365966796875,0.11538461538461539,0.2661625718444197,0.436,0.495,low,0.47,0.0,Non-Toxin,1.62751010759979,42.41408550838723,1.531252384185791,1.715954303741455,0.5433559417724609,2.719585657119751,0.277642747758863,true,true,true,1.4292165040969849,26.86683474909738,12,true,true,0,false,not_started,0.786490,0.922799,0.961399,3,true,at_or_above_parent_run_top_quartile_per_independent_model,autoresearch_structure_cohort_challenger_shadow,0,0.29,136.901,fgf2,HemoPI2-Zenodo-14676712-rf-only-v27,0.20205241684529787,0.28251089202785207,False,False,no_conflict,False,apex;peptiverse
fgf2,5,masked_substitution,autoresearch-amp-read-hydrophobic-rescue-v1,de00e72bbfb19f432d071846066b3ec7a70f379c6afee94e7defb23384fa4a05,461bb33ed0c1820a3cfaa8bcc648bf1b0b5554624d177459ce590c5fdd37f256,461bb33ed0c1820a3cfaa8bcc648bf1b0b5554624d177459ce590c5fdd37f256,DKKARGFKRKKGRWEKKKDKYNGTER,amp-read,amp_read_log10_mic_um,1.905152855358653,seqfam80_f2ae21e180b652bfebf3,DKKAREFKRKKGRSEKKKDKYNGTER,true,true,15,E15Y,DKKARGFKRKKGRWYKKKDKYNGTER,6e7e29ee5fb67c264c160be307f611ec73aeb0adb71bc77c00714e40f9a7d9e3,proposal-6e7e29ee5fb67c264c16,23.703846153846154,2,0.19230769230769232,9.982,false,search_prefilter,3272.78,11.153076171875,0.07692307692307693,0.2745687004982673,0.426,0.426,low,0.435,0.0,Non-Toxin,1.4855894271076573,30.590700855666803,1.3674372434616089,1.5689938068389893,0.5822073221206665,2.423811435699463,0.4195634282509957,true,true,true,1.1930396556854248,15.596949129879757,12,true,true,0,false,not_started,0.885404,0.961399,0.960193,3,true,at_or_above_parent_run_top_quartile_per_independent_model,autoresearch_structure_cohort_challenger_shadow,0,0.29,154.01,fgf2,HemoPI2-Zenodo-14676712-rf-only-v27,0.20205241684529787,0.28251089202785207,False,False,no_conflict,False,apex;peptiverse
fgf2,5,masked_substitution,autoresearch-amp-read-hydrophobic-rescue-v1,6f97b1701be88f3063c194b0a6643ab3f3e5859034b79050a7cc0e9ad1ead892,461bb33ed0c1820a3cfaa8bcc648bf1b0b5554624d177459ce590c5fdd37f256,461bb33ed0c1820a3cfaa8bcc648bf1b0b5554624d177459ce590c5fdd37f256,DKKARGFKRKKGRWEKKKDKYNGTER,amp-read,amp_read_log10_mic_um,1.905152855358653,seqfam80_f2ae21e180b652bfebf3,DKKAREFKRKKGRSEKKKDKYNGTER,true,true,2,K2W,DWKARGFKRKKGRWEKKKDKYNGTER,fb3c516b3ff8f06aeb2eb0179e83a63bb016fbc00cac216f6126bdfe23d48e26,proposal-fb3c516b3ff8f06aeb2e,26.969230769230773,1,0.19230769230769232,7.985,false,search_prefilter,3296.75,11.081298828125,0.07692307692307693,0.21176508053758988,0.347,0.426,low,0.52,0.02,Non-Toxin,1.4101987025661182,25.71572083913316,1.2037283182144165,1.4730358123779297,0.6193315982818604,2.344789981842041,0.49495415279253474,true,true,true,1.5881375074386597,38.7380278848981,12,true,true,0,false,not_started,0.924005,0.837153,0.904704,3,true,at_or_above_parent_run_top_quartile_per_independent_model,autoresearch_structure_cohort_challenger_shadow,0,0.295,144.002,fgf2,HemoPI2-Zenodo-14676712-rf-only-v27,0.20834730488809883,0.28251089202785207,False,False,no_conflict,False,apex;peptiverse
fgf2,5,masked_substitution,autoresearch-amp-read-hydrophobic-rescue-v1,afb6c40c5fd4498873c751516e33d660bfda650c7272fa7ae9cc435bfa59d554,461bb33ed0c1820a3cfaa8bcc648bf1b0b5554624d177459ce590c5fdd37f256,461bb33ed0c1820a3cfaa8bcc648bf1b0b5554624d177459ce590c5fdd37f256,DKKARGFKRKKGRWEKKKDKYNGTER,amp-read,amp_read_log10_mic_um,1.905152855358653,seqfam80_f2ae21e180b652bfebf3,DKKAREFKRKKGRSEKKKDKYNGTER,true,true,13,R13I,DKKARGFKRKKGIWEKKKDKYNGTER,1e3cbb4eaf74b7a18932b9aa8e91d643e02a4b56d3372cdbf5c46154d4b151af,proposal-1e3cbb4eaf74b7a18932,-1.5923076923076913,2,0.19230769230769232,7.984,false,search_prefilter,3195.69,10.9591064453125,0.11538461538461539,0.24084352734168407,0.257,0.396,low,0.41,0.0,Non-Toxin,1.473210989124682,29.731100785029817,1.4202293157577515,1.7685368061065674,0.7375214099884033,1.9666059017181396,0.4319418662339709,true,true,true,1.6780385971069336,47.64733305967193,12,true,true,0,false,not_started,0.895054,0.756333,0.814234,3,true,at_or_above_parent_run_top_quartile_per_independent_model,autoresearch_structure_cohort_challenger_shadow,0,0.3,148.171,fgf2,HemoPI2-Zenodo-14676712-rf-only-v27,0.2147216673120842,0.28251089202785207,False,False,no_conflict,False,apex;peptiverse
fgf2,5,masked_substitution,autoresearch-amp-read-hydrophobic-rescue-v1,7b128114b4295ac96e0c85c4559710826411d6e9b19ba5d781b62dd1908451bb,461bb33ed0c1820a3cfaa8bcc648bf1b0b5554624d177459ce590c5fdd37f256,461bb33ed0c1820a3cfaa8bcc648bf1b0b5554624d177459ce590c5fdd37f256,DKKARGFKRKKGRWEKKKDKYNGTER,amp-read,amp_read_log10_mic_um,1.905152855358653,seqfam80_f2ae21e180b652bfebf3,DKKAREFKRKKGRSEKKKDKYNGTER,true,true,25,E25Y,DKKARGFKRKKGRWEKKKDKYNGTYR,d55e7b0433f6cd379735b147ebcec9b0f9370325995a833a5b6d67afa8270b58,proposal-d55e7b0433f6cd379735,9.79230769230769,1,0.19230769230769232,9.982,false,search_prefilter,3272.78,11.153076171875,0.07692307692307693,0.30583453940042804,0.446,0.465,low,0.495,0.0,Non-Toxin,1.66996728998273,46.76999139264194,1.4652159214019775,1.8497886657714844,0.7756301164627075,2.589324474334717,0.23518556537592294,true,true,true,1.553275465965271,35.74995224178552,12,true,true,0,false,not_started,0.751508,0.867310,0.962606,3,true,at_or_above_parent_run_top_quartile_per_independent_model,autoresearch_structure_cohort_challenger_shadow,0,0.3,148.161,fgf2,HemoPI2-Zenodo-14676712-rf-only-v27,0.2147216673120842,0.28251089202785207,False,False,no_conflict,False,apex;peptiverse
fgf2,5,masked_substitution,autoresearch-amp-read-hydrophobic-rescue-v1,d56d7810baa65637cc8a1e63f0a13c737cb599cec924688450ee1f0fd48476d9,461bb33ed0c1820a3cfaa8bcc648bf1b0b5554624d177459ce590c5fdd37f256,461bb33ed0c1820a3cfaa8bcc648bf1b0b5554624d177459ce590c5fdd37f256,DKKARGFKRKKGRWEKKKDKYNGTER,amp-read,amp_read_log10_mic_um,1.905152855358653,seqfam80_f2ae21e180b652bfebf3,DKKAREFKRKKGRSEKKKDKYNGTER,true,true,24,T24W,DKKARGFKRKKGRWEKKKDKYNGWER,c5807fff8b950b302bcc7e3bdabfc036efb92624cc90976b93a6b7332576191e,proposal-c5807fff8b950b302bcc,24.307692307692303,1,0.19230769230769232,8.984,false,search_prefilter,3323.82,11.1365966796875,0.07692307692307693,0.26562627294588287,0.436,0.485,low,0.53,0.03,Non-Toxin,1.5602583886384118,36.32941366267672,1.4054852724075317,1.693554401397705,0.5400124788284302,2.6020843982696533,0.34489455611773234,true,true,true,1.3045352697372437,20.162077034112574,12,true,true,0,false,not_started,0.833534,0.957780,0.961399,3,true,at_or_above_parent_run_top_quartile_per_independent_model,autoresearch_structure_cohort_challenger_shadow,0,0.3,135.646,fgf2,HemoPI2-Zenodo-14676712-rf-only-v27,0.2147216673120842,0.28251089202785207,False,False,no_conflict,False,apex;peptiverse
fgf2,5,masked_substitution,autoresearch-amp-read-hydrophobic-rescue-v1,953050d9d0c31788e56d6d12b6e4f5552694d8467b33212e880fee105546cda1,461bb33ed0c1820a3cfaa8bcc648bf1b0b5554624d177459ce590c5fdd37f256,461bb33ed0c1820a3cfaa8bcc648bf1b0b5554624d177459ce590c5fdd37f256,DKKARGFKRKKGRWEKKKDKYNGTER,amp-read,amp_read_log10_mic_um,1.905152855358653,seqfam80_f2ae21e180b652bfebf3,DKKAREFKRKKGRSEKKKDKYNGTER,true,true,15,E15F,DKKARGFKRKKGRWFKKKDKYNGTER,68e99ddf6194c3d73bd06b621eebe45e124174d721d747427efefe9de5145ff1,proposal-68e99ddf6194c3d73bd0,17.923076923076923,2,0.19230769230769232,9.984,false,search_prefilter,3256.78,11.353515625,0.11538461538461539,0.2858719309147929,0.455,0.455,low,0.445,0.0,Non-Toxin,1.4069567028707017,25.524468229619767,1.2723803520202637,1.211788535118103,0.5547655820846558,2.589005947113037,0.49819615248795124,true,true,true,1.5128132104873657,32.5696589178197,12,true,true,0,false,not_started,0.925211,0.885404,0.965018,3,true,at_or_above_parent_run_top_quartile_per_independent_model,autoresearch_structure_cohort_challenger_shadow,0,0.3,150.462,fgf2,HemoPI2-Zenodo-14676712-rf-only-v27,0.2147216673120842,0.28251089202785207,False,False,no_conflict,False,apex;peptiverse
fgf2,5,masked_substitution,autoresearch-amp-read-hydrophobic-rescue-v1,f71b68d4d1a6ad134042931e6880dd81fd974154523b9b9a429591d4f6300288,461bb33ed0c1820a3cfaa8bcc648bf1b0b5554624d177459ce590c5fdd37f256,461bb33ed0c1820a3cfaa8bcc648bf1b0b5554624d177459ce590c5fdd37f256,DKKARGFKRKKGRWEKKKDKYNGTER,amp-read,amp_read_log10_mic_um,1.905152855358653,seqfam80_f2ae21e180b652bfebf3,DKKAREFKRKKGRSEKKKDKYNGTER,true,true,15,E15I,DKKARGFKRKKGRWIKKKDKYNGTER,97dee727cbe1f326002c2868d79db8cfe3f48b411e160f672253ff1278b5e97f,proposal-97dee727cbe1f326002c,20.43846153846154,2,0.19230769230769232,9.984,false,search_prefilter,3222.76,11.353515625,0.11538461538461539,0.2888042010846647,0.356,0.426,low,0.46,0.0,Non-Toxin,1.4722913651010914,29.668211413476882,1.3509025573730469,1.2370132207870483,0.522312343120575,2.7790632247924805,0.4328614753559088,true,true,true,1.2291804552078247,16.950419669138647,12,true,true,0,false,not_started,0.895054,0.958987,0.910736,3,true,at_or_above_parent_run_top_quartile_per_independent_model,autoresearch_structure_cohort_challenger_shadow,0,0.3,153.819,fgf2,HemoPI2-Zenodo-14676712-rf-only-v27,0.2147216673120842,0.28251089202785207,False,False,no_conflict,False,apex;peptiverse
fgf2,5,masked_substitution,autoresearch-amp-read-hydrophobic-rescue-v1,a6fda5ac67c34d5252f407ab64072baafd049da028406f726a82c30c09daec76,461bb33ed0c1820a3cfaa8bcc648bf1b0b5554624d177459ce590c5fdd37f256,461bb33ed0c1820a3cfaa8bcc648bf1b0b5554624d177459ce590c5fdd37f256,DKKARGFKRKKGRWEKKKDKYNGTER,amp-read,amp_read_log10_mic_um,1.905152855358653,seqfam80_f2ae21e180b652bfebf3,DKKAREFKRKKGRSEKKKDKYNGTER,true,true,15,E15L,DKKARGFKRKKGRWLKKKDKYNGTER,b54bfa2500a03cb6adfc9fd64a339313ad9c57d8a9033874b38b892e03c6b8a0,proposal-b54bfa2500a03cb6adfc,25.184615384615388,2,0.19230769230769232,9.984,false,search_prefilter,3222.76,11.353515625,0.11538461538461539,0.2844724709766788,0.356,0.386,low,0.51,0.01,Non-Toxin,1.489302573654437,30.85336760637852,1.3672053813934326,1.3783378601074219,0.5146932601928711,2.6970911026000977,0.415850281704216,true,true,true,1.6118563413619995,40.91253043239654,12,true,true,0,false,not_started,0.882992,0.820265,0.910736,3,true,at_or_above_parent_run_top_quartile_per_independent_model,autoresearch_structure_cohort_challenger_shadow,0,0.3,152.607,fgf2,HemoPI2-Zenodo-14676712-rf-only-v27,0.2147216673120842,0.28251089202785207,False,False,no_conflict,False,apex;peptiverse
fgf2,5,masked_substitution,autoresearch-amp-read-hydrophobic-rescue-v1,8db5e05c32e92672af64efd3ecdf1c93be8e35cc5cb4c76445cc4df07438ecdd,461bb33ed0c1820a3cfaa8bcc648bf1b0b5554624d177459ce590c5fdd37f256,461bb33ed0c1820a3cfaa8bcc648bf1b0b5554624d177459ce590c5fdd37f256,DKKARGFKRKKGRWEKKKDKYNGTER,amp-read,amp_read_log10_mic_um,1.905152855358653,seqfam80_f2ae21e180b652bfebf3,DKKAREFKRKKGRSEKKKDKYNGTER,true,true,13,R13V,DKKARGFKRKKGVWEKKKDKYNGTER,68c9ce3691ab4a981e6ab9774a78b26b00c89c83a4f38f8a264c1915cf12208c,proposal-68c9ce3691ab4a981e6a,1.6730769230769251,2,0.19230769230769232,7.984,false,search_prefilter,3181.66,10.9591064453125,0.11538461538461539,0.23968194969013637,0.228,0.347,low,0.37,0.0,Non-Toxin,1.651680163775159,44.841503299592226,1.4297465085983276,1.9555120468139648,0.6886235475540161,2.532926321029663,0.25347263198309555,true,true,true,1.569401502609253,37.10235723143842,12,true,true,0,false,not_started,0.764777,0.855247,0.758745,3,true,at_or_above_parent_run_top_quartile_per_independent_model,autoresearch_structure_cohort_challenger_shadow,0,0.3,152.719,fgf2,HemoPI2-Zenodo-14676712-rf-only-v27,0.2147216673120842,0.28251089202785207,False,False,no_conflict,False,apex;peptiverse
fgf2,5,masked_substitution,autoresearch-amp-read-hydrophobic-rescue-v1,6d121f98397029514f8dd7e7876c05d2d9a1b0219544e4108894b2db7455f370,461bb33ed0c1820a3cfaa8bcc648bf1b0b5554624d177459ce590c5fdd37f256,461bb33ed0c1820a3cfaa8bcc648bf1b0b5554624d177459ce590c5fdd37f256,DKKARGFKRKKGRWEKKKDKYNGTER,amp-read,amp_read_log10_mic_um,1.905152855358653,seqfam80_f2ae21e180b652bfebf3,DKKAREFKRKKGRSEKKKDKYNGTER,true,true,12,G12F,DKKARGFKRKKFRWEKKKDKYNGTER,488ea44503090eec8b7a2a47518d250029c1a945663bf131904d40844736e476,proposal-488ea44503090eec8b7a,26.969230769230773,1,0.19230769230769232,8.984,false,search_prefilter,3328.84,11.1365966796875,0.11538461538461539,0.24577564040755392,0.446,0.495,low,0.405,0.0,Non-Toxin,1.5797003423474347,37.99271609668009,1.7688250541687012,2.062330961227417,0.7210272550582886,1.7666401863098145,0.32545251301121825,true,true,true,1.5893105268478394,38.84279983707037,12,true,true,0,false,not_started,0.816647,0.837153,0.962606,3,true,at_or_above_parent_run_top_quartile_per_independent_model,autoresearch_structure_cohort_challenger_shadow,0,0.305,148.765,fgf2,HemoPI2-Zenodo-14676712-rf-only-v27,0.22117413373990175,0.28251089202785207,False,False,no_conflict,False,apex;peptiverse
fgf2,5,masked_substitution,autoresearch-amp-read-hydrophobic-rescue-v1,1eb09fb733c416271ca95f0d932228567af105d4c844827695de6a113aadb241,461bb33ed0c1820a3cfaa8bcc648bf1b0b5554624d177459ce590c5fdd37f256,461bb33ed0c1820a3cfaa8bcc648bf1b0b5554624d177459ce590c5fdd37f256,DKKARGFKRKKGRWEKKKDKYNGTER,amp-read,amp_read_log10_mic_um,1.905152855358653,seqfam80_f2ae21e180b652bfebf3,DKKAREFKRKKGRSEKKKDKYNGTER,true,true,22,N22W,DKKARGFKRKKGRWEKKKDKYWGTER,62df4ec77e6aef9b66f48bd05c01b0776eb1e166fdb5bfb7eba794fca7889f8f,proposal-62df4ec77e6aef9b66f4,21.50769230769231,2,0.19230769230769232,8.984,false,search_prefilter,3310.82,11.1365966796875,0.07692307692307693,0.2999011383551522,0.436,0.495,low,0.47,0.0,Non-Toxin,1.6119992863437402,40.925998721123875,1.5353103876113892,1.6921110153198242,0.7135339975357056,2.507129192352295,0.29315356901491274,true,true,true,1.1964033842086792,15.718220764672735,12,true,true,0,false,not_started,0.792521,0.961399,0.961399,3,true,at_or_above_parent_run_top_quartile_per_independent_model,autoresearch_structure_cohort_challenger_shadow,0,0.305,149.571,fgf2,HemoPI2-Zenodo-14676712-rf-only-v27,0.22117413373990175,0.28251089202785207,False,False,no_conflict,False,apex;peptiverse
fgf2,5,masked_substitution,autoresearch-amp-read-hydrophobic-rescue-v1,dbc8afae39b8b5e552d2f828143733c2851f00f1eb1af51b21169403959de13a,461bb33ed0c1820a3cfaa8bcc648bf1b0b5554624d177459ce590c5fdd37f256,461bb33ed0c1820a3cfaa8bcc648bf1b0b5554624d177459ce590c5fdd37f256,DKKARGFKRKKGRWEKKKDKYNGTER,amp-read,amp_read_log10_mic_um,1.905152855358653,seqfam80_f2ae21e180b652bfebf3,DKKAREFKRKKGRSEKKKDKYNGTER,true,true,9,R9W,DKKARGFKWKKGRWEKKKDKYNGTER,c73414751b8e8852c8e3978336055ecc1433e9d7b86236d574ca574d5ef12fe4,proposal-c73414751b8e8852c8e3,11.165384615384616,1,0.19230769230769232,7.984,false,search_prefilter,3268.74,10.9591064453125,0.07692307692307693,0.15874693565962755,0.376,0.376,low,0.51,0.01,Non-Toxin,1.4440610147848214,27.80103821930423,1.5412018299102783,1.649814248085022,0.823686957359314,1.7615723609924316,0.46109184057383157,true,true,true,1.632980465888977,42.95171071006944,12,true,true,0,false,not_started,0.910736,0.804584,0.925211,3,true,at_or_above_parent_run_top_quartile_per_independent_model,autoresearch_structure_cohort_challenger_shadow,0,0.305,140.89,fgf2,HemoPI2-Zenodo-14676712-rf-only-v27,0.22117413373990175,0.28251089202785207,False,False,no_conflict,False,apex;peptiverse
fgf2,5,masked_substitution,autoresearch-amp-read-hydrophobic-rescue-v1,ae72a6e6b186537fa679f522e99a1aa055c14c9a96f688653ec3b1d7d0218fd7,461bb33ed0c1820a3cfaa8bcc648bf1b0b5554624d177459ce590c5fdd37f256,461bb33ed0c1820a3cfaa8bcc648bf1b0b5554624d177459ce590c5fdd37f256,DKKARGFKRKKGRWEKKKDKYNGTER,amp-read,amp_read_log10_mic_um,1.905152855358653,seqfam80_f2ae21e180b652bfebf3,DKKAREFKRKKGRSEKKKDKYNGTER,true,true,8,K8W,DKKARGFWRKKGRWEKKKDKYNGTER,c69684ecf395162c8b5c6eea79d72ffdba788eb92e24bb2f8a04ba40214f5d7a,proposal-c69684ecf395162c8b5c,16.946153846153848,2,0.19230769230769232,7.985,false,search_prefilter,3296.75,11.081298828125,0.07692307692307693,0.26164383444210454,0.416,0.386,low,0.44,0.0,Non-Toxin,1.4163725714609994,26.083902697491723,1.345737099647522,1.8972628116607666,0.7590969800949097,1.6634199619293213,0.4887802838976536,true,true,true,1.685247778892517,48.4448682221379,12,true,true,0,false,not_started,0.919180,0.751508,0.954162,3,true,at_or_above_parent_run_top_quartile_per_independent_model,autoresearch_structure_cohort_challenger_shadow,0,0.305,155.605,fgf2,HemoPI2-Zenodo-14676712-rf-only-v27,0.22117413373990175,0.28251089202785207,False,False,no_conflict,False,apex;peptiverse
fgf2,5,masked_substitution,autoresearch-amp-read-hydrophobic-rescue-v1,005dec3efdb5b7aeb9cd789d4e9edf6b1e7531eb63dc70444035597e653c8836,461bb33ed0c1820a3cfaa8bcc648bf1b0b5554624d177459ce590c5fdd37f256,461bb33ed0c1820a3cfaa8bcc648bf1b0b5554624d177459ce590c5fdd37f256,DKKARGFKRKKGRWEKKKDKYNGTER,amp-read,amp_read_log10_mic_um,1.905152855358653,seqfam80_f2ae21e180b652bfebf3,DKKAREFKRKKGRSEKKKDKYNGTER,true,true,25,E25F,DKKARGFKRKKGRWEKKKDKYNGTFR,403a7272a47ded76d87061c915e3f0bb0ad17ad23bbdde4f8c152d27cddef2ac,proposal-403a7272a47ded76d870,21.04230769230769,1,0.19230769230769232,9.984,false,search_prefilter,3256.78,11.353515625,0.11538461538461539,0.3419466941309182,0.455,0.446,low,0.535,0.035,Non-Toxin,1.6249114434849679,42.161052451985746,1.5030159950256348,1.6024274826049805,0.721706748008728,2.6725969314575195,0.2802414118736851,true,true,true,1.0289885997772217,10.690268169185433,12,true,true,0,false,not_started,0.788902,0.974668,0.965018,3,true,at_or_above_parent_run_top_quartile_per_independent_model,autoresearch_structure_cohort_challenger_shadow,0,0.31,138.011,fgf2,HemoPI2-Zenodo-14676712-rf-only-v27,0.2277032848517308,0.28251089202785207,False,False,no_conflict,False,apex;peptiverse
fgf2,5,masked_substitution,autoresearch-amp-read-hydrophobic-rescue-v1,c898206d62947f14abfe7af1be5edaa3b10cc0a96c1320212263c3efddb1d986,461bb33ed0c1820a3cfaa8bcc648bf1b0b5554624d177459ce590c5fdd37f256,461bb33ed0c1820a3cfaa8bcc648bf1b0b5554624d177459ce590c5fdd37f256,DKKARGFKRKKGRWEKKKDKYNGTER,amp-read,amp_read_log10_mic_um,1.905152855358653,seqfam80_f2ae21e180b652bfebf3,DKKAREFKRKKGRSEKKKDKYNGTER,true,true,24,T24Y,DKKARGFKRKKGRWEKKKDKYNGYER,ab1bef9e8946ae75fe8f071649e9cf55b2e1115e98778d31a09b713e624ae7e3,proposal-ab1bef9e8946ae75fe8f,13.396153846153844,1,0.19230769230769232,8.982,false,search_prefilter,3300.78,10.968505859375,0.07692307692307693,0.26630791913267754,0.436,0.495,low,0.46,0.0,Non-Toxin,1.6497071964617467,44.63825373096155,1.2816202640533447,1.9062532186508179,0.5920894145965576,2.818981647491455,0.2554455992965079,true,true,true,1.5716540813446045,37.29529797482203,12,true,true,0,false,not_started,0.764777,0.851628,0.961399,3,true,at_or_above_parent_run_top_quartile_per_independent_model,autoresearch_structure_cohort_challenger_shadow,0,0.31,145.377,fgf2,HemoPI2-Zenodo-14676712-rf-only-v27,0.2277032848517308,0.28251089202785207,False,False,no_conflict,False,apex;peptiverse
fgf2,5,masked_substitution,autoresearch-amp-read-hydrophobic-rescue-v1,94c4dd07722af3f0fd33b048d0ef3b383bff0a228a2bff00ca13d952cd20ced0,461bb33ed0c1820a3cfaa8bcc648bf1b0b5554624d177459ce590c5fdd37f256,461bb33ed0c1820a3cfaa8bcc648bf1b0b5554624d177459ce590c5fdd37f256,DKKARGFKRKKGRWEKKKDKYNGTER,amp-read,amp_read_log10_mic_um,1.905152855358653,seqfam80_f2ae21e180b652bfebf3,DKKAREFKRKKGRSEKKKDKYNGTER,true,true,16,K16W,DKKARGFKRKKGRWEWKKDKYNGTER,b36ba92a8cb5dc5fae0af0661cf75f6f9708210dd496373da6fd019ea8e76b64,proposal-b36ba92a8cb5dc5fae0a,17.923076923076923,1,0.19230769230769232,7.985,false,search_prefilter,3296.75,11.081298828125,0.07692307692307693,0.17880783431632957,0.416,0.406,low,0.51,0.01,Non-Toxin,1.464577173053541,29.14588003825286,1.6219334602355957,2.0115623474121094,0.6346678733825684,1.5901618003845215,0.4405756823051119,true,true,true,1.4728362560272217,29.705458225192537,12,true,true,0,false,not_started,0.901086,0.903498,0.954162,3,true,at_or_above_parent_run_top_quartile_per_independent_model,autoresearch_structure_cohort_challenger_shadow,0,0.31,145.293,fgf2,HemoPI2-Zenodo-14676712-rf-only-v27,0.2277032848517308,0.28251089202785207,False,False,no_conflict,False,apex;peptiverse
fgf2,5,masked_substitution,autoresearch-amp-read-hydrophobic-rescue-v1,485e72520cf1a7f6bf28430fbccb013513b794422d677c158a508a47ff55a391,461bb33ed0c1820a3cfaa8bcc648bf1b0b5554624d177459ce590c5fdd37f256,461bb33ed0c1820a3cfaa8bcc648bf1b0b5554624d177459ce590c5fdd37f256,DKKARGFKRKKGRWEKKKDKYNGTER,amp-read,amp_read_log10_mic_um,1.905152855358653,seqfam80_f2ae21e180b652bfebf3,DKKAREFKRKKGRSEKKKDKYNGTER,true,true,15,E15W,DKKARGFKRKKGRWWKKKDKYNGTER,d31f3be7634a39d85f90173db9bd68284a0b7befa49bc23c3e16da0abc5fca6b,proposal-d31f3be7634a39d85f90,23.703846153846154,2,0.19230769230769232,9.984,false,search_prefilter,3295.81,11.353515625,0.07692307692307693,0.28067274435879624,0.446,0.426,low,0.515,0.015,Non-Toxin,1.3974601056995204,24.972389821908468,1.44509756565094,1.15214204788208,0.49567630887031555,2.49703049659729,0.507692809259531,true,true,true,1.5163575410842896,32.83655149391243,12,true,true,0,false,not_started,0.927624,0.885404,0.962606,3,true,at_or_above_parent_run_top_quartile_per_independent_model,autoresearch_structure_cohort_challenger_shadow,0,0.31,153.208,fgf2,HemoPI2-Zenodo-14676712-rf-only-v27,0.2277032848517308,0.28251089202785207,False,False,no_conflict,False,apex;peptiverse
fgf2,5,masked_substitution,autoresearch-amp-read-hydrophobic-rescue-v1,b95bdc1af4d03cfae834d3e56b61195302dcfc4d8b0e3bcbe493d8466cf1431b,461bb33ed0c1820a3cfaa8bcc648bf1b0b5554624d177459ce590c5fdd37f256,461bb33ed0c1820a3cfaa8bcc648bf1b0b5554624d177459ce590c5fdd37f256,DKKARGFKRKKGRWEKKKDKYNGTER,amp-read,amp_read_log10_mic_um,1.905152855358653,seqfam80_f2ae21e180b652bfebf3,DKKAREFKRKKGRSEKKKDKYNGTER,true,true,10,K10W,DKKARGFKRWKGRWEKKKDKYNGTER,606179519efdd18ac4208e5517741cb2430b70fee56be75715d90b7fa9c4b675,proposal-606179519efdd18ac420,45.73461538461539,1,0.19230769230769232,7.985,false,search_prefilter,3296.75,11.081298828125,0.07692307692307693,0.3248407933793187,0.416,0.416,low,0.485,0.0,Non-Toxin,1.3939270125976109,24.77005737798093,1.5326600074768066,2.036694049835205,0.6888127326965332,1.3175384998321533,0.5112258725612413,true,true,true,1.677299976348877,47.56636634145678,12,true,true,0,false,not_started,0.927624,0.756333,0.954162,3,true,at_or_above_parent_run_top_quartile_per_independent_model,autoresearch_structure_cohort_challenger_shadow,0,0.31,146.914,fgf2,HemoPI2-Zenodo-14676712-rf-only-v27,0.2277032848517308,0.28251089202785207,False,False,no_conflict,False,apex;peptiverse
fgf2,5,masked_substitution,autoresearch-amp-read-hydrophobic-rescue-v1,145333a12a57fe716203e898843e1ac4bd93be1e9d4cd2bfd8965555aaa21306,461bb33ed0c1820a3cfaa8bcc648bf1b0b5554624d177459ce590c5fdd37f256,461bb33ed0c1820a3cfaa8bcc648bf1b0b5554624d177459ce590c5fdd37f256,DKKARGFKRKKGRWEKKKDKYNGTER,amp-read,amp_read_log10_mic_um,1.905152855358653,seqfam80_f2ae21e180b652bfebf3,DKKAREFKRKKGRSEKKKDKYNGTER,true,true,3,K3W,DKWARGFKRKKGRWEKKKDKYNGTER,2df78a25509d515eaa198835266577ca455e655ef5bdf458c92935908c59fba7,proposal-2df78a25509d515eaa19,17.923076923076923,2,0.19230769230769232,7.985,false,search_prefilter,3296.75,11.081298828125,0.07692307692307693,0.342821860218201,0.356,0.446,low,0.435,0.0,Non-Toxin,1.5827550855594086,38.26089153945528,1.7372796535491943,1.629324197769165,0.5897984504699707,2.3746964931488037,0.3223977697992444,true,true,true,1.5928303003311157,39.15888346835,12,true,true,0,false,not_started,0.815440,0.832328,0.910736,3,true,at_or_above_parent_run_top_quartile_per_independent_model,autoresearch_structure_cohort_challenger_shadow,0,0.31,154.937,fgf2,HemoPI2-Zenodo-14676712-rf-only-v27,0.2277032848517308,0.28251089202785207,False,False,no_conflict,False,apex;peptiverse
fgf2,5,masked_substitution,autoresearch-amp-read-hydrophobic-rescue-v1,a4858f54c016afc023b20ffa206ad7b119d799f025b62e6744e648e52e49d610,461bb33ed0c1820a3cfaa8bcc648bf1b0b5554624d177459ce590c5fdd37f256,461bb33ed0c1820a3cfaa8bcc648bf1b0b5554624d177459ce590c5fdd37f256,DKKARGFKRKKGRWEKKKDKYNGTER,amp-read,amp_read_log10_mic_um,1.905152855358653,seqfam80_f2ae21e180b652bfebf3,DKKAREFKRKKGRSEKKKDKYNGTER,true,true,25,E25I,DKKARGFKRKKGRWEKKKDKYNGTIR,7044ba77363dbfbbc05b4fe3069de89930935605295eefbcd22d6aa8a88f202e,proposal-7044ba77363dbfbbc05b,16.296153846153842,1,0.19230769230769232,9.984,false,search_prefilter,3222.76,11.353515625,0.11538461538461539,0.34963124309142624,0.347,0.406,low,0.56,0.06,Non-Toxin,1.6410767632878411,43.75994457763519,1.619638204574585,1.613762617111206,0.6317111253738403,2.69929838180542,0.26407618147451606,true,true,true,0.647534966468811,4.441554203312415,12,true,true,1,false,not_started,0.775633,0.983112,0.904704,3,true,at_or_above_parent_run_top_quartile_per_independent_model,autoresearch_structure_cohort_challenger_shadow,0,0.32,144.548,fgf2,HemoPI2-Zenodo-14676712-rf-only-v27,0.24098572030325782,0.28251089202785207,False,False,no_conflict,False,apex;peptiverse
fgf2,5,masked_substitution,autoresearch-amp-read-hydrophobic-rescue-v1,47ab04b62836ab74af457fb37d7df6e21d715424b2105820e9df5b8ad2c00d25,461bb33ed0c1820a3cfaa8bcc648bf1b0b5554624d177459ce590c5fdd37f256,461bb33ed0c1820a3cfaa8bcc648bf1b0b5554624d177459ce590c5fdd37f256,DKKARGFKRKKGRWEKKKDKYNGTER,amp-read,amp_read_log10_mic_um,1.905152855358653,seqfam80_f2ae21e180b652bfebf3,DKKAREFKRKKGRSEKKKDKYNGTER,true,true,12,G12I,DKKARGFKRKKIRWEKKKDKYNGTER,310b549a2eaba27125cbb87064752a907d9a79db36be5c5ad0a8a4f50ba536f1,proposal-310b549a2eaba27125cb,23.703846153846154,1,0.19230769230769232,8.984,false,search_prefilter,3294.82,11.1365966796875,0.11538461538461539,0.23998106792421112,0.356,0.436,low,0.4,0.0,Non-Toxin,1.6199365642152976,41.68084973519657,1.5352567434310913,2.111307144165039,0.7268321514129639,2.106400966644287,0.28521629114335534,true,true,true,1.4705697298049927,29.55083315050715,12,true,true,0,false,not_started,0.791315,0.903498,0.910736,3,true,at_or_above_parent_run_top_quartile_per_independent_model,autoresearch_structure_cohort_challenger_shadow,0,0.32,150.947,fgf2,HemoPI2-Zenodo-14676712-rf-only-v27,0.24098572030325782,0.28251089202785207,False,False,no_conflict,False,apex;peptiverse
fgf2,5,masked_substitution,autoresearch-amp-read-hydrophobic-rescue-v1,33966a7f1588814b154f5eb87b531a7ee19cca1b0ac95479669959d0b22f5531,461bb33ed0c1820a3cfaa8bcc648bf1b0b5554624d177459ce590c5fdd37f256,461bb33ed0c1820a3cfaa8bcc648bf1b0b5554624d177459ce590c5fdd37f256,DKKARGFKRKKGRWEKKKDKYNGTER,amp-read,amp_read_log10_mic_um,1.905152855358653,seqfam80_f2ae21e180b652bfebf3,DKKAREFKRKKGRSEKKKDKYNGTER,true,true,12,G12L,DKKARGFKRKKLRWEKKKDKYNGTER,4fd31b87d1f1d75198d4bb5c9c99674db1e920735dd240e5f8185d6fe217e604,proposal-4fd31b87d1f1d75198d4,31.11153846153847,1,0.19230769230769232,8.984,false,search_prefilter,3294.82,11.1365966796875,0.11538461538461539,0.24871152032790383,0.356,0.446,low,0.41,0.0,Non-Toxin,1.6268635990883769,42.35099314021282,1.672175407409668,2.3153629302978516,0.7276417016983032,1.7922956943511963,0.2782892562702761,true,true,true,1.310521125793457,20.441893710030733,12,true,true,0,false,not_started,0.787696,0.952955,0.910736,3,true,at_or_above_parent_run_top_quartile_per_independent_model,autoresearch_structure_cohort_challenger_shadow,0,0.32,153.286,fgf2,HemoPI2-Zenodo-14676712-rf-only-v27,0.24098572030325782,0.28251089202785207,False,False,no_conflict,False,apex;peptiverse
fgf2,5,masked_substitution,autoresearch-amp-read-hydrophobic-rescue-v1,43eb1048e9dc8a52f318cbb46a577c1963a523e9d479bbf64354807baf2d5675,461bb33ed0c1820a3cfaa8bcc648bf1b0b5554624d177459ce590c5fdd37f256,461bb33ed0c1820a3cfaa8bcc648bf1b0b5554624d177459ce590c5fdd37f256,DKKARGFKRKKGRWEKKKDKYNGTER,amp-read,amp_read_log10_mic_um,1.905152855358653,seqfam80_f2ae21e180b652bfebf3,DKKAREFKRKKGRSEKKKDKYNGTER,true,true,9,R9L,DKKARGFKLKKGRWEKKKDKYNGTER,551d50fb8b5ee51a7d9f2a0020b13fbaf637cdce92513d53eb9648dabc397bc7,proposal-551d50fb8b5ee51a7d9f,4.634615384615384,1,0.19230769230769232,7.984,false,search_prefilter,3195.69,10.9591064453125,0.11538461538461539,0.15062167825474687,0.287,0.356,low,0.475,0.0,Non-Toxin,1.5891994602597093,38.83286743905756,1.6760259866714478,1.9860646724700928,0.7342073917388916,1.9605388641357422,0.3159533354985451,true,true,true,1.64513099193573,44.170365395419566,12,true,true,0,false,not_started,0.813028,0.793727,0.848010,3,true,at_or_above_parent_run_top_quartile_per_independent_model,autoresearch_structure_cohort_challenger_shadow,0,0.325,142.691,fgf2,HemoPI2-Zenodo-14676712-rf-only-v27,0.24773592332956057,0.28251089202785207,False,False,no_conflict,False,apex;peptiverse
fgf2,5,masked_substitution,autoresearch-amp-read-hydrophobic-rescue-v1,ed7d27dfdb85fae761c40fe85752439ac449e7d2ca14fdcff4e0cdd2b6f5b68c,461bb33ed0c1820a3cfaa8bcc648bf1b0b5554624d177459ce590c5fdd37f256,461bb33ed0c1820a3cfaa8bcc648bf1b0b5554624d177459ce590c5fdd37f256,DKKARGFKRKKGRWEKKKDKYNGTER,amp-read,amp_read_log10_mic_um,1.905152855358653,seqfam80_f2ae21e180b652bfebf3,DKKAREFKRKKGRSEKKKDKYNGTER,true,true,11,K11I,DKKARGFKRKIGRWEKKKDKYNGTER,943352925f0e02a1b9e34e1a6b6a85be98df7bfb5586a9312746badc3463a09e,proposal-943352925f0e02a1b9e3,23.703846153846154,1,0.19230769230769232,7.985,false,search_prefilter,3223.7,11.081298828125,0.11538461538461539,0.35687021002137226,0.337,0.446,low,0.435,0.0,Non-Toxin,1.498643181700269,31.52413521961312,1.7017183303833008,2.294229507446289,0.7419918775558472,1.256615400314331,0.406509673658384,true,true,true,1.5860180854797363,38.549441061251294,12,true,true,0,false,not_started,0.879373,0.838359,0.892642,3,true,at_or_above_parent_run_top_quartile_per_independent_model,autoresearch_structure_cohort_challenger_shadow,0,0.325,147.595,fgf2,HemoPI2-Zenodo-14676712-rf-only-v27,0.24773592332956057,0.28251089202785207,False,False,no_conflict,False,apex;peptiverse
fgf2,5,masked_substitution,autoresearch-amp-read-hydrophobic-rescue-v1,b15a8d3fc05f207a00e18ed9662f22aff7e63c9fd98e7c4d6e14ed13ad65abaf,461bb33ed0c1820a3cfaa8bcc648bf1b0b5554624d177459ce590c5fdd37f256,461bb33ed0c1820a3cfaa8bcc648bf1b0b5554624d177459ce590c5fdd37f256,DKKARGFKRKKGRWEKKKDKYNGTER,amp-read,amp_read_log10_mic_um,1.905152855358653,seqfam80_f2ae21e180b652bfebf3,DKKAREFKRKKGRSEKKKDKYNGTER,true,true,25,E25V,DKKARGFKRKKGRWEKKKDKYNGTVR,3b046c72a5c0cd6b401bac5a13d358040f6fbc385d9a981e3e5c6624f85425b8,proposal-3b046c72a5c0cd6b401b,16.296153846153842,1,0.19230769230769232,9.984,false,search_prefilter,3208.73,11.353515625,0.11538461538461539,0.33810455197467026,0.347,0.366,low,0.515,0.015,Non-Toxin,1.667353333222723,46.489334924864785,1.5353413820266724,1.7797037363052368,0.6701207160949707,2.68434739112854,0.23779956684045356,true,true,true,0.6733270883560181,4.713321760027781,12,true,true,1,false,not_started,0.753920,0.981906,0.904704,3,true,at_or_above_parent_run_top_quartile_per_independent_model,autoresearch_structure_cohort_challenger_shadow,0,0.325,145.593,fgf2,HemoPI2-Zenodo-14676712-rf-only-v27,0.24773592332956057,0.28251089202785207,False,False,no_conflict,False,apex;peptiverse
fgf2,5,masked_substitution,autoresearch-amp-read-hydrophobic-rescue-v1,b97c2a2fa4394aed2454f52676ecfe57da3d0f982f756d8b821f00f19ab528f1,461bb33ed0c1820a3cfaa8bcc648bf1b0b5554624d177459ce590c5fdd37f256,461bb33ed0c1820a3cfaa8bcc648bf1b0b5554624d177459ce590c5fdd37f256,DKKARGFKRKKGRWEKKKDKYNGTER,amp-read,amp_read_log10_mic_um,1.905152855358653,seqfam80_f2ae21e180b652bfebf3,DKKAREFKRKKGRSEKKKDKYNGTER,true,true,15,E15V,DKKARGFKRKKGRWVKKKDKYNGTER,48aa7960b083b568b207eb341607312880aa93c4a0a905d49c57874760d3f4f7,proposal-48aa7960b083b568b207,19.330769230769228,2,0.19230769230769232,9.984,false,search_prefilter,3208.73,11.353515625,0.11538461538461539,0.2844724709766788,0.356,0.376,low,0.455,0.0,Non-Toxin,1.5170519936873017,32.889100331361604,1.3176361322402954,1.4869521856307983,0.5229169130325317,2.7408220767974854,0.38810086167135127,true,true,true,1.153809905052185,14.249837277434205,12,true,true,0,false,not_started,0.868516,0.965018,0.910736,3,true,at_or_above_parent_run_top_quartile_per_independent_model,autoresearch_structure_cohort_challenger_shadow,0,0.325,151.502,fgf2,HemoPI2-Zenodo-14676712-rf-only-v27,0.24773592332956057,0.28251089202785207,False,False,no_conflict,False,apex;peptiverse
fgf2,5,masked_substitution,autoresearch-amp-read-hydrophobic-rescue-v1,cd55dfbbc9fb5488ff7a11af3129357bb69d363e77fde0597d435579b8b63fc2,461bb33ed0c1820a3cfaa8bcc648bf1b0b5554624d177459ce590c5fdd37f256,461bb33ed0c1820a3cfaa8bcc648bf1b0b5554624d177459ce590c5fdd37f256,DKKARGFKRKKGRWEKKKDKYNGTER,amp-read,amp_read_log10_mic_um,1.905152855358653,seqfam80_f2ae21e180b652bfebf3,DKKAREFKRKKGRSEKKKDKYNGTER,true,true,11,K11L,DKKARGFKRKLGRWEKKKDKYNGTER,9d6863083ad976ae32e64c1fa1de1d329b2ed3183946c0675fa17f2cf55c8bc2,proposal-9d6863083ad976ae32e6,23.703846153846154,1,0.19230769230769232,7.985,false,search_prefilter,3223.7,11.081298828125,0.11538461538461539,0.34702476539378857,0.337,0.436,low,0.415,0.0,Non-Toxin,1.4798225026974903,30.187177103415063,1.6916897296905518,2.450378894805908,0.7607234716415405,1.0164599418640137,0.4253303526611627,true,true,true,1.6588917970657349,45.59233101193143,12,true,true,0,false,not_started,0.889023,0.775633,0.892642,3,true,at_or_above_parent_run_top_quartile_per_independent_model,autoresearch_structure_cohort_challenger_shadow,0,0.325,151.719,fgf2,HemoPI2-Zenodo-14676712-rf-only-v27,0.24773592332956057,0.28251089202785207,False,False,no_conflict,False,apex;peptiverse
fgf2,5,masked_substitution,autoresearch-amp-read-hydrophobic-rescue-v1,4646ec58c394685ce0396c2193e8434dbd06551029ef176b280b37ce5017c3d9,461bb33ed0c1820a3cfaa8bcc648bf1b0b5554624d177459ce590c5fdd37f256,461bb33ed0c1820a3cfaa8bcc648bf1b0b5554624d177459ce590c5fdd37f256,DKKARGFKRKKGRWEKKKDKYNGTER,amp-read,amp_read_log10_mic_um,1.905152855358653,seqfam80_f2ae21e180b652bfebf3,DKKAREFKRKKGRSEKKKDKYNGTER,true,true,15,E15A,DKKARGFKRKKGRWAKKKDKYNGTER,ee97fc12d9c03118e2113ab990a493c88f364464d5071717a4478cb28ebd9def,proposal-ee97fc12d9c03118e211,17.923076923076923,2,0.19230769230769232,9.984,false,search_prefilter,3180.68,11.353515625,0.11538461538461539,0.27839753085202634,0.337,0.376,low,0.47,0.0,Non-Toxin,1.599661987097809,39.7797442907979,1.328263521194458,1.6803405284881592,0.48174262046813965,2.9084300994873047,0.30549086826084393,true,true,true,1.290100336074829,19.502951289798432,12,true,true,0,false,not_started,0.799759,0.957780,0.892642,3,true,at_or_above_parent_run_top_quartile_per_independent_model,autoresearch_structure_cohort_challenger_shadow,0,0.33,146.901,fgf2,HemoPI2-Zenodo-14676712-rf-only-v27,0.2545566491851605,0.28251089202785207,False,False,no_conflict,False,apex;peptiverse
fgf2,5,masked_substitution,autoresearch-amp-read-hydrophobic-rescue-v1,d1f4e4ed39f8d39108b2d76ea23dcceb7beaf8fe70996200d3dc27815d076c74,461bb33ed0c1820a3cfaa8bcc648bf1b0b5554624d177459ce590c5fdd37f256,461bb33ed0c1820a3cfaa8bcc648bf1b0b5554624d177459ce590c5fdd37f256,DKKARGFKRKKGRWEKKKDKYNGTER,amp-read,amp_read_log10_mic_um,1.905152855358653,seqfam80_f2ae21e180b652bfebf3,DKKAREFKRKKGRSEKKKDKYNGTER,true,true,24,T24I,DKKARGFKRKKGRWEKKKDKYNGIER,1d1767c8087da198d201f867779d02c6e78e7926a22abdd21f67a55c87fe445a,proposal-1d1767c8087da198d201,33.19615384615384,1,0.19230769230769232,8.984,false,search_prefilter,3250.77,11.1365966796875,0.11538461538461539,0.26676455186437326,0.327,0.426,low,0.48,0.0,Non-Toxin,1.588748122550638,38.79253159774059,1.5565403699874878,1.7258296012878418,0.5414855480194092,2.5312306880950928,0.31640473280801507,true,true,true,1.6501044034957886,44.67909868714649,12,true,true,0,false,not_started,0.813028,0.787696,0.887817,3,true,at_or_above_parent_run_top_quartile_per_independent_model,autoresearch_structure_cohort_challenger_shadow,0,0.33,136.457,fgf2,HemoPI2-Zenodo-14676712-rf-only-v27,0.2545566491851605,0.28251089202785207,False,False,no_conflict,False,apex;peptiverse
fgf2,5,masked_substitution,autoresearch-amp-read-hydrophobic-rescue-v1,a9641a000f4e15608b1b9ea4f8730fdbbda17bc5115b8cd5c9e1525bba885064,461bb33ed0c1820a3cfaa8bcc648bf1b0b5554624d177459ce590c5fdd37f256,461bb33ed0c1820a3cfaa8bcc648bf1b0b5554624d177459ce590c5fdd37f256,DKKARGFKRKKGRWEKKKDKYNGTER,amp-read,amp_read_log10_mic_um,1.905152855358653,seqfam80_f2ae21e180b652bfebf3,DKKAREFKRKKGRSEKKKDKYNGTER,true,true,11,K11V,DKKARGFKRKVGRWEKKKDKYNGTER,f757263668c9d9a00f2379d45a4c07acbfea29be1787da6ee0385b529df42982,proposal-f757263668c9d9a00f23,20.43846153846154,1,0.19230769230769232,7.985,false,search_prefilter,3209.67,11.081298828125,0.11538461538461539,0.34702476539378857,0.327,0.416,low,0.36,0.0,Non-Toxin,1.6550025957026853,45.18586450474893,1.755348801612854,2.4759278297424316,0.7565544843673706,1.632183313369751,0.2501502298557685,true,true,true,1.6678162813186646,46.538917927001556,12,true,true,0,false,not_started,0.763571,0.763571,0.887817,3,true,at_or_above_parent_run_top_quartile_per_independent_model,autoresearch_structure_cohort_challenger_shadow,0,0.34,152.491,fgf2,HemoPI2-Zenodo-14676712-rf-only-v27,0.26840298404508983,0.28251089202785207,False,False,no_conflict,False,apex;peptiverse
fgf2,5,masked_substitution,autoresearch-amp-read-hydrophobic-rescue-v1,45819bc9584991c49e8f28a7156e6c6b57033901fda7f920b052bb83ee9ec004,461bb33ed0c1820a3cfaa8bcc648bf1b0b5554624d177459ce590c5fdd37f256,461bb33ed0c1820a3cfaa8bcc648bf1b0b5554624d177459ce590c5fdd37f256,DKKARGFKRKKGRWEKKKDKYNGTER,amp-read,amp_read_log10_mic_um,1.905152855358653,seqfam80_f2ae21e180b652bfebf3,DKKAREFKRKKGRSEKKKDKYNGTER,true,true,10,K10V,DKKARGFKRVKGRWEKKKDKYNGTER,433b52bff0a00c210cd36955dbba04f86af5a97499ff70acdd517289b5a8218b,proposal-433b52bff0a00c210cd3,22.596153846153847,1,0.19230769230769232,7.985,false,search_prefilter,3209.67,11.081298828125,0.11538461538461539,0.3330250533058062,0.327,0.396,low,0.36,0.0,Non-Toxin,1.6071341005245745,40.470083506794936,1.6740466356277466,2.346034526824951,0.7747094631195068,1.6337536573410034,0.29801875483407847,true,true,true,1.6798015832901,47.841146988714726,12,true,true,0,false,not_started,0.793727,0.753920,0.887817,3,true,at_or_above_parent_run_top_quartile_per_independent_model,autoresearch_structure_cohort_challenger_shadow,0,0.34,140.412,fgf2,HemoPI2-Zenodo-14676712-rf-only-v27,0.26840298404508983,0.28251089202785207,False,False,no_conflict,False,apex;peptiverse
