branch_key,generation,proposal_rank,replicate,seed,operator_id,action_type,action_sha256,parent_candidate_id,donor_candidate_id,candidate_id,sequence,sequence_sha256,guruprasad_instability_index,maximum_hydrophobic_run,hydrophobic_fraction,net_charge_ph7_4,historical_exact_replay,score_all_status,family_key_80_80,family_representative_sequence,combined_family_size,new_family_relative_to_all_references,diversity_qualified,molecular_weight_da,isoelectric_point,hydrophobic_ratio_modlamp,hydrophobic_moment_eisenberg,macrel_amp_probability,macrel_hemolysis_probability,macrel_hemolysis_label,toxinpred3_ml_score,toxinpred3_hybrid_score,toxinpred3_label,llamp_log10_mic_um,llamp_predicted_mic_um,amp_read_log10_mic_um,amp_read_predicted_mic_um,amp_read_cnn_log10_mic_um,amp_read_transformer_log10_mic_um,amp_read_attention_log10_mic_um,amp_read_lstm_log10_mic_um,formal_metric_count,formal_12_complete,display_eligible,activity_model_support_count,excellent_sequence_stage,structure_md_status
fgf2,2,6,2,20261924,autoresearch-rule-de-novo-v4,de_novo,2e6bf94caab333b09f76433d6dc19a40f4a4ca0433c7fd8b887a1801966ab20a,,,proposal-fcf03160d7c8c79a8174,FFKHKKGQGNLTVKGFAGKGGQRHK,fcf03160d7c8c79a817466fb9c23b3081d47e6d370e0ab7cfbe60d39b0ecd380,17.040000,2,0.240000,7.07,false,pending,seqfam80_fcf03160d7c8c79a8174,FFKHKKGQGNLTVKGFAGKGGQRHK,1,true,true,2756.19,11.861328125,0.24,0.08961447425565555,0.614,0.861,high,0.425,0.0,Non-Toxin,1.3092693090438843,20.383056534723274,0.6017398443207627,3.997052423654229,1.287916660308838,0.5103317499160767,0.5746080875396729,0.03404635190963745,12,true,false,2,false,not_started
fgf2,2,78,26,20285924,autoresearch-rule-de-novo-v4,de_novo,6db02fe969eec5805ef1477b4ca9b33f5b840195d16cf1c2ad1183c5e3fb7a9b,,,proposal-63f424a49d0b09003e92,KGYGGVYQKARYKRNVNGGK,63f424a49d0b09003e92002e5bab28a9fcc78d127ded84fc9f45441735715b2b,12.275000,2,0.300000,5.981,false,pending,seqfam80_63f424a49d0b09003e92,KGYGGVYQKARYKRNVNGGK,1,true,true,2243.54,10.84130859375,0.15,0.08345442859830046,0.703,0.851,high,0.245,0.0,Non-Toxin,2.0359411239624023,108.62783500435154,1.0033963448263525,10.078510319539618,1.1280927658081055,0.8247383832931519,1.1101974248886108,0.9505459070205688,12,true,false,1,false,not_started
fgf2,2,30,10,20269924,autoresearch-rule-de-novo-v4,de_novo,b11030be339ae9548660c5ccfa1fe6ed5aa3ef6c77b5aeac78305d40a1e51b42,,,proposal-7b054c6b54a1ac272d90,YKAKWGKRQLKFKKKKGHYS,7b054c6b54a1ac272d902581d7c3a74829999c8cf16f84cb67e78213940288ba,31.965000,1,0.300000,9.023,false,pending,seqfam80_7b054c6b54a1ac272d90,YKAKWGKRQLKFKKKKGHYS,1,true,true,2510.0,11.16748046875,0.15,0.2131176479904004,0.554,0.822,high,0.685,0.685,Toxin,1.1522960662841797,14.200252482993315,1.0833541939942242,12.115858538755706,0.8731986880302429,1.2785382270812988,0.7531231641769409,1.4285893440246582,12,true,false,1,false,not_started
fgf2,2,3,1,20260924,autoresearch-rule-de-novo-v4,de_novo,9541f20133eef05d34a285ceef67f185cf784ac5c2cfbd027c1aeec744bd79f0,,,proposal-d0b34de194123da098d3,QDYWSHQRKITKGWAKWAKKAHK,d0b34de194123da098d37fd19409e60c19d81a7d1944e8cb83d848adc178b6fa,4.947826,2,0.347826,6.068,false,pending,seqfam80_d0b34de194123da098d3,QDYWSHQRKITKGWAKWAKKAHK,1,true,true,2882.3,10.992431640625,0.17391304347826086,0.5464691210737981,0.317,0.723,high,0.405,0.405,Toxin,0.7656680345535278,5.829993016728753,1.1466682612531662,14.017425650749919,1.2213706970214844,1.7618058919906616,0.869209885597229,0.7342487573623657,12,true,false,1,false,not_started
fgf2,2,70,24,20283922,autoresearch-rule-substitution-v3,masked_substitution,752f9bafa7238764a20b71dd3ef9435a8eaa4db7a1ff1ddcc9fec70abd2ffe91,0786bdd15b7e7dc8e08db905ab24b2ad94897656d31d7358e26711037d1cf6b6,,proposal-4f29db1256f0c97ee653,NHGYVTRRKHHHQTKTRGKR,4f29db1256f0c97ee6531f7994bbafdc629824617e615401044b956af49410c5,32.275000,2,0.100000,7.153,false,pending,seqfam80_05386aa5250b9966bac2,NHGYVTKRKHHHQTKTDGKR,77,false,false,2497.79,12.146728515625,0.05,0.10812261401843297,0.505,0.485,low,0.285,0.285,Non-Toxin,1.2258442640304565,16.82070770198969,1.481316416052842,30.29119564778804,1.400928020477295,1.3591411113739014,1.0469872951507568,2.118267297744751,12,true,true,1,false,not_started
fgf2,2,82,28,20287922,autoresearch-rule-substitution-v3,masked_substitution,6fd1211381d74c12971143dfb3080dfa44d3349de44a2b9714a4f75c9f7b18fc,0786bdd15b7e7dc8e08db905ab24b2ad94897656d31d7358e26711037d1cf6b6,,proposal-a53584b4a4bd952eea26,KHGYVTRRKHHHQTKTDGKR,a53584b4a4bd952eea26ff8a9bddfae2d5f57445a4928f74cc6363e15ec9f86f,36.520000,2,0.100000,6.153,false,pending,seqfam80_05386aa5250b9966bac2,NHGYVTKRKHHHQTKTDGKR,77,false,false,2470.76,11.48193359375,0.05,0.17750530193888123,0.386,0.416,low,0.29,0.29,Non-Toxin,0.9961023330688477,9.91065442725838,1.5283899968651355,33.75903290244581,1.3135535717010498,1.5452139377593994,1.0590020418167114,2.195852279663086,12,true,true,1,false,not_started
fgf2,2,66,22,20281924,autoresearch-rule-de-novo-v4,de_novo,a5f6aceb4a97cb6476f69de587eebba0448ffe4c3682affa5c3c93a54cf8d147,,,proposal-5e70dfa13b487210ec99,KRSKGKKGKHANGWKHKTFQRNR,5e70dfa13b487210ec9965730124b7523a1742c95c79c54ba0debb6e18ce3d6a,47.934783,1,0.130435,10.069,false,pending,seqfam80_5e70dfa13b487210ec99,KRSKGKKGKHANGWKHKTFQRNR,1,true,true,2778.2,12.47412109375,0.08695652173913043,0.1747862757351768,0.406,0.396,low,0.44,0.44,Toxin,0.6479783058166504,4.446090574901067,1.5642022807305942,36.660828951580896,1.392249584197998,1.6728413105010986,0.9992650747299194,2.1925125122070312,12,true,false,1,false,not_started
fgf2,2,108,36,20295924,autoresearch-rule-de-novo-v4,de_novo,a22fde4bfb3f7ce3fd9957378852bd68e1aad465b87eba86977e207054e54499,,,proposal-cea20aff35aa878de1c0,FKNRAKKFKTKHQKKRYSKKGQQN,cea20aff35aa878de1c06891e38fb83442e647b2909f7cb811d6e9befd2fdfa7,11.987500,1,0.166667,11.025,false,pending,seqfam80_cea20aff35aa878de1c0,FKNRAKKFKTKHQKKRYSKKGQQN,1,true,true,3007.51,11.79052734375,0.125,0.06534885936572722,0.515,0.663,high,0.525,0.525,Toxin,1.256661057472229,18.05764278011228,1.81304235543558,65.01930986298325,1.3430633544921875,1.972151756286621,0.6589022874832153,3.27819561958313,12,true,false,1,false,not_started
fgf2,2,99,33,20292924,autoresearch-rule-de-novo-v4,de_novo,0d12036487219a9ab7d64108f7520494c18b1cef2fb924f005785197b47049a6,,,proposal-775a1ec610c29d4ed837,WNGKNFVKKGRSQYAKNYKGRT,775a1ec610c29d4ed8374ab74df814ceb4976d31bf295b32f282ad567e9d743e,24.668182,2,0.272727,6.983,false,pending,seqfam80_775a1ec610c29d4ed837,WNGKNFVKKGRSQYAKNYKGRT,1,true,true,2630.97,11.227783203125,0.13636363636363635,0.17044849120685593,0.505,0.822,high,0.27,0.27,Non-Toxin,1.0829509496688843,12.104614132175723,1.9486993818087175,88.85858267401687,1.7977981567382812,1.6342308521270752,2.3392791748046875,2.0234835147857666,12,true,false,1,false,not_started
fgf2,2,87,29,20288924,autoresearch-rule-de-novo-v4,de_novo,d240a35e1843998a0a8ca12d01c63bb426cc044f639d42d5daf063f52c132587,,,proposal-4d2ed66c48479cd5845a,RHGNTHKKRKQHRKGHTFQFKS,4d2ed66c48479cd5845afb77c1e8f28973c80182ceb2718761792e3e33f573c5,30.259091,1,0.090909,8.154,false,pending,seqfam80_4d2ed66c48479cd5845a,RHGNTHKKRKQHRKGHTFQFKS,1,true,true,2744.1,12.455078125,0.09090909090909091,0.06368885255716943,0.564,0.554,high,0.44,0.44,Toxin,1.1627227067947388,14.545300793769645,2.5048847126501634,319.8046047108948,2.1628246307373047,2.4794015884399414,2.1928863525390625,3.184483766555786,12,true,false,1,false,not_started
fgf2,2,15,5,20264924,autoresearch-rule-de-novo-v4,de_novo,92de5fac479cd9159a5d8d3a02ad506e8cf2b084872d40b4f1c6ffba863770ad,,,proposal-dc9964414a1b09672b2c,KVKGYGDKTHTRKQKQKYNHWQ,dc9964414a1b09672b2c580113f4bf332112d1c030f0bb5885ef95136237ddc1,5.695455,1,0.181818,6.066,false,pending,seqfam80_dc9964414a1b09672b2c,KVKGYGDKTHTRKQKQKYNHWQ,1,true,true,2759.1,10.770751953125,0.045454545454545456,0.17898144767932164,0.356,0.436,low,0.275,0.0,Non-Toxin,0.8619756698608398,7.277390338416456,2.5455829971143507,351.22303960692,2.3773059844970703,2.521005392074585,2.8114049434661865,2.4725961685180664,12,true,true,1,false,not_started
fgf2,2,36,12,20271924,autoresearch-rule-de-novo-v4,de_novo,8efaa6e598a6773b9339170a474816a2eadb4f6eb471778fdd27903fe2d84f90,,,proposal-225c36a7dfe11e03d33c,KRKRNNNKKSKWKAFKKINGWGKDKK,225c36a7dfe11e03d33c8f3e95b1e3f1ff553cf1ac0b3b52928454fbe5383618,27.946154,2,0.192308,11.984,false,pending,seqfam80_225c36a7dfe11e03d33c,KRKRNNNKKSKWKAFKKINGWGKDKK,1,true,true,3216.8,11.83642578125,0.11538461538461539,0.21091730822993762,0.198,0.436,low,0.64,0.64,Toxin,1.5045254230499268,31.954014140924425,1.0385571841521335,10.928415136619726,1.7019364833831787,1.1191045045852661,0.8807412385940552,0.4523886442184448,12,true,false,0,false,not_started
fgf2,2,9,3,20262924,autoresearch-rule-de-novo-v4,de_novo,013a931f5370a4e56ec08d50ee3b6012f43023c53549b412dd8922c2ad61e75e,,,proposal-9c54dc3c89409267240e,KLDGKFKKKKNSWGNTKKKKG,9c54dc3c89409267240e01dfb8f2640c4a863bf07c8cbf172cca00951bbe7887,-22.785714,1,0.142857,8.984,false,pending,seqfam80_9c54dc3c89409267240e,KLDGKFKKKKNSWGNTKKKKG,1,true,true,2448.92,11.275390625,0.09523809523809523,0.2050270637666266,0.426,0.455,low,0.58,0.58,Toxin,1.4358766078948975,27.28202533535155,1.1030662134370828,12.678451494232203,1.3806334733963013,0.9604884386062622,1.0275717973709106,1.0435611009597778,12,true,false,0,false,not_started
fgf2,2,80,27,20286923,autoresearch-rule-crossover-v3,controlled_crossover,84e6e78d994f92393d09adc7a47c5687bc2eec446a7e6ab93498abd707e35543,f30033efe00bb95aa867ec2dd0d741409e5ed23a1c3fb39c7636c1b592c42b3f,0786bdd15b7e7dc8e08db905ab24b2ad94897656d31d7358e26711037d1cf6b6,proposal-9ee0fdca41b8e55483ca,KNNKNFNNGKKKGGRTDGKR,9ee0fdca41b8e55483ca3f706971f536d049780cdd38cb4b1c54892e1616a743,16.045000,1,0.050000,6.987,false,pending,seqfam80_05386aa5250b9966bac2,NHGYVTKRKHHHQTKTDGKR,77,false,false,2261.51,11.67431640625,0.05,0.3228764699733332,0.327,0.307,low,0.285,0.285,Non-Toxin,1.229981780052185,16.981724075738384,1.366591526985812,23.259026151145036,1.5041991472244263,1.7346769571304321,0.9652718305587769,1.2622085809707642,12,true,true,0,false,not_started
fgf2,2,65,22,20281923,autoresearch-rule-crossover-v3,controlled_crossover,6fb00e198433a27e21dad4492fe82a8dfd9c3fce79ba0ee74ce4b0c1ff365264,f30033efe00bb95aa867ec2dd0d741409e5ed23a1c3fb39c7636c1b592c42b3f,0786bdd15b7e7dc8e08db905ab24b2ad94897656d31d7358e26711037d1cf6b6,proposal-1220c2115cacc6c6bc3a,KNNKNFNNGKKKGGKTDGKR,1220c2115cacc6c6bc3a10ed131c6561534bf7ac7f32d09dc95e74185157d176,11.800000,1,0.050000,6.986,false,pending,seqfam80_05386aa5250b9966bac2,NHGYVTKRKHHHQTKTDGKR,77,false,false,2233.5,11.376953125,0.05,0.277587349030377,0.327,0.297,low,0.31,0.31,Non-Toxin,1.5018585920333862,31.758398365234022,1.4337585918391191,27.1492972080229,1.4792118072509766,1.7788991928100586,1.2911046743392944,1.1857926845550537,12,true,true,0,false,not_started
fgf2,2,46,16,20275922,autoresearch-rule-substitution-v3,masked_substitution,7f4f3387fc948e4e6e36db6ef442dc7a53e38d3aa0fe770c744f00130b9522ad,0786bdd15b7e7dc8e08db905ab24b2ad94897656d31d7358e26711037d1cf6b6,,proposal-9b3b56ad34e956715941,NHGYVTRRKHHHQTKTNGKR,9b3b56ad34e9567159412e9bf56ced75114068a3884b0545b645be0d4d6decea,21.490000,2,0.100000,6.153,false,pending,seqfam80_05386aa5250b9966bac2,NHGYVTKRKHHHQTKTDGKR,77,false,false,2455.71,11.912109375,0.05,0.14890108379391295,0.455,0.416,low,0.27,0.27,Non-Toxin,1.2814490795135498,19.11829151878743,1.4339623278865945,27.162036462967865,1.4330018758773804,1.3619983196258545,1.1242367029190063,1.816645622253418,12,true,true,0,false,not_started
fgf2,2,67,23,20282922,autoresearch-rule-substitution-v3,masked_substitution,dd1ed9c6c96ef64e9ba3bcdba37046a8c2bf5a995ba796785a0d012a53c2e3f1,0786bdd15b7e7dc8e08db905ab24b2ad94897656d31d7358e26711037d1cf6b6,,proposal-b9aabf4c4df3c0535605,NHGYVTRRKHHHQTKTKGKR,b9aabf4c4df3c0535605547d3c9021eabd65d3a29b793558c040f3d74b7fff9a,32.275000,2,0.100000,7.153,false,pending,seqfam80_05386aa5250b9966bac2,NHGYVTKRKHHHQTKTDGKR,77,false,false,2469.78,11.937255859375,0.05,0.12642833366518408,0.495,0.505,high,0.29,0.29,Non-Toxin,1.2883027791976929,19.422394862426373,1.4464163153192007,27.952220612748008,1.3937197923660278,1.3821518421173096,1.0926731824874878,1.9171624183654785,12,true,false,0,false,not_started
fgf2,2,39,13,20272924,autoresearch-rule-de-novo-v4,de_novo,18a29932ae71e0b130030ec9438a5b2824ee130736cfe44d45d35480f3bc7895,,,proposal-ef30664f77b1246a2a37,RGRKEWNWKEKTKHNKAYKTEVKH,ef30664f77b1246a2a378805bd9b882e20f0e33f27970cf5e3573f08f4127163,27.162500,2,0.208333,6.069,false,pending,seqfam80_ef30664f77b1246a2a37,RGRKEWNWKEKTKHNKAYKTEVKH,1,true,true,3082.49,10.8193359375,0.08333333333333333,0.12357459001317683,0.327,0.347,low,0.345,0.345,Non-Toxin,1.1720324754714966,14.860467610483598,1.4534589390408779,28.40919573702241,2.0867063999176025,1.7758256196975708,0.4348459243774414,1.5164692401885986,12,true,true,0,false,not_started
fgf2,2,109,37,20296922,autoresearch-rule-substitution-v3,masked_substitution,3dd6904afadb9d5dae5d479dec9577ecd1e7980f5bd5b9ac0c23521864ee1bcd,0786bdd15b7e7dc8e08db905ab24b2ad94897656d31d7358e26711037d1cf6b6,,proposal-ba7dcda8e3d855ce093b,NHGYVTRRKHHHQTKTSGKR,ba7dcda8e3d855ce093b2dce955b225c7e2b5ffb64eb231f3070a66216b45bc6,36.520000,2,0.100000,6.153,false,pending,seqfam80_05386aa5250b9966bac2,NHGYVTKRKHHHQTKTDGKR,77,false,false,2428.68,11.912109375,0.05,0.1711949388554099,0.485,0.416,low,0.265,0.265,Non-Toxin,1.23520028591156,17.187008268794717,1.457145159575515,28.65135459274146,1.3884472846984863,1.4946436882019043,0.9915063381195068,1.9540293216705322,12,true,true,0,false,not_started
fgf2,2,94,32,20291922,autoresearch-rule-substitution-v3,masked_substitution,119c74cf0c72fe7c1876f6fe41ed6fff98825c5208c90b795c48ec542e2c47cc,0786bdd15b7e7dc8e08db905ab24b2ad94897656d31d7358e26711037d1cf6b6,,proposal-f5eb781daf693bdb7c80,NHGYVTRRKHHHQKKTDGKR,f5eb781daf693bdb7c80350ed24a975c961416ea63a659e75bb02038188259c1,36.520000,2,0.100000,6.153,false,pending,seqfam80_05386aa5250b9966bac2,NHGYVTKRKHHHQTKTDGKR,77,false,false,2483.76,11.48193359375,0.05,0.07567651700477163,0.396,0.376,low,0.3,0.3,Non-Toxin,1.6668614149093628,46.43670702048364,1.4648751535169686,29.165884628111737,1.39665949344635,1.3888788223266602,1.0064023733139038,2.067615270614624,12,true,true,0,false,not_started
fgf2,2,97,33,20292922,autoresearch-rule-substitution-v3,masked_substitution,b448c5f10aaf79b14b07b88c47bb481b6e3765101b2590b6d20da73cf4250caf,0786bdd15b7e7dc8e08db905ab24b2ad94897656d31d7358e26711037d1cf6b6,,proposal-22802d0167b3816ed482,NHGYVTRRKHHHQRKTDGKR,22802d0167b3816ed48266fd2ba9a9f5a009c7e95cf25d04f2facaf0e330b2d8,36.520000,2,0.100000,6.153,false,pending,seqfam80_05386aa5250b9966bac2,NHGYVTKRKHHHQTKTDGKR,77,false,false,2511.77,11.758544921875,0.05,0.036690160435869604,0.406,0.366,low,0.24,0.24,Non-Toxin,1.522048830986023,33.26969588055436,1.468652905895405,29.420693517709832,1.4709092378616333,1.3448723554611206,0.9552690982818604,2.1036195755004883,12,true,true,0,false,not_started
fgf2,2,21,7,20266924,autoresearch-rule-de-novo-v4,de_novo,baaed31dc88e0c6684c377e7347cd8ea28b4498abf32508725973714de7112b5,,,proposal-bb8d07cfb1bff12940ed,HGTIGNRNKGQRFKKRNKQK,bb8d07cfb1bff12940ed94a7bd9b5945a4a95036d7c7f8ffd28569e48f175c56,48.205000,1,0.100000,8.029,false,pending,seqfam80_bb8d07cfb1bff12940ed,HGTIGNRNKGQRFKKRNKQK,1,true,true,2395.74,12.455078125,0.1,0.14949220671970267,0.473,0.366,low,0.415,0.415,Toxin,1.4552475214004517,28.526436373888767,1.4729122763352036,29.710658419603366,1.3145842552185059,1.5086653232574463,1.118051290512085,1.9503912925720215,12,true,false,0,false,not_started
fgf2,2,56,19,20278923,autoresearch-rule-crossover-v3,controlled_crossover,00c5e20ca19c885a6294532e170fce7786d963b691247e28cbcfedd5aecf4521,f30033efe00bb95aa867ec2dd0d741409e5ed23a1c3fb39c7636c1b592c42b3f,f0056ec38ef40c379a209a83210758af8917f2fcbea60d20d49eac57c6bf76e2,proposal-14938025626b1bc98dc6,KNNKNFNNGKKKGGRQGKNH,14938025626b1bc98dc62598a66497674d9416b48fd35ed94808a27dcf553cbd,9.375000,1,0.050000,7.028,false,pending,seqfam80_05386aa5250b9966bac2,NHGYVTKRKHHHQTKTDGKR,77,false,false,2268.51,11.861328125,0.05,0.45739108892344377,0.386,0.396,low,0.405,0.405,Toxin,1.523101806640625,33.350458322906974,1.4777177243448436,30.041230969301402,1.6921871900558472,1.689404845237732,1.2412186861038208,1.2880396842956543,12,true,false,0,false,not_started
fgf2,2,110,37,20296923,autoresearch-rule-crossover-v3,controlled_crossover,a72c361f6021d9b3ff5a52240b66ff8252a5103a0d946cf3418360b9b77df69c,f0056ec38ef40c379a209a83210758af8917f2fcbea60d20d49eac57c6bf76e2,f30033efe00bb95aa867ec2dd0d741409e5ed23a1c3fb39c7636c1b592c42b3f,proposal-19f36357b6521b8612e7,KGKNEQTRKKKKGGRQQRYQ,19f36357b6521b8612e7c514e7ffacde6e68972a43eacf99e83bf689b5707d45,28.055000,1,0.050000,7.985,false,pending,seqfam80_034d54739bc84d207fca,KGKNEQTNGKKKGGRQQRYQ,6,true,true,2446.78,11.580078125,0.0,0.28178060958320517,0.307,0.584,high,0.34,0.34,Non-Toxin,1.7966846227645874,62.61589935655958,1.4883099489308953,30.782929587502753,1.2670164108276367,1.7016870975494385,0.7403731346130371,2.244237184524536,12,true,false,0,false,not_started
fgf2,2,50,17,20276923,autoresearch-rule-crossover-v3,controlled_crossover,18c4d472ad4d183e4d04a3117df764e57def4893868b7fa51eeebb978f91d5c2,f30033efe00bb95aa867ec2dd0d741409e5ed23a1c3fb39c7636c1b592c42b3f,0786bdd15b7e7dc8e08db905ab24b2ad94897656d31d7358e26711037d1cf6b6,proposal-24bbcd70a9104e3aac94,KNNKNFNNGKKKGTKTDGKR,24bbcd70a9104e3aac94d016afeb5282d595f3e91763cfe93eae1a75c68a7aa4,5.630000,1,0.050000,6.986,false,pending,seqfam80_05386aa5250b9966bac2,NHGYVTKRKHHHQTKTDGKR,77,false,false,2277.55,11.376953125,0.05,0.26242530520469387,0.327,0.337,low,0.275,0.275,Non-Toxin,1.2518507242202759,17.858736285309924,1.5289692725429083,33.80409180911866,1.578812837600708,1.9927247762680054,1.2496436834335327,1.2946726083755493,12,true,true,0,false,not_started
fgf2,2,119,40,20299923,autoresearch-rule-crossover-v3,controlled_crossover,a215ae8f9da3dfa72581ae513fd32d5353055155a012368a6d9bbe178bf07f48,e5fb700b3816640c5a1708f87c14d91c86af27e08fdf8e0ef455265f22104513,d2b0ea8e5759173db7e8dc7fdf8e110bec79d2ad813d407b6818d434e1dfb97f,proposal-dedd338d4de2e9303daa,FKHKERNRTGQRKRKNERKH,dedd338d4de2e9303daacd817382f796368aac8c5039ba7dc1220ca95c59796c,32.050000,1,0.050000,8.072,false,pending,seqfam80_05386aa5250b9966bac2,NHGYVTKRKHHHQTKTDGKR,77,false,false,2633.98,12.003662109375,0.05,0.12150763076503032,0.465,0.554,high,0.26,0.26,Non-Toxin,1.7142878770828247,51.795004732056455,1.5404600931244583,34.71043793560126,1.5475608110427856,1.5384565591812134,0.6749643683433533,2.400942325592041,12,true,false,0,false,not_started
fgf2,2,40,14,20273922,autoresearch-rule-substitution-v3,masked_substitution,b3e4da9ca30468367d6e1ab5d37b820e015b1056031429111b2202d6503ed8a9,0786bdd15b7e7dc8e08db905ab24b2ad94897656d31d7358e26711037d1cf6b6,,proposal-73096569f19a73a538a5,NHGYVTRRKHHHQTKTDGKN,73096569f19a73a538a56ff5d91f0c477a1b8907fb4ff778577f699ad0056587,20.220000,2,0.100000,4.154,false,pending,seqfam80_05386aa5250b9966bac2,NHGYVTKRKHHHQTKTDGKR,77,false,false,2414.61,10.9736328125,0.05,0.14455591006057864,0.248,0.238,low,0.23,0.23,Non-Toxin,1.697409749031067,49.82069125668102,1.5423996182656265,34.86579868907781,1.456680417060852,1.6843656301498413,1.1603960990905762,1.8681855201721191,12,true,true,0,false,not_started
fgf2,2,5,2,20261923,autoresearch-rule-crossover-v3,controlled_crossover,62c61db13226639dd62aac3894e1ed4c039f6a42e86feb5a384060a22c357a56,f0056ec38ef40c379a209a83210758af8917f2fcbea60d20d49eac57c6bf76e2,d2b0ea8e5759173db7e8dc7fdf8e110bec79d2ad813d407b6818d434e1dfb97f,proposal-249e7d790bc0e6f9ffcd,KGKNERNRTGQRKRKNERKH,249e7d790bc0e6f9ffcd3016f4e1e291bc48cefeed33463eb02c279ef2c7a53c,19.235000,0,0.000000,8.03,false,pending,seqfam80_05386aa5250b9966bac2,NHGYVTKRKHHHQTKTDGKR,77,false,false,2520.82,12.003662109375,0.0,0.2400598947876283,0.347,0.574,high,0.22,0.22,Non-Toxin,1.2825186252593994,19.165432543158094,1.5449442991468096,35.07068908210176,1.5030312538146973,1.861675500869751,0.8071916103363037,2.007925271987915,12,true,false,0,false,not_started
fgf2,2,106,36,20295922,autoresearch-rule-substitution-v3,masked_substitution,06d5a9a82ac38b89dd3e3ef0f528d962a1145667cbe15814c69b81ba5bd1ca88,0786bdd15b7e7dc8e08db905ab24b2ad94897656d31d7358e26711037d1cf6b6,,proposal-12d5825b488001872717,NHGYVTRRKHHHQTKNDGKR,12d5825b4880018727170f975b38223438a74395bc56cf198f70c5866f1c2fd7,36.520000,2,0.100000,5.153,false,pending,seqfam80_05386aa5250b9966bac2,NHGYVTKRKHHHQTKTDGKR,77,false,false,2469.69,11.41455078125,0.05,0.17663340384752596,0.356,0.228,low,0.285,0.285,Non-Toxin,1.7338711023330688,54.18400495743934,1.547722680821599,35.29577163129514,1.2890456914901733,1.5371874570846558,1.1676524877548218,2.197064161300659,12,true,true,0,false,not_started
fgf2,2,47,16,20275923,autoresearch-rule-crossover-v3,controlled_crossover,41e1e49acb9a41adc0015bdb43201d366bd070bd0e7ad9c5746bda819e61f940,f30033efe00bb95aa867ec2dd0d741409e5ed23a1c3fb39c7636c1b592c42b3f,d2b0ea8e5759173db7e8dc7fdf8e110bec79d2ad813d407b6818d434e1dfb97f,proposal-bd472b078e91f5d9addb,KNNKNFNNGKKKGGKNERKH,bd472b078e91f5d9addb839dce8ceb92120515d3c7d76a454a0db6ef54c8e128,-0.255000,1,0.050000,7.028,false,pending,seqfam80_05386aa5250b9966bac2,NHGYVTKRKHHHQTKTDGKR,77,false,false,2340.61,11.376953125,0.05,0.40425454311212733,0.465,0.366,low,0.355,0.355,Non-Toxin,1.7594882249832153,57.47622351183576,1.5486117396070647,35.368100796498354,1.5580799579620361,1.753786563873291,1.412011981010437,1.4705573320388794,12,true,true,0,false,not_started
fgf2,2,111,37,20296924,autoresearch-rule-de-novo-v4,de_novo,b93e0d3b04c2774ee0cf6c054c46d36b99a9e1de3d021baea9953d08ac2a59e2,,,proposal-d5c99a32e6d1e982105d,VNQQKKKKNRKAKKKAHKKG,d5c99a32e6d1e982105d9826fccf0fc35ae2e891b4ebd4a8e51f99b76d2050bd,18.710000,1,0.150000,11.026,false,pending,seqfam80_d5c99a32e6d1e982105d,VNQQKKKKNRKAKKKAHKKG,1,true,true,2375.88,12.00390625,0.15,0.2756918238761505,0.465,0.693,high,0.5,0.5,Toxin,1.7101938724517822,51.309038043152704,1.5566203816257531,36.02635976394565,1.5350745916366577,1.740841031074524,0.6849022507667542,2.2657339572906494,12,true,false,0,false,not_started
fgf2,2,89,30,20289923,autoresearch-rule-crossover-v3,controlled_crossover,c334be8e2f3bb81deca3ae3839b11ac6073a4641ca18bc5819156f4cfecdeb7d,f0056ec38ef40c379a209a83210758af8917f2fcbea60d20d49eac57c6bf76e2,f30033efe00bb95aa867ec2dd0d741409e5ed23a1c3fb39c7636c1b592c42b3f,proposal-5d17fc82210bbb2af930,KGKNEQTRGKKKGGRQQRYQ,5d17fc82210bbb2af930e9e2aa11af8e30527098e28e6e205b026c783da7acab,19.565000,1,0.050000,6.985,false,pending,seqfam80_034d54739bc84d207fca,KGKNEQTNGKKKGGRQQRYQ,6,true,true,2375.66,11.53515625,0.0,0.33752874650934456,0.386,0.535,high,0.34,0.34,Non-Toxin,1.7561314105987549,57.03368210197401,1.5655020410899567,36.77071215179458,1.4402328729629517,1.7282612323760986,0.8276338577270508,2.2659482955932617,12,true,false,0,false,not_started
fgf2,2,63,21,20280924,autoresearch-rule-de-novo-v4,de_novo,49689a4f6c924147f49f6f9fb40ff8866bc5bfbafa3fe1ff33a8997e9bf9c230,,,proposal-62dce69b35d28637a0b8,TYRGKQQNNRKKKKVTKNKGH,62dce69b35d28637a0b8907689d5c9e38662ff0f808a6d3839811951370c9fa5,12.961905,1,0.095238,9.026,false,pending,seqfam80_62dce69b35d28637a0b8,TYRGKQQNNRKKKKVTKNKGH,1,true,true,2541.92,11.7255859375,0.047619047619047616,0.25901961121542366,0.426,0.406,low,0.39,0.0,Non-Toxin,1.7650943994522095,58.22297590917406,1.5839150903148949,38.363223354066434,1.2226275205612183,1.7460970878601074,1.3084157705307007,2.0585622787475586,12,true,true,0,false,not_started
fgf2,2,51,17,20276924,autoresearch-rule-de-novo-v4,de_novo,7dd47f90848967494fdc2ef60bea8f4f9158bfe3156ab29b8855942d3bc04bb5,,,proposal-7d8a95f675e68f6aafce,YKDKGHTFNKKGRHHNVRHH,7d8a95f675e68f6aafce5933acd9ab9f2c288b8275d50e188e3fa862d64d0408,42.105000,1,0.150000,5.195,false,pending,seqfam80_7d8a95f675e68f6aafce,YKDKGHTFNKKGRHHNVRHH,1,true,true,2496.76,11.1044921875,0.1,0.20048351145623577,0.485,0.416,low,0.405,0.405,Toxin,1.2997572422027588,19.941473338745013,1.589113974192717,38.82522437070861,1.6620129346847534,1.2096160650253296,1.4356706142425537,2.0491931438446045,12,true,false,0,false,not_started
fgf2,2,88,30,20289922,autoresearch-rule-substitution-v3,masked_substitution,6f4fa360b8fa5475b34608bac8d301a60cb21f6979c2dfd1aa1ca1a0660439c8,0786bdd15b7e7dc8e08db905ab24b2ad94897656d31d7358e26711037d1cf6b6,,proposal-a2769d8bff2ba4e4036e,NHGYVTRRKHHHRTKTDGKR,a2769d8bff2ba4e4036e81726a36448c504e06c55d0224fcc208ac5bf3b021c4,36.520000,2,0.100000,6.153,false,pending,seqfam80_05386aa5250b9966bac2,NHGYVTKRKHHHQTKTDGKR,77,false,false,2484.75,11.758544921875,0.05,0.163389906938341,0.366,0.277,low,0.26,0.26,Non-Toxin,1.062306523323059,11.542676479190918,1.590147877635721,38.91776377484597,1.3939146995544434,1.50163996219635,1.0498203039169312,2.4152932167053223,12,true,true,0,false,not_started
fgf2,2,100,34,20293922,autoresearch-rule-substitution-v3,masked_substitution,74624836f0add8614250b566d670bd202ad9b2d481f96812599ea7dc5e09d3f0,0786bdd15b7e7dc8e08db905ab24b2ad94897656d31d7358e26711037d1cf6b6,,proposal-8ecab3a642ac33057d03,NHGYVTRRKHHHQTKKDGKR,8ecab3a642ac33057d032de3b87a6239cdc1734638a9039babfcddc3bc1b07be,36.520000,2,0.100000,6.153,false,pending,seqfam80_05386aa5250b9966bac2,NHGYVTKRKHHHQTKTDGKR,77,false,false,2483.76,11.48193359375,0.05,0.2095427395675722,0.406,0.376,low,0.355,0.0,Non-Toxin,1.2487674951553345,17.73239901132538,1.590463173957771,38.94602819815163,1.3360995054244995,1.5120790004730225,1.13737952709198,2.3763668537139893,12,true,true,0,false,not_started
fgf2,2,23,8,20267923,autoresearch-rule-crossover-v3,controlled_crossover,46910a0d7ca3401e9f9a45a94f3149d5b4cf40f7e695f4fd341b98a9201ab66e,f0056ec38ef40c379a209a83210758af8917f2fcbea60d20d49eac57c6bf76e2,d2b0ea8e5759173db7e8dc7fdf8e110bec79d2ad813d407b6818d434e1dfb97f,proposal-29e433da904d73d3ef3f,KGKNEQTRKGQRKRKNERKH,29e433da904d73d3ef3ffd49f6b850bcf143b9a6b48f060ee703d74eb3fcf7ef,22.695000,0,0.000000,8.029,false,pending,seqfam80_05386aa5250b9966bac2,NHGYVTKRKHHHQTKTDGKR,77,false,false,2506.84,11.828125,0.0,0.2882258538851441,0.366,0.564,high,0.23,0.23,Non-Toxin,1.0963947772979736,12.485179117475987,1.5917074172743009,39.05776762759135,1.4193974733352661,1.7725626230239868,0.9985330104827881,2.1763923168182373,12,true,false,0,false,not_started
fgf2,2,112,38,20297922,autoresearch-rule-substitution-v3,masked_substitution,4ae24aabab20a42f1274af6880d8cc9e2deeb1715f025c12af0497e2dd08d684,0786bdd15b7e7dc8e08db905ab24b2ad94897656d31d7358e26711037d1cf6b6,,proposal-ac9cbc3d187760c7ebdf,NHGYVTRRKHHHQTKTDKKR,ac9cbc3d187760c7ebdfeb2fbb93ed1716a4bedff31c3dcd189e4f5ee01e01b6,36.520000,2,0.100000,6.153,false,pending,seqfam80_05386aa5250b9966bac2,NHGYVTKRKHHHQTKTDGKR,77,false,false,2527.81,11.48193359375,0.05,0.11548874790105805,0.406,0.386,low,0.25,0.25,Non-Toxin,1.5987824201583862,39.6992607890907,1.6039523625756549,40.174674114405285,1.3474297523498535,1.4566835165023804,1.0984280109405518,2.513352155685425,12,true,true,0,false,not_started
fgf2,2,113,38,20297923,autoresearch-rule-crossover-v3,controlled_crossover,69272f9da5f153ccbc5d868c85c0d34509e916f5a052932bd2b3788b7c235037,f30033efe00bb95aa867ec2dd0d741409e5ed23a1c3fb39c7636c1b592c42b3f,d2b0ea8e5759173db7e8dc7fdf8e110bec79d2ad813d407b6818d434e1dfb97f,proposal-ede071f85f8d60c0003b,KNNKNFNNGGQRKRKNERKH,ede071f85f8d60c0003bd20c52b28303ba6daf3d3040562661358d278b450741,28.780000,1,0.050000,7.029,false,pending,seqfam80_05386aa5250b9966bac2,NHGYVTKRKHHHQTKTDGKR,77,false,false,2467.72,11.95361328125,0.05,0.36045818219301323,0.287,0.376,low,0.225,0.225,Non-Toxin,1.7236765623092651,52.926912770294045,1.6041974123895275,40.19734899239825,1.583310842514038,1.6068099737167358,1.2393163442611694,1.9873859882354736,12,true,true,0,false,not_started
fgf2,2,17,6,20265923,autoresearch-rule-crossover-v3,controlled_crossover,ffce32bfd8b1f18d76199921fd0c937dabb24c432b69f77638f6364d728c3ac6,f0056ec38ef40c379a209a83210758af8917f2fcbea60d20d49eac57c6bf76e2,d2b0ea8e5759173db7e8dc7fdf8e110bec79d2ad813d407b6818d434e1dfb97f,proposal-ebeb867f59edcd5bdf42,KGKNEQNRTGQRKRKNERKH,ebeb867f59edcd5bdf4282aacc0c36852553b7f4fea085665bf3b82e4094b851,22.695000,0,0.000000,7.03,false,pending,seqfam80_05386aa5250b9966bac2,NHGYVTKRKHHHQTKTDGKR,77,false,false,2492.76,11.8046875,0.0,0.3222236120830419,0.356,0.495,low,0.205,0.205,Non-Toxin,1.2754005193710327,18.85387048339422,1.6089530226541564,40.63993668378053,1.5319517850875854,1.8885525465011597,0.9674198627471924,2.0479307174682617,12,true,true,0,false,not_started
fgf2,2,117,39,20298924,autoresearch-rule-de-novo-v4,de_novo,1d66eb6495536a9b55fc334c7a5ee2068c002230ae3a8b17f78d0806c0d5dc16,,,proposal-0fb5cd0cfc3d8714d983,DKKEKKKLKFERKGNTFRFRGDKE,0fb5cd0cfc3d8714d9838e173e5ee029b2d56f7664e3ba3e3fcd602457dc8540,-13.575000,1,0.166667,5.987,false,pending,seqfam80_0fb5cd0cfc3d8714d983,DKKEKKKLKFERKGNTFRFRGDKE,1,true,true,3013.46,10.861572265625,0.16666666666666666,0.21510947229974253,0.396,0.406,low,0.4,0.4,Toxin,1.66631019115448,46.37780510122964,1.6092177128315925,40.66471312282625,1.8112211227416992,1.735701322555542,1.4528865814208984,1.4370412826538086,12,true,false,0,false,not_started
fgf2,2,33,11,20270924,autoresearch-rule-de-novo-v4,de_novo,92ceb6d845e82f5f87f6687cbf9272a32162fa76740981b5e100f28b8d8f811a,,,proposal-08710696d4e13319ffab,TSKRVERKYFQRQAKQYKVKKNFRN,08710696d4e13319ffab0545b1fd4c7d84cc12b48b89f9711dc9dc7c358c180b,31.160000,2,0.280000,8.983,false,pending,seqfam80_08710696d4e13319ffab,TSKRVERKYFQRQAKQYKVKKNFRN,1,true,true,3231.72,11.516845703125,0.2,0.24443243175720972,0.244,0.564,high,0.295,0.295,Non-Toxin,1.6530648469924927,44.984701910958265,1.6122090744442747,40.94577300315962,1.0275424718856812,2.4066221714019775,1.0087707042694092,2.005941867828369,12,true,false,0,false,not_started
fgf2,2,34,12,20271922,autoresearch-rule-substitution-v3,masked_substitution,02b8c779d4dc25b088929ddf5d284eb836c5e37a5e719f3af9b1bc6422c221c4,0786bdd15b7e7dc8e08db905ab24b2ad94897656d31d7358e26711037d1cf6b6,,proposal-39a6c29f04626d731885,NHGYVTRRKHHHQTKTDGKK,39a6c29f04626d731885b795c3d2621e0cac30d41e7a87628d75a6d9fbf710ea,20.220000,2,0.100000,5.153,false,pending,seqfam80_05386aa5250b9966bac2,NHGYVTKRKHHHQTKTDGKR,77,false,false,2428.68,11.1044921875,0.05,0.13828649401179122,0.248,0.297,low,0.26,0.26,Non-Toxin,1.4095505475997925,25.677370500144832,1.6217301675115097,41.85334443556328,1.4010089635849,1.6450092792510986,1.1479681730270386,2.2929961681365967,12,true,true,0,false,not_started
fgf2,2,85,29,20288922,autoresearch-rule-substitution-v3,masked_substitution,1326cf11e4e229e66082e62c95ef1535142deba633bff25eb2bb9ba905b20974,0786bdd15b7e7dc8e08db905ab24b2ad94897656d31d7358e26711037d1cf6b6,,proposal-cd4c27c35d744be10ea4,NHGYVTRRKKHHQTKTDGKR,cd4c27c35d744be10ea49d9df353d4a06eff867502a1bcf8f6352c7287c90670,36.520000,2,0.100000,6.111,false,pending,seqfam80_05386aa5250b9966bac2,NHGYVTKRKHHHQTKTDGKR,77,false,false,2447.72,11.48193359375,0.05,0.09924994205299087,0.317,0.218,low,0.255,0.255,Non-Toxin,1.6182124614715576,41.515709222064515,1.6218148399292374,41.86150518706965,1.411050796508789,1.6944023370742798,1.1081624031066895,2.2737045288085938,12,true,true,0,false,not_started
fgf2,2,53,18,20277923,autoresearch-rule-crossover-v3,controlled_crossover,bf99b67e4213cddd7a307925c5db6ee67528dd710393c4923b3e3eeb265072f7,f0056ec38ef40c379a209a83210758af8917f2fcbea60d20d49eac57c6bf76e2,f30033efe00bb95aa867ec2dd0d741409e5ed23a1c3fb39c7636c1b592c42b3f,proposal-034d54739bc84d207fca,KGKNEQTNGKKKGGRQQRYQ,034d54739bc84d207fcafa167801e8dee80f46cda9d76c085e65430f42eb8d4a,8.780000,1,0.050000,5.985,false,pending,seqfam80_034d54739bc84d207fca,KGKNEQTNGKKKGGRQQRYQ,6,true,true,2333.58,11.20166015625,0.0,0.2680443183245276,0.297,0.416,low,0.335,0.335,Non-Toxin,1.464739441871643,29.156772074342054,1.6363410346131313,43.285360075860694,1.5670182704925537,1.712469458580017,1.062477707862854,2.2034518718719482,12,true,true,0,false,not_started
fgf2,2,20,7,20266923,autoresearch-rule-crossover-v3,controlled_crossover,600471fd5fa23ec4acb19a71d2d8e03639019f185a7213afeb73bc43b8859f50,f0056ec38ef40c379a209a83210758af8917f2fcbea60d20d49eac57c6bf76e2,d2b0ea8e5759173db7e8dc7fdf8e110bec79d2ad813d407b6818d434e1dfb97f,proposal-f65c1b2918303c0bf473,KGKNEQTRTGQRKRKNERKH,f65c1b2918303c0bf4734d3615bbb0125377b01d0f255dd25628a68a3e7c664c,22.695000,0,0.000000,7.03,false,pending,seqfam80_05386aa5250b9966bac2,NHGYVTKRKHHHQTKTDGKR,77,false,false,2479.77,11.8046875,0.0,0.3150948737659349,0.347,0.485,low,0.17,0.17,Non-Toxin,1.008620023727417,10.200466261222736,1.637321219389584,43.38316368039931,1.5016709566116333,1.868397831916809,1.0221197605133057,2.1571462154388428,12,true,true,0,false,not_started
fgf2,2,83,28,20287923,autoresearch-rule-crossover-v3,controlled_crossover,c1114e981cb4e852dbb7b6378bdeabe5cd6165a145e65cdac62d3382537fd60f,f0056ec38ef40c379a209a83210758af8917f2fcbea60d20d49eac57c6bf76e2,f30033efe00bb95aa867ec2dd0d741409e5ed23a1c3fb39c7636c1b592c42b3f,proposal-93068bccfbd293a2cb19,KGKNEQNNGKKKGGRQQRYQ,93068bccfbd293a2cb1967152d33655daef7a343511e1a32c9d1745814f229e6,16.295000,1,0.050000,5.985,false,pending,seqfam80_034d54739bc84d207fca,KGKNEQTNGKKKGGRQQRYQ,6,true,true,2346.58,11.20166015625,0.0,0.2886525689250428,0.356,0.416,low,0.335,0.335,Non-Toxin,1.6494730710983276,44.6141960205844,1.6377790416749645,43.42892123096495,1.5924749374389648,1.6767284870147705,1.0779576301574707,2.204007863998413,12,true,true,0,false,not_started
fgf2,2,62,21,20280923,autoresearch-rule-crossover-v3,controlled_crossover,bf8ee1cef900a3949a215eaaae6b5448d07c65a91487baf48b8d9e602426b3c0,f30033efe00bb95aa867ec2dd0d741409e5ed23a1c3fb39c7636c1b592c42b3f,d2b0ea8e5759173db7e8dc7fdf8e110bec79d2ad813d407b6818d434e1dfb97f,proposal-2cfc54566f22fd192b21,KNNKNFNNGKKKGGRNERKH,2cfc54566f22fd192b21782566665a90f60c2e6ee306ae7355d038efe9f89a9d,10.160000,1,0.050000,7.029,false,pending,seqfam80_05386aa5250b9966bac2,NHGYVTKRKHHHQTKTDGKR,77,false,false,2368.63,11.67431640625,0.05,0.45412291182940434,0.327,0.366,low,0.375,0.375,Non-Toxin,1.610108733177185,40.748228531132945,1.6413502385235748,43.78750889249773,1.5512263774871826,1.6907904148101807,1.4934204816818237,1.8299767971038818,12,true,true,0,false,not_started
fgf2,2,37,13,20272922,autoresearch-rule-substitution-v3,masked_substitution,488fd537adf52023ba17b44aa3d7c77a4b3c6afcd57f42aa227b61846c7ef13f,0786bdd15b7e7dc8e08db905ab24b2ad94897656d31d7358e26711037d1cf6b6,,proposal-980579b9f8ef56252083,NHGYVTRRKHHHQTKTDGNR,980579b9f8ef562520832087964bf6f88be0c04ad2ba546041aee2ce74850fc3,20.220000,2,0.100000,4.154,false,pending,seqfam80_05386aa5250b9966bac2,NHGYVTKRKHHHQTKTDGKR,77,false,false,2442.62,11.32421875,0.05,0.11403711483419839,0.287,0.248,low,0.195,0.195,Non-Toxin,1.6035957336425781,40.14169748046856,1.6433862225513551,43.99326781813088,1.5124578475952148,1.6129424571990967,1.1338908672332764,2.3143155574798584,12,true,true,0,false,not_started
fgf2,2,103,35,20294922,autoresearch-rule-substitution-v3,masked_substitution,2c2ba29ce6135f552b36d620ba14a6b82ec52cce6bd3a082884b83dd0c189145,0786bdd15b7e7dc8e08db905ab24b2ad94897656d31d7358e26711037d1cf6b6,,proposal-8188fb0d08279b0aa7a7,NHGYVTRRKHHHQTKSDGKR,8188fb0d08279b0aa7a7c2e3e6ac568fa13677a878eeae3fcbb1222478f47d28,36.520000,2,0.100000,5.153,false,pending,seqfam80_05386aa5250b9966bac2,NHGYVTKRKHHHQTKTDGKR,77,false,false,2442.66,11.41455078125,0.05,0.15029535054628168,0.337,0.228,low,0.285,0.285,Non-Toxin,1.1659810543060303,14.654839091851214,1.6471364266650093,44.37480183814451,1.3966333866119385,1.6358425617218018,1.109902262687683,2.446241855621338,12,true,true,0,false,not_started
fgf2,2,92,31,20290923,autoresearch-rule-crossover-v3,controlled_crossover,c222a2b03a4982a191d319cf30ecbf8095bc209be5346c9d1648592128b8eed0,f30033efe00bb95aa867ec2dd0d741409e5ed23a1c3fb39c7636c1b592c42b3f,d2b0ea8e5759173db7e8dc7fdf8e110bec79d2ad813d407b6818d434e1dfb97f,proposal-b7190f63eb99859611d5,KNNKNFNNTGQRKRKNERKH,b7190f63eb99859611d5467a7c2e48c86dc3c5c9eb7d97bd6210476dcdbd9698,21.635000,1,0.050000,7.029,false,pending,seqfam80_05386aa5250b9966bac2,NHGYVTKRKHHHQTKTDGKR,77,false,false,2511.77,11.95361328125,0.05,0.34691491539373775,0.287,0.386,low,0.235,0.235,Non-Toxin,1.733839988708496,54.18012325856736,1.6562518161092783,45.31602587572876,1.6345771551132202,1.7029833793640137,1.1915278434753418,2.095958709716797,12,true,true,0,false,not_started
fgf2,2,25,9,20268922,autoresearch-rule-substitution-v3,masked_substitution,e4a81b3a34b9321783ba68147a98252b362a6d7b14610376a52fc5c84b0b21fe,0786bdd15b7e7dc8e08db905ab24b2ad94897656d31d7358e26711037d1cf6b6,,proposal-e6babf0e95c83c2a97f8,NHGYVTRKKHHHQTKTDGKR,e6babf0e95c83c2a97f8d9b2b9b2d25fa3edf97090e587864f74a95f622c5e7d,7.880000,2,0.100000,5.153,false,pending,seqfam80_05386aa5250b9966bac2,NHGYVTKRKHHHQTKTDGKR,77,false,false,2428.68,11.1044921875,0.05,0.1169045507963,0.257,0.297,low,0.26,0.26,Non-Toxin,1.4618239402770996,28.961692644069966,1.6602813173467803,45.73843676636893,1.394792914390564,1.5697145462036133,1.0549676418304443,2.6217401027679443,12,true,true,0,false,not_started
fgf2,2,73,25,20284922,autoresearch-rule-substitution-v3,masked_substitution,b30c7a1aab105aab6cca2b38ec66a75637e92a61f74a904a99538baca51d655b,0786bdd15b7e7dc8e08db905ab24b2ad94897656d31d7358e26711037d1cf6b6,,proposal-210dd9dd1de91184fc94,NHGYVTRRKHHHQTQTDGKR,210dd9dd1de91184fc94371170e923c266a902c91d4cc095adb5a1f9651ef8e0,32.750000,2,0.100000,4.154,false,pending,seqfam80_05386aa5250b9966bac2,NHGYVTKRKHHHQTKTDGKR,77,false,false,2456.65,11.32421875,0.05,0.13566504115541758,0.317,0.228,low,0.205,0.205,Non-Toxin,1.6264630556106567,42.311951442394374,1.6838547229044973,48.28972396752222,1.356397271156311,1.5668165683746338,0.952471137046814,2.8598451614379883,12,true,true,0,false,not_started
fgf2,2,118,40,20299922,autoresearch-rule-substitution-v3,masked_substitution,112a6b82494f878b0c8cfa054fad5a80009bd07b593844ebafa07d8833b03edf,0786bdd15b7e7dc8e08db905ab24b2ad94897656d31d7358e26711037d1cf6b6,,proposal-1aa473c29a388d600527,NHGYVTRRKNHHQTKTDGKR,1aa473c29a388d6005278bf5d2f3b9924adac835a2d1aaab3befd3827ca2a5a4,36.520000,2,0.100000,5.112,false,pending,seqfam80_05386aa5250b9966bac2,NHGYVTKRKHHHQTKTDGKR,77,false,false,2433.65,11.41455078125,0.05,0.1282122666747401,0.297,0.188,low,0.195,0.195,Non-Toxin,1.4984740018844604,31.51185735525766,1.6850624624087285,48.42420086882413,1.5450221300125122,1.7744626998901367,1.1267662048339844,2.294055700302124,12,true,true,0,false,not_started
fgf2,2,16,6,20265922,autoresearch-rule-substitution-v3,masked_substitution,3d9371eb00025cc74c549ca24997d787cac75e473fe08813af029f93f2b3f66b,0786bdd15b7e7dc8e08db905ab24b2ad94897656d31d7358e26711037d1cf6b6,,proposal-f01f91d5168064de3875,NHGYKTRRKHHHQTKTDGKR,f01f91d5168064de3875fef2939f6155eca9b4b4d7a5b0d9e73d60d0bbfa8f9d,40.765000,1,0.050000,6.153,false,pending,seqfam80_05386aa5250b9966bac2,NHGYVTKRKHHHQTKTDGKR,77,false,false,2485.73,11.48193359375,0.0,0.2731305420605433,0.446,0.376,low,0.26,0.26,Non-Toxin,1.0958104133605957,12.468391010673702,1.6853756217270375,48.45913098894967,1.397559642791748,1.557999849319458,1.0786666870117188,2.707371711730957,12,true,true,0,false,not_started
fgf2,2,58,20,20279922,autoresearch-rule-substitution-v3,masked_substitution,2ecb18972839b0fd70505c155be70e9623c3f1938d8a1b338483a0c3db36f8be,0786bdd15b7e7dc8e08db905ab24b2ad94897656d31d7358e26711037d1cf6b6,,proposal-98d9d073ee343d1eaed4,NHGYVTRNKHHHQTKTDGKR,98d9d073ee343d1eaed4cb3c3137236ce35e60b10f1fab80dd5c10ea97942f8e,25.890000,2,0.100000,4.154,false,pending,seqfam80_05386aa5250b9966bac2,NHGYVTKRKHHHQTKTDGKR,77,false,false,2414.61,10.9736328125,0.05,0.10729056247050765,0.257,0.238,low,0.235,0.235,Non-Toxin,1.3279987573623657,21.281329567920906,1.6910348064315093,49.094722142823024,1.4885947704315186,1.6092811822891235,1.1920360326766968,2.474299192428589,12,true,true,0,false,not_started
fgf2,2,55,19,20278922,autoresearch-rule-substitution-v3,masked_substitution,3f4848b1c10f9e9693b6e7aaa9b2c140f063401e90a03336aca46e6c92cd613b,0786bdd15b7e7dc8e08db905ab24b2ad94897656d31d7358e26711037d1cf6b6,,proposal-79a2fb7ccbb261a00e4d,NHGYVTRRKHHHQTNTDGKR,79a2fb7ccbb261a00e4da47710774f4be0609910150590e7787aebaef51e3a43,24.760000,2,0.100000,4.154,false,pending,seqfam80_05386aa5250b9966bac2,NHGYVTKRKHHHQTKTDGKR,77,false,false,2442.62,11.32421875,0.05,0.13511409190219476,0.297,0.228,low,0.205,0.205,Non-Toxin,1.763550043106079,58.01630199916512,1.6923185182760951,49.240053743719415,1.432234287261963,1.669235110282898,1.1487224102020264,2.5191590785980225,12,true,true,0,false,not_started
fgf2,2,22,8,20267922,autoresearch-rule-substitution-v3,masked_substitution,690c0658f6d779ea6e0dc16a089d892bb98bb11833ec9dc0833345d3d69dcf10,0786bdd15b7e7dc8e08db905ab24b2ad94897656d31d7358e26711037d1cf6b6,,proposal-89d1750709f798a18dfc,NHGYVTQRKHHHQTKTDGKR,89d1750709f798a18dfc917cad2425071ec6f0990d9280762d3882e87e5e116d,4.110000,2,0.100000,4.154,false,pending,seqfam80_05386aa5250b9966bac2,NHGYVTKRKHHHQTKTDGKR,77,false,false,2428.64,10.9736328125,0.05,0.21885698989323563,0.218,0.277,low,0.19,0.19,Non-Toxin,1.4472726583480835,28.00739125155359,1.6957457025907063,49.630163118927285,1.4508293867111206,1.6189271211624146,1.0886054039001465,2.6247076988220215,12,true,true,0,false,not_started
fgf2,2,79,27,20286922,autoresearch-rule-substitution-v3,masked_substitution,ade7d32a31ef56394e40e4e7d793c60feeca08cd839f8135be1a308efa357884,0786bdd15b7e7dc8e08db905ab24b2ad94897656d31d7358e26711037d1cf6b6,,proposal-06c6c5d4216c4daf8c18,NNGYVTRRKHHHQTKTDGKR,06c6c5d4216c4daf8c180edc29839a061583d081c2cf7efa1029e1a7beb434eb,34.190000,2,0.100000,5.112,false,pending,seqfam80_05386aa5250b9966bac2,NHGYVTKRKHHHQTKTDGKR,77,false,false,2433.65,11.41455078125,0.05,0.15155663101169822,0.277,0.297,low,0.22,0.22,Non-Toxin,1.6039299964904785,40.172605179423535,1.700513526401373,50.17802070841944,1.415317416191101,1.6371091604232788,1.256299376487732,2.4934005737304688,12,true,true,0,false,not_started
fgf2,2,104,35,20294923,autoresearch-rule-crossover-v3,controlled_crossover,ae434df3edef24f4bd2dd3386876a88d6a31574c6e71577c78b9910de995e516,f30033efe00bb95aa867ec2dd0d741409e5ed23a1c3fb39c7636c1b592c42b3f,d2b0ea8e5759173db7e8dc7fdf8e110bec79d2ad813d407b6818d434e1dfb97f,proposal-f65f14afc9e8339c55df,KNNKNFNRTGQRKRKNERKH,f65f14afc9e8339c55df684457d7c762b1656b2d88a4fc4312fae097ac6c4e37,25.880000,1,0.050000,8.029,false,pending,seqfam80_05386aa5250b9966bac2,NHGYVTKRKHHHQTKTDGKR,77,false,false,2553.85,12.167724609375,0.05,0.4291944063454601,0.287,0.465,low,0.2,0.2,Non-Toxin,1.6906901597976685,49.05577709653885,1.713678556337403,51.72238662804034,1.692602515220642,1.6576627492904663,1.1169363260269165,2.387575149536133,12,true,true,0,false,not_started
fgf2,2,1,1,20260922,autoresearch-rule-substitution-v3,masked_substitution,20b301edd005762376503a99e385f94bdffee98fb0e62928804252efa08a5186,0786bdd15b7e7dc8e08db905ab24b2ad94897656d31d7358e26711037d1cf6b6,,proposal-25837571edc449d2d6fe,NHGYNTRRKHHHQTKTDGKR,25837571edc449d2d6feff12c98b92dc7945a0a80282190500e10478d7c85c19,36.520000,1,0.050000,5.153,false,pending,seqfam80_05386aa5250b9966bac2,NHGYVTKRKHHHQTKTDGKR,77,false,false,2471.66,11.41455078125,0.0,0.2374071197584613,0.366,0.228,low,0.245,0.245,Non-Toxin,1.488985300064087,30.830835927220626,1.7158258035406577,51.97874668342907,1.4437639713287354,1.6195837259292603,1.1109296083450317,2.6891167163848877,12,true,true,0,false,not_started
fgf2,2,52,18,20277922,autoresearch-rule-substitution-v3,masked_substitution,2a02f3305ec7de78a69f3bd9bf18f78277700a2bf886f20f84fa518f90172c5b,0786bdd15b7e7dc8e08db905ab24b2ad94897656d31d7358e26711037d1cf6b6,,proposal-60285e7d9f9c04fccf48,NHGYVTRRKHHHQTKTDGQR,60285e7d9f9c04fccf483db24f666ec4276299d8ce94b9122c27f481ac90469d,24.465000,2,0.100000,4.154,false,pending,seqfam80_05386aa5250b9966bac2,NHGYVTKRKHHHQTKTDGKR,77,false,false,2456.65,11.32421875,0.05,0.1168939581532871,0.307,0.257,low,0.19,0.19,Non-Toxin,1.7473026514053345,55.8859517429168,1.7217857135514163,52.69697836381992,1.3873155117034912,1.6094763278961182,1.063166618347168,2.8272881507873535,12,true,true,0,false,not_started
fgf2,2,59,20,20279923,autoresearch-rule-crossover-v3,controlled_crossover,b8f5635d0b1675d5b07d71fe50ca5a5539cfe95772688b0ce630aaaff7d77bb8,f0056ec38ef40c379a209a83210758af8917f2fcbea60d20d49eac57c6bf76e2,0786bdd15b7e7dc8e08db905ab24b2ad94897656d31d7358e26711037d1cf6b6,proposal-f783be0018c43e0e51d9,KGKNEQTRKDNTYRKTDGKR,f783be0018c43e0e51d97779feac4cce16b3b27323c37c878703f88b7c0828eb,9.995000,1,0.050000,4.986,false,pending,seqfam80_05386aa5250b9966bac2,NHGYVTKRKHHHQTKTDGKR,77,false,false,2423.65,10.853759765625,0.0,0.10321950177842534,0.277,0.287,low,0.165,0.165,Non-Toxin,1.1094038486480713,12.864823985793493,1.7254801237311912,53.1471675192025,1.4726306200027466,2.270908832550049,0.8279099464416504,2.330533027648926,12,true,true,0,false,not_started
fgf2,2,13,5,20264922,autoresearch-rule-substitution-v3,masked_substitution,84d1950761cea76e85561d225283fc60636c89d08aca2f43ac59cfcedb68a6b8,0786bdd15b7e7dc8e08db905ab24b2ad94897656d31d7358e26711037d1cf6b6,,proposal-dea1d1cf9b89d6102b22,NHGYQTRRKHHHQTKTDGKR,dea1d1cf9b89d6102b2256f32c48b2198ece7d542ffb42b3a684c34fbdb30fed,40.765000,1,0.050000,5.153,false,pending,seqfam80_05386aa5250b9966bac2,NHGYVTKRKHHHQTKTDGKR,77,false,false,2485.69,11.41455078125,0.0,0.24087661618913914,0.406,0.327,low,0.25,0.25,Non-Toxin,1.4235796928405762,26.520376960772616,1.7275967244059118,53.40682059577191,1.4171525239944458,1.5697743892669678,1.1513746976852417,2.7721822261810303,12,true,true,0,false,not_started
fgf2,2,31,11,20270922,autoresearch-rule-substitution-v3,masked_substitution,c86e72c829a25901aa651d6143f3a1cec01ffc072148236bf4553bc71ce52838,0786bdd15b7e7dc8e08db905ab24b2ad94897656d31d7358e26711037d1cf6b6,,proposal-bd9fe40b5cbfa6de9f29,NHGYVTRQKHHHQTKTDGKR,bd9fe40b5cbfa6de9f29ef8366d3a8d73a4665be0a60fae650cb2a7c0f9f7d19,17.510000,2,0.100000,4.154,false,pending,seqfam80_05386aa5250b9966bac2,NHGYVTKRKHHHQTKTDGKR,77,false,false,2428.64,10.9736328125,0.05,0.10773610568245091,0.228,0.267,low,0.205,0.205,Non-Toxin,1.5271490812301636,33.66271042771934,1.7298021266383148,53.6787169540067,1.4454340934753418,1.5877373218536377,1.1951069831848145,2.69101881980896,12,true,true,0,false,not_started
fgf2,2,44,15,20274923,autoresearch-rule-crossover-v3,controlled_crossover,641650f185a0cd2b871621f3c29aa20fee5b3dba51bd3731897179e3f5ac32f8,f0056ec38ef40c379a209a83210758af8917f2fcbea60d20d49eac57c6bf76e2,d2b0ea8e5759173db7e8dc7fdf8e110bec79d2ad813d407b6818d434e1dfb97f,proposal-cce5f831184a0fd9ff6e,KGKNEQTRKDNTYRKNERKH,cce5f831184a0fd9ff6e6dbfdf7e52f9fd10839be9a5dd2d6670431f037c7112,-2.060000,1,0.050000,5.028,false,pending,seqfam80_05386aa5250b9966bac2,NHGYVTKRKHHHQTKTDGKR,77,false,false,2530.76,10.853759765625,0.0,0.2660080885076414,0.376,0.386,low,0.27,0.27,Non-Toxin,1.0490334033966064,11.195239874063438,1.7315641362599479,53.8969434069078,1.520264983177185,2.2256815433502197,0.8795708417892456,2.3007969856262207,12,true,true,0,false,not_started
fgf2,2,49,17,20276922,autoresearch-rule-substitution-v3,masked_substitution,d9a4731773175c33e9da42bfdd052ade643b15f9d4d1a1643ca74e9bf4571937,0786bdd15b7e7dc8e08db905ab24b2ad94897656d31d7358e26711037d1cf6b6,,proposal-05386aa5250b9966bac2,NHGYVTKRKHHHQTKTDGKR,05386aa5250b9966bac2a9743e651556a10aea0961808d67c3ce2590d0f4ce3d,24.180000,2,0.100000,5.153,false,pending,seqfam80_05386aa5250b9966bac2,NHGYVTKRKHHHQTKTDGKR,77,false,false,2428.68,11.1044921875,0.05,0.18884228733597577,0.257,0.297,low,0.255,0.255,Non-Toxin,1.2388454675674438,17.331871782955012,1.731964561287545,53.94665998932632,1.4970405101776123,1.603749394416809,1.1599615812301636,2.6671934127807617,12,true,true,0,false,not_started
fgf2,2,64,22,20281922,autoresearch-rule-substitution-v3,masked_substitution,6f5f66c50d203bb78e045be40a3d593349ffe3ccf561b4f246ccc13a61243a52,0786bdd15b7e7dc8e08db905ab24b2ad94897656d31d7358e26711037d1cf6b6,,proposal-1dcf6b0eb670685199e2,NHGYVTRRKHHHQTKTDGKQ,1dcf6b0eb670685199e2ebfd21e4e187806fe2ba9fa348e466f056cc2877e9bc,32.040000,2,0.100000,4.154,false,pending,seqfam80_05386aa5250b9966bac2,NHGYVTKRKHHHQTKTDGKR,77,false,false,2428.64,10.9736328125,0.05,0.14356274299337288,0.257,0.248,low,0.2,0.2,Non-Toxin,1.4998090267181396,31.608874104459677,1.745691984040029,55.6790714537417,1.3687989711761475,1.6529167890548706,1.1564404964447021,2.8047103881835938,12,true,true,0,false,not_started
fgf2,2,91,31,20290922,autoresearch-rule-substitution-v3,masked_substitution,b8830f606673f9682db5108fb65d2589616fb76cd035ef59567efec77e8676e4,0786bdd15b7e7dc8e08db905ab24b2ad94897656d31d7358e26711037d1cf6b6,,proposal-58cdcfdc25d6eb58c5ab,NHGYVTRRKHHHSTKTDGKR,58cdcfdc25d6eb58c5abb2d23344a2198e5eca24deda0621b66151af8dd57914,36.520000,2,0.100000,5.153,false,pending,seqfam80_05386aa5250b9966bac2,NHGYVTKRKHHHQTKTDGKR,77,false,false,2415.64,11.41455078125,0.05,0.15005715228065558,0.327,0.228,low,0.255,0.255,Non-Toxin,1.2451978921890259,17.587248182949786,1.7459437554133295,55.71135936220271,1.3804887533187866,1.719606637954712,1.1280577182769775,2.755716562271118,12,true,true,0,false,not_started
fgf2,2,61,21,20280922,autoresearch-rule-substitution-v3,masked_substitution,d67a42fd13641163107f95cdfa250e38577eef611faeebdc957f7053a67f91f3,0786bdd15b7e7dc8e08db905ab24b2ad94897656d31d7358e26711037d1cf6b6,,proposal-f693db486c3395d80f51,NHGYVTRSKHHHQTKTDGKR,f693db486c3395d80f5154eace1980eea0b561c78383a29a12f38eca471246b1,29.850000,2,0.100000,4.154,false,pending,seqfam80_05386aa5250b9966bac2,NHGYVTKRKHHHQTKTDGKR,77,false,false,2387.58,10.9736328125,0.05,0.10814384152845809,0.257,0.218,low,0.23,0.23,Non-Toxin,1.291466474533081,19.564397342699287,1.7552139881088507,56.91332884401075,1.4515033960342407,1.6892305612564087,1.1895793676376343,2.690629482269287,12,true,true,0,false,not_started
fgf2,2,68,23,20282923,autoresearch-rule-crossover-v3,controlled_crossover,5164dfdb0e91300e00331cad34455787ea1ab3f6d39edae3a883577a2da011e9,f30033efe00bb95aa867ec2dd0d741409e5ed23a1c3fb39c7636c1b592c42b3f,0786bdd15b7e7dc8e08db905ab24b2ad94897656d31d7358e26711037d1cf6b6,proposal-9c0112e8793eae05aa53,KNNKNFNNGKKHQTKTDGKR,9c0112e8793eae05aa53d6c2f03d373196a70f5e9cc1d51dad516e7a6772d90c,14.120000,1,0.050000,6.028,false,pending,seqfam80_05386aa5250b9966bac2,NHGYVTKRKHHHQTKTDGKR,77,false,false,2357.6,11.30615234375,0.05,0.17016601396975775,0.287,0.307,low,0.265,0.265,Non-Toxin,1.164735198020935,14.612859142405691,1.7735927497493125,59.37351352156178,1.7057080268859863,1.9410953521728516,1.4020969867706299,2.0454938411712646,12,true,true,0,false,not_started
fgf2,2,28,10,20269922,autoresearch-rule-substitution-v3,masked_substitution,c7fe58fdf482a7402801a98acb1750e1e00822cc9f3866c147bd2e8e6a95944a,0786bdd15b7e7dc8e08db905ab24b2ad94897656d31d7358e26711037d1cf6b6,,proposal-88d2082a5b931ac2e650,NHGYVTSRKHHHQTKTDGKR,88d2082a5b931ac2e6500e77d9acccd6cc9342a9ce551e7a8e7dcf69157931bf,17.510000,2,0.100000,4.154,false,pending,seqfam80_05386aa5250b9966bac2,NHGYVTKRKHHHQTKTDGKR,77,false,false,2387.58,10.9736328125,0.05,0.25044535690632574,0.248,0.228,low,0.225,0.225,Non-Toxin,1.4098360538482666,25.694256415763963,1.774921069045707,59.55538946076927,1.4939368963241577,1.7752255201339722,1.1673165559768677,2.6632883548736572,12,true,true,0,false,not_started
fgf2,2,35,12,20271923,autoresearch-rule-crossover-v3,controlled_crossover,4b18273980aa74caf9331e8e2dd4372c8a033940c6be90547ce7fe17179f4e01,f30033efe00bb95aa867ec2dd0d741409e5ed23a1c3fb39c7636c1b592c42b3f,d2b0ea8e5759173db7e8dc7fdf8e110bec79d2ad813d407b6818d434e1dfb97f,proposal-2a99cf6e0d23ca68a690,KNNKNRNRTGQRKRKNERKH,2a99cf6e0d23ca68a6906c6f5c3ac840b2ec62c45217a7ccb42f0f23565d8d49,39.565000,0,0.000000,9.029,false,pending,seqfam80_05386aa5250b9966bac2,NHGYVTKRKHHHQTKTDGKR,77,false,false,2562.86,12.31689453125,0.0,0.2453531980554684,0.337,0.525,high,0.195,0.195,Non-Toxin,1.8782652616500854,75.55535694520303,1.7774243481422793,59.8996587408286,1.9694323539733887,1.8197453022003174,0.9405051469802856,2.380072832107544,12,true,false,0,false,not_started
fgf2,2,71,24,20283923,autoresearch-rule-crossover-v3,controlled_crossover,5e73be4db344314448e3638f04441b6fbeb299551e349e55103b07a81ac18fab,f30033efe00bb95aa867ec2dd0d741409e5ed23a1c3fb39c7636c1b592c42b3f,0786bdd15b7e7dc8e08db905ab24b2ad94897656d31d7358e26711037d1cf6b6,proposal-3cc6842b3254c7a2017e,KNNKNFNNGKHHQTKTDGKR,3cc6842b3254c7a2017ec2478058cd659b9179ed1717953b1957f757e0e27ea7,14.120000,1,0.050000,5.071,false,pending,seqfam80_05386aa5250b9966bac2,NHGYVTKRKHHHQTKTDGKR,77,false,false,2366.56,11.21875,0.05,0.15653312944718942,0.287,0.297,low,0.24,0.24,Non-Toxin,1.1156535148620605,13.051292255390653,1.7788348917791832,60.09452292593782,1.5188288688659668,1.9913586378097534,1.3595231771469116,2.245671272277832,12,true,true,0,false,not_started
fgf2,2,107,36,20295923,autoresearch-rule-crossover-v3,controlled_crossover,ba1eef98fc648df265e15dc072a32571006151d18e6263015efad6ac3b1d7cbd,f30033efe00bb95aa867ec2dd0d741409e5ed23a1c3fb39c7636c1b592c42b3f,0786bdd15b7e7dc8e08db905ab24b2ad94897656d31d7358e26711037d1cf6b6,proposal-8707b7d385ccf474241b,KNNKNFNNGKKKQTKTDGKR,8707b7d385ccf474241bf08afa737a8d8cd03a08155d485dfee6784d3ab39c86,25.940000,1,0.050000,6.986,false,pending,seqfam80_05386aa5250b9966bac2,NHGYVTKRKHHHQTKTDGKR,77,false,false,2348.63,11.376953125,0.05,0.21813150260160113,0.317,0.277,low,0.295,0.295,Non-Toxin,1.1806367635726929,15.157820631193214,1.7837517994784724,60.77875497042075,1.7583446502685547,2.012950897216797,1.4140392541885376,1.94968581199646,12,true,true,0,false,not_started
fgf2,2,19,7,20266922,autoresearch-rule-substitution-v3,masked_substitution,a3b497fe4c1cf35d289084d219168725c864e194458ef553fef69ccbc0fc93ac,0786bdd15b7e7dc8e08db905ab24b2ad94897656d31d7358e26711037d1cf6b6,,proposal-d963791f784833a891bc,NHGYVTNRKHHHQTKTDGKR,d963791f784833a891bcb3dd4771916861d1b88f17e81366008dd86d72998e35,0.365000,2,0.100000,4.154,false,pending,seqfam80_05386aa5250b9966bac2,NHGYVTKRKHHHQTKTDGKR,77,false,false,2414.61,10.9736328125,0.05,0.22213106454749504,0.257,0.248,low,0.2,0.2,Non-Toxin,1.206464171409607,16.0865966060141,1.7945814837487541,62.31340509071052,1.5341098308563232,1.740889310836792,1.1728655099868774,2.730548620223999,12,true,true,0,false,not_started
fgf2,2,43,15,20274922,autoresearch-rule-substitution-v3,masked_substitution,4e778d8d2f655f71fce7cad17e78cde33c0232d72665e5d008291478557e83be,0786bdd15b7e7dc8e08db905ab24b2ad94897656d31d7358e26711037d1cf6b6,,proposal-3058431a70d14cd22b21,NHGYVTRRKHHHQTKTDGKS,3058431a70d14cd22b216fdc849b83bf8e009af74497938acdfa569f016ce511,20.220000,2,0.100000,4.154,false,pending,seqfam80_05386aa5250b9966bac2,NHGYVTKRKHHHQTKTDGKR,77,false,false,2387.58,10.9736328125,0.05,0.15605808231632717,0.257,0.238,low,0.22,0.22,Non-Toxin,1.6474510431289673,44.40695997497097,1.7953426944363748,62.422720833638536,1.387081503868103,1.7094711065292358,1.2170244455337524,2.8678934574127197,12,true,true,0,false,not_started
fgf2,2,29,10,20269923,autoresearch-rule-crossover-v3,controlled_crossover,85c0f4dd0af7028182e7e43b5cbb58a53b068faec528df6a152d2073aed0b7ff,f0056ec38ef40c379a209a83210758af8917f2fcbea60d20d49eac57c6bf76e2,d2b0ea8e5759173db7e8dc7fdf8e110bec79d2ad813d407b6818d434e1dfb97f,proposal-b067e2460441f8a94faf,KGKNEQTRKDQRKRKNERKH,b067e2460441f8a94fafea06f54486b4098bfcde1f4d918a55b2f8e803377804,26.940000,0,0.000000,7.029,false,pending,seqfam80_05386aa5250b9966bac2,NHGYVTKRKHHHQTKTDGKR,77,false,false,2564.87,11.49267578125,0.0,0.22769308956846923,0.327,0.535,high,0.265,0.265,Non-Toxin,1.205172061920166,16.03880701855016,1.796226613420496,62.549899093689085,1.684922695159912,2.1705899238586426,1.077944040298462,2.2514946460723877,12,true,false,0,false,not_started
fgf2,2,10,4,20263922,autoresearch-rule-substitution-v3,masked_substitution,7fac31bd2788dc565d40588795240043101074d63530befced83976ef200d5b6,0786bdd15b7e7dc8e08db905ab24b2ad94897656d31d7358e26711037d1cf6b6,,proposal-16e990713b4fbbf9af67,NHGYSTRRKHHHQTKTDGKR,16e990713b4fbbf9af67004cdba5bc0b36e3657a8f044251cd9d195926980b62,40.765000,1,0.050000,5.153,false,pending,seqfam80_05386aa5250b9966bac2,NHGYVTKRKHHHQTKTDGKR,77,false,false,2444.64,11.41455078125,0.0,0.2077105680992429,0.376,0.228,low,0.23,0.23,Non-Toxin,1.251416563987732,17.840891990402955,1.7969600830941022,62.65562739400717,1.482361912727356,1.6995662450790405,1.1986557245254517,2.8073503971099854,12,true,true,0,false,not_started
fgf2,2,4,2,20261922,autoresearch-rule-substitution-v3,masked_substitution,bbbdb0b96fae39d8f51a8b1feb737d913b10990df8691b76d06a79301f3cd23f,0786bdd15b7e7dc8e08db905ab24b2ad94897656d31d7358e26711037d1cf6b6,,proposal-c0af691e017643ce2f7b,NHGQVTRRKHHHQTKTDGKR,c0af691e017643ce2f7b9c3444559a8f2038faeeb6c71e1124291206b5469438,36.995000,1,0.050000,5.155,false,pending,seqfam80_05386aa5250b9966bac2,NHGYVTKRKHHHQTKTDGKR,77,false,false,2421.65,11.90478515625,0.05,0.15735488109231774,0.327,0.228,low,0.17,0.17,Non-Toxin,1.7126835584640503,51.60402280238982,1.80433830326431,63.72917600755057,1.459488868713379,1.7355117797851562,1.2053146362304688,2.8171322345733643,12,true,true,0,false,not_started
fgf2,2,74,25,20284923,autoresearch-rule-crossover-v3,controlled_crossover,2d815ec2a27e3212b485756e85784767c72139eb1a5b3970f41fe9bd022c23b8,f0056ec38ef40c379a209a83210758af8917f2fcbea60d20d49eac57c6bf76e2,0786bdd15b7e7dc8e08db905ab24b2ad94897656d31d7358e26711037d1cf6b6,proposal-e54a96d2b3910c9ba2b8,KGKNEQTRKDNTYTKTDGKR,e54a96d2b3910c9ba2b8bcb68182b44a555c67bdcecc352232742d7ba012a660,14.205000,1,0.050000,3.986,false,pending,seqfam80_05386aa5250b9966bac2,NHGYVTKRKHHHQTKTDGKR,77,false,false,2368.57,10.58203125,0.0,0.20557607465111188,0.248,0.198,low,0.145,0.145,Non-Toxin,1.1523257493972778,14.201223073509542,1.8100910304015922,64.5789575732173,1.4086673259735107,2.384720802307129,1.0126731395721436,2.4343655109405518,12,true,true,0,false,not_started
fgf2,2,116,39,20298923,autoresearch-rule-crossover-v3,controlled_crossover,5bfdfa40316889743366c4a0267ef455acae7df57a45d34de8b4ae53bfd762d0,f30033efe00bb95aa867ec2dd0d741409e5ed23a1c3fb39c7636c1b592c42b3f,d2b0ea8e5759173db7e8dc7fdf8e110bec79d2ad813d407b6818d434e1dfb97f,proposal-7b0e977f9b9528d6334b,KNNKNFNNGKQRKRKNERKH,7b0e977f9b9528d6334b0b39633953c78f06786d3a70b74c8943d8a7b2c03da2,30.185000,1,0.050000,8.029,false,pending,seqfam80_05386aa5250b9966bac2,NHGYVTKRKHHHQTKTDGKR,77,false,false,2538.84,11.97509765625,0.05,0.29523551756546007,0.307,0.485,low,0.29,0.29,Non-Toxin,1.4974499940872192,31.437644173626552,1.8102729385065746,64.60601270950382,1.8711425065994263,1.7972931861877441,1.2418665885925293,2.3308370113372803,12,true,true,0,false,not_started
fgf2,2,41,14,20273923,autoresearch-rule-crossover-v3,controlled_crossover,27525b7f58a2766bbb980be2e040640def1754b307e3cdb5ce7752534ead26ec,f30033efe00bb95aa867ec2dd0d741409e5ed23a1c3fb39c7636c1b592c42b3f,d2b0ea8e5759173db7e8dc7fdf8e110bec79d2ad813d407b6818d434e1dfb97f,proposal-bce54421ce353416c110,KNNKNFNNGKKKGRKNERKH,bce54421ce353416c11056d09a67f9d1dc8eae55c26c17bc08748aeb744231a0,-2.180000,1,0.050000,8.028,false,pending,seqfam80_05386aa5250b9966bac2,NHGYVTKRKHHHQTKTDGKR,77,false,false,2439.75,11.71484375,0.05,0.4169935582244073,0.426,0.446,low,0.385,0.385,Toxin,1.7065320014953613,50.878230848119806,1.8161067173918712,65.47970548798831,1.6703046560287476,1.8504502773284912,1.3015254735946655,2.4422037601470947,12,true,false,0,false,not_started
fgf2,2,7,3,20262922,autoresearch-rule-substitution-v3,masked_substitution,6c283e396ef2b123a038f812bac60c513916388e57a7a85e8e33bfa3ba4f050c,0786bdd15b7e7dc8e08db905ab24b2ad94897656d31d7358e26711037d1cf6b6,,proposal-2710347ede1fe33c74de,NHGSVTRRKHHHQTKTDGKR,2710347ede1fe33c74de63ae5b5aedddd3f368a9c9a324ff62d73596219ec3a3,40.765000,1,0.050000,5.155,false,pending,seqfam80_05386aa5250b9966bac2,NHGYVTKRKHHHQTKTDGKR,77,false,false,2380.6,11.90478515625,0.05,0.1474099981041258,0.337,0.218,low,0.185,0.185,Non-Toxin,1.5397934913635254,34.657201498751185,1.8165336744367253,65.5441105623466,1.4793747663497925,1.8070690631866455,1.2330411672592163,2.7467362880706787,12,true,true,0,false,not_started
fgf2,2,115,39,20298922,autoresearch-rule-substitution-v3,masked_substitution,4f87aea3521f273f2a0a4b624460d027fb22de3da9b156afdfe7e28285eeeaf4,0786bdd15b7e7dc8e08db905ab24b2ad94897656d31d7358e26711037d1cf6b6,,proposal-5446a3149d459a36afdf,NHGYVTRRKSHHQTKTDGKR,5446a3149d459a36afdf7b43f22dd0c2f08cfc4521464df35f040a0e41487cf2,36.520000,2,0.100000,5.112,false,pending,seqfam80_05386aa5250b9966bac2,NHGYVTKRKHHHQTKTDGKR,77,false,false,2406.63,11.41455078125,0.05,0.15462291960174762,0.307,0.208,low,0.195,0.195,Non-Toxin,1.612585186958313,40.98124867398755,1.8220039645702206,66.37491295809491,1.5445114374160767,1.9029667377471924,1.3331307172775269,2.507469892501831,12,true,true,0,false,not_started
fgf2,2,32,11,20270923,autoresearch-rule-crossover-v3,controlled_crossover,0607a067cdd3ce02f4d88d19e3fc628f6e269b3fa8109451a75d340352a503e8,f0056ec38ef40c379a209a83210758af8917f2fcbea60d20d49eac57c6bf76e2,d2b0ea8e5759173db7e8dc7fdf8e110bec79d2ad813d407b6818d434e1dfb97f,proposal-57cc78abdeb773930d2d,KGKNEQTRKDNRKRKNERKH,57cc78abdeb773930d2d37ec0b773ce6c210f5dffd3e8a36e578baf3fdc0f1f4,26.940000,0,0.000000,7.029,false,pending,seqfam80_05386aa5250b9966bac2,NHGYVTKRKHHHQTKTDGKR,77,false,false,2550.84,11.49267578125,0.0,0.2253384074151663,0.317,0.515,high,0.285,0.285,Non-Toxin,1.1907492876052856,15.514910963283409,1.8277577039727975,67.26013024647035,1.7214994430541992,2.2153422832489014,1.1310112476348877,2.2432186603546143,12,true,false,0,false,not_started
fgf2,2,76,26,20285922,autoresearch-rule-substitution-v3,masked_substitution,45237eafcee3ee62693db758a6eaa91d20b7745a76f565930269f1fc9ee09773,0786bdd15b7e7dc8e08db905ab24b2ad94897656d31d7358e26711037d1cf6b6,,proposal-abce60ffb0e16171f735,NHGYVTRRKHHHQTKTDGSR,abce60ffb0e16171f7355ab1da97a1ce286d2866b26bb63a977d5d82c2d6488f,34.095000,2,0.100000,4.154,false,pending,seqfam80_05386aa5250b9966bac2,NHGYVTKRKHHHQTKTDGKR,77,false,false,2415.6,11.32421875,0.05,0.09140350988564007,0.307,0.218,low,0.195,0.195,Non-Toxin,1.1954416036605835,15.683449998484233,1.8282867015082527,67.34210716077455,1.4427603483200073,1.7105852365493774,1.2215850353240967,2.938319444656372,12,true,true,0,false,not_started
fgf2,2,86,29,20288923,autoresearch-rule-crossover-v3,controlled_crossover,f77d031445606dafa331daee4e28da23bb61b839c2ea3ff29e19771d166ea879,f30033efe00bb95aa867ec2dd0d741409e5ed23a1c3fb39c7636c1b592c42b3f,d2b0ea8e5759173db7e8dc7fdf8e110bec79d2ad813d407b6818d434e1dfb97f,proposal-1c8082060388c27883d7,KNNKNFNNGKKKKRKNERKH,1c8082060388c27883d74f5349d7ce3ec8c095931d60a5a10c0463be691d3843,18.365000,1,0.050000,9.028,false,pending,seqfam80_05386aa5250b9966bac2,NHGYVTKRKHHHQTKTDGKR,77,false,false,2510.87,11.75048828125,0.05,0.31853548543969407,0.347,0.594,high,0.365,0.365,Non-Toxin,1.515482783317566,32.77047853873873,1.8528254612960016,71.25665990276399,1.6388002634048462,1.8381092548370361,1.3412784337997437,2.593181610107422,12,true,false,0,false,not_started
fgf2,2,102,34,20293924,autoresearch-rule-de-novo-v4,de_novo,1a808f5b9a0ed4acbd65c18d9e4a6f00c7632d38e16d3564f0e15b6694013ea8,,,proposal-5244bb0ecd3533f620bf,YKRTKKRKFQNQSGNGFKFAQ,5244bb0ecd3533f620bfb4b54beb37e0832bc601e79a9480f6c649f6b8b66e01,39.547619,2,0.238095,6.985,false,pending,seqfam80_5244bb0ecd3533f620bf,YKRTKKRKFQNQSGNGFKFAQ,1,true,true,2561.91,11.64111328125,0.19047619047619047,0.2855127526158868,0.277,0.594,high,0.415,0.415,Toxin,1.7415696382522583,55.153063212644405,1.8693493323854493,74.02004288654143,1.7476469278335571,1.5448651313781738,2.047271728515625,2.1376283168792725,12,true,false,0,false,not_started
fgf2,2,38,13,20272923,autoresearch-rule-crossover-v3,controlled_crossover,1bda4441ce8fe5ee6db7bcb6ac90f6ba73bfc5cb8cadcc1af3edb67cb61e88fa,f0056ec38ef40c379a209a83210758af8917f2fcbea60d20d49eac57c6bf76e2,0786bdd15b7e7dc8e08db905ab24b2ad94897656d31d7358e26711037d1cf6b6,proposal-ac063f879899132bd7a0,KGKNETRRKHHHQTKTDGKR,ac063f879899132bd7a09e2ff43d11122d0269f42641c4885d5fb1e3a46b095a,41.705000,0,0.000000,6.113,false,pending,seqfam80_05386aa5250b9966bac2,NHGYVTKRKHHHQTKTDGKR,77,false,false,2442.71,11.5205078125,0.0,0.17562183910846835,0.356,0.446,low,0.205,0.205,Non-Toxin,1.8359938859939575,68.54785762041958,1.8832116963180532,76.42082051640959,1.4094327688217163,1.885324239730835,1.7995928525924683,2.4385430812835693,12,true,true,0,false,not_started
fgf2,2,42,14,20273924,autoresearch-rule-de-novo-v4,de_novo,eb3c409f17e4a0bcc396329ff5bbf5182863a89bede02bbe177f6e3af334c65a,,,proposal-e8893a2efebe72c161a8,NKRGEKAQDDRKGKKHGGSKFKHKK,e8893a2efebe72c161a874a6d928bf60f45a1172ba3596b8e3d8e2f16462735c,27.844000,1,0.080000,8.069,false,pending,seqfam80_e8893a2efebe72c161a8,NKRGEKAQDDRKGKKHGGSKFKHKK,1,true,true,2893.28,11.16259765625,0.08,0.03520324985270896,0.327,0.307,low,0.455,0.0,Non-Toxin,1.8075600862503052,64.20370435667047,1.891165480521734,77.83330651145943,1.68464994430542,2.876840591430664,0.5402951240539551,2.4629409313201904,12,true,true,0,false,not_started
fgf2,2,8,3,20262923,autoresearch-rule-crossover-v3,controlled_crossover,43b5874b9f788cef4727095af34841d510575c694f4d95abc74a8859b0529b7c,f0056ec38ef40c379a209a83210758af8917f2fcbea60d20d49eac57c6bf76e2,0786bdd15b7e7dc8e08db905ab24b2ad94897656d31d7358e26711037d1cf6b6,proposal-8f4ee6159d0bd4b696a3,KGKNEQTRKHHHQTKTDGKR,8f4ee6159d0bd4b696a330a692a9b595a628ba741bbabbc9d02a4f9bcee2f155,22.695000,0,0.000000,5.113,false,pending,seqfam80_05386aa5250b9966bac2,NHGYVTKRKHHHQTKTDGKR,77,false,false,2414.65,11.1728515625,0.0,0.24668041342743416,0.317,0.396,low,0.165,0.165,Non-Toxin,1.4802320003509521,30.215654112499312,1.9049495715666103,80.34328255567837,1.3127830028533936,2.056164503097534,1.7224934101104736,2.528411626815796,12,true,true,0,false,not_started
fgf2,2,27,9,20268924,autoresearch-rule-de-novo-v4,de_novo,9e5d1e7b51c75484b62520e4f036f7005533a8d36922f859f49ad5355abcc594,,,proposal-33c93d5c40eedd7b584c,AKKKKQQNDNRNQKKEGQKVK,33c93d5c40eedd7b584ca988e66e16c5a58ac57f62499b4cb797dff4ab22d4e8,26.823810,1,0.095238,6.986,false,pending,seqfam80_33c93d5c40eedd7b584c,AKKKKQQNDNRNQKKEGQKVK,1,true,true,2525.88,11.124755859375,0.09523809523809523,0.20468947573195764,0.267,0.396,low,0.355,0.355,Non-Toxin,1.4650440216064453,29.177227495871872,1.9308771815866161,85.28588915456315,1.5311623811721802,2.4169921875,1.3403525352478027,2.4350500106811523,12,true,true,0,false,not_started
fgf2,2,120,40,20299924,autoresearch-rule-de-novo-v4,de_novo,0f624cab7dabd9f73a34104feee481ea8754ef230fb4b40b0cd56ecaf22d9d7a,,,proposal-274a685c1dddbf071775,KKGQNENRAVTEKNFKGKGF,274a685c1dddbf07177586035495891b330de3fc57c9e78fe24f6921058c1539,-17.125000,2,0.200000,3.988,false,pending,seqfam80_274a685c1dddbf071775,KKGQNENRAVTEKNFKGKGF,1,true,true,2280.55,10.83935546875,0.2,0.21020243492920837,0.218,0.238,low,0.275,0.275,Non-Toxin,1.5475993156433105,35.28574697989889,1.9433627101194464,87.77335726648963,2.5226283073425293,2.0734822750091553,1.7186471223831177,1.4586422443389893,12,true,true,0,false,not_started
fgf2,2,101,34,20293923,autoresearch-rule-crossover-v3,controlled_crossover,ba08c5eaa40ebc0baba71914da93e9c23d207b84f6aa4dfcacc79e751a167832,f30033efe00bb95aa867ec2dd0d741409e5ed23a1c3fb39c7636c1b592c42b3f,0786bdd15b7e7dc8e08db905ab24b2ad94897656d31d7358e26711037d1cf6b6,proposal-a73784e69365b58f0128,KNNKNFNRKHHHQTKTDGKR,a73784e69365b58f0128efc83a5685982f36620c774b46dcff8bc7b790401756,25.880000,1,0.050000,6.113,false,pending,seqfam80_05386aa5250b9966bac2,NHGYVTKRKHHHQTKTDGKR,77,false,false,2488.73,11.62646484375,0.05,0.3196799499136545,0.356,0.337,low,0.24,0.24,Non-Toxin,1.2143043279647827,16.379639078947257,1.974296796060524,94.25335021601308,1.6635401248931885,1.9069781303405762,1.4516549110412598,2.875096321105957,12,true,true,0,false,not_started
fgf2,2,95,32,20291923,autoresearch-rule-crossover-v3,controlled_crossover,13382e3e0dc8c0fdf25e6a3bf11c8f6cfac96f5f9ce1dfcdcd0cae5c7df5b7f9,f0056ec38ef40c379a209a83210758af8917f2fcbea60d20d49eac57c6bf76e2,f30033efe00bb95aa867ec2dd0d741409e5ed23a1c3fb39c7636c1b592c42b3f,proposal-60a5ec774dd67787cdfe,KGKNEQTRKDKKGGRQQRYQ,60a5ec774dd67787cdfe482c08d3ea193e4dd4cf663ce31ae077e608fdbeaa6a,23.810000,1,0.050000,5.986,false,pending,seqfam80_034d54739bc84d207fca,KGKNEQTNGKKKGGRQQRYQ,6,true,true,2433.69,11.163330078125,0.0,0.3064721126864849,0.396,0.475,low,0.305,0.305,Non-Toxin,1.4461663961410522,27.936139850371816,1.988911385335649,97.47907183914286,2.323758125305176,2.041015863418579,0.9681793451309204,2.6227543354034424,12,true,true,0,false,not_started
fgf2,2,69,23,20282924,autoresearch-rule-de-novo-v4,de_novo,bbd41756786ed9a39e16bca6d44b05b8e619fb7922d0f2a1a6e00b42757558ca,,,proposal-9ad45689c8f580da0a5c,GKGKKNGQYDFKNKQKTEKNRKKQK,9ad45689c8f580da0a5c0bd8f056bd2144646d3578ca84c54935067f8e56fbc7,26.916000,1,0.080000,8.983,false,pending,seqfam80_9ad45689c8f580da0a5c,GKGKKNGQYDFKNKQKTEKNRKKQK,1,true,true,3009.44,11.046630859375,0.04,0.09855655533342697,0.376,0.396,low,0.31,0.0,Non-Toxin,1.2948836088180542,19.71894196464762,1.9937526993373904,98.57180275666691,1.9826425313949585,2.7679882049560547,0.718075156211853,2.506361722946167,12,true,true,0,false,not_started
fgf2,2,26,9,20268923,autoresearch-rule-crossover-v3,controlled_crossover,d9638379c0a7ce0a5b0d913d556d27c427e0a3cf9465a64c824cf4f6bf9e938e,f0056ec38ef40c379a209a83210758af8917f2fcbea60d20d49eac57c6bf76e2,d2b0ea8e5759173db7e8dc7fdf8e110bec79d2ad813d407b6818d434e1dfb97f,proposal-e934549bca2defb26c09,KGKNEQTRKDNTKRKNERKH,e934549bca2defb26c092bfc3191a6642365630a74394613455c9fb30e571d23,22.695000,0,0.000000,6.03,false,pending,seqfam80_05386aa5250b9966bac2,NHGYVTKRKHHHQTKTDGKR,77,false,false,2495.76,11.21484375,0.0,0.178208495710325,0.307,0.436,low,0.255,0.255,Non-Toxin,1.2706788778305054,18.650001790122186,2.006841873585622,101.58787445578811,1.6242315769195557,2.3555970191955566,1.6453166007995605,2.402257204055786,12,true,true,0,false,not_started
fgf2,2,14,5,20264923,autoresearch-rule-crossover-v3,controlled_crossover,142b1cef3b15e439cc71201d09b4253b06167f1263ed0124921976a15ac3d848,f0056ec38ef40c379a209a83210758af8917f2fcbea60d20d49eac57c6bf76e2,0786bdd15b7e7dc8e08db905ab24b2ad94897656d31d7358e26711037d1cf6b6,proposal-1db9b2c893bf91e3ad23,KGKNEQTRKDNHQTKTDGKR,1db9b2c893bf91e3ad234d87a9d21ea348e5867ece9b2fb28cfb50a5ff614742,22.695000,0,0.000000,4.03,false,pending,seqfam80_05386aa5250b9966bac2,NHGYVTKRKHHHQTKTDGKR,77,false,false,2369.56,10.822509765625,0.0,0.21830213328757092,0.277,0.248,low,0.12,0.12,Non-Toxin,1.4047304391860962,25.393960469122007,2.014901583327565,103.49076168300076,1.4702777862548828,2.3445587158203125,1.8251333236694336,2.419670581817627,12,true,true,0,false,not_started
fgf2,2,11,4,20263923,autoresearch-rule-crossover-v3,controlled_crossover,dca8510d8cb561d1451cf4265ae38a8ea020832db4a4c21ad3b1b4f3ddf4c79d,f0056ec38ef40c379a209a83210758af8917f2fcbea60d20d49eac57c6bf76e2,0786bdd15b7e7dc8e08db905ab24b2ad94897656d31d7358e26711037d1cf6b6,proposal-713e578b8b87576f7fc4,KGKNEQTRKDHHQTKTDGKR,713e578b8b87576f7fc4a4d0abeb02ad5ae82d407aa05690423806029239d34e,22.695000,0,0.000000,4.072,false,pending,seqfam80_05386aa5250b9966bac2,NHGYVTKRKHHHQTKTDGKR,77,false,false,2392.6,10.822509765625,0.0,0.226200305809693,0.287,0.238,low,0.15,0.15,Non-Toxin,1.4635030031204224,29.07388063789658,2.017799953965858,104.18374245543396,1.4815146923065186,2.345156669616699,1.7584706544876099,2.486098527908325,12,true,true,0,false,not_started
fgf2,2,84,28,20287924,autoresearch-rule-de-novo-v4,de_novo,74001d908d94e33df4dd3a2ff8ab920c472c5c5a90dd87cd5606cd1aebdaa3a4,,,proposal-f40c25da306060e37151,YKWKNETKGHKQVTKHQRQINEWV,f40c25da306060e37151f0d2528247a0281a0a5bbca159f006e43dc92cad005d,17.308333,2,0.250000,4.07,false,pending,seqfam80_f40c25da306060e37151,YKWKNETKGHKQVTKHQRQINEWV,1,true,true,3066.44,10.590576171875,0.125,0.38630124788160747,0.168,0.317,low,0.3,0.3,Non-Toxin,1.205234408378601,16.041109683300874,2.062685775388802,115.52760641027463,2.672734022140503,2.1593446731567383,0.8664165735244751,2.552297830581665,12,true,true,0,false,not_started
fgf2,2,12,4,20263924,autoresearch-rule-de-novo-v4,de_novo,5e5dba746363b9cc30d8c26fc9801a4033ee5582215bfd34102e38c990690ae8,,,proposal-6de6292a441829efda07,QARLKGDKYKKSIRGSNQNSHRD,6de6292a441829efda07cd74e12bf5fdebf50766e53f977e52c1aadc4d546a00,-8.478261,1,0.173913,5.028,false,pending,seqfam80_6de6292a441829efda07,QARLKGDKYKKSIRGSNQNSHRD,1,true,true,2686.95,11.06982421875,0.13043478260869565,0.3183083630975006,0.287,0.287,low,0.255,0.255,Non-Toxin,1.7704410552978516,58.94419695113274,2.0722860403942622,118.10982890689081,1.5128213167190552,3.373946189880371,1.3700467348098755,2.0323314666748047,12,true,true,0,false,not_started
fgf2,2,75,25,20284924,autoresearch-rule-de-novo-v4,de_novo,1bbbcf1b13b01ee2f0efd8e9cbc89d40cc9219aa341cdf7212e85f88488bcc8b,,,proposal-e7216bcd4d01a6033eac,KSHNSKENHINRISNHKAVKVHVR,e7216bcd4d01a6033eac37f9ef17328508d2d5526c7bd377ea8db7a887d27c5a,42.887500,2,0.250000,5.155,false,pending,seqfam80_e7216bcd4d01a6033eac,KSHNSKENHINRISNHKAVKVHVR,1,true,true,2833.18,11.56884765625,0.25,0.11869843943423113,0.366,0.337,low,0.235,0.235,Non-Toxin,1.2811201810836792,19.10381839989967,2.1058289047778036,127.59360403506626,1.6366609334945679,3.0498650074005127,1.2373569011688232,2.4994750022888184,12,true,true,0,false,not_started
fgf2,2,2,1,20260923,autoresearch-rule-crossover-v3,controlled_crossover,4fede312bd6c719e0952f48de67709493c50b73605a98f3df09676e2d94292fc,f0056ec38ef40c379a209a83210758af8917f2fcbea60d20d49eac57c6bf76e2,0786bdd15b7e7dc8e08db905ab24b2ad94897656d31d7358e26711037d1cf6b6,proposal-d945d440a24a5178e521,KGKNEQTRKDNTQTKTDGKR,d945d440a24a5178e5214a3627e8cfa6a646174bc46a44cb78edc0e2a21986f1,14.680000,0,0.000000,3.988,false,pending,seqfam80_05386aa5250b9966bac2,NHGYVTKRKHHHQTKTDGKR,77,false,false,2333.53,10.822509765625,0.0,0.20123941734265433,0.248,0.257,low,0.14,0.14,Non-Toxin,1.455792784690857,28.562274238980134,2.117245102826296,130.99209946860105,1.4846965074539185,2.4632158279418945,1.9470378160476685,2.574068784713745,12,true,true,0,false,not_started
fgf2,2,24,8,20267924,autoresearch-rule-de-novo-v4,de_novo,ca3e6ed92038bf5bd78bc61b633f177126216719a074f09a6700397b37e6a301,,,proposal-53a40ef9783a7dfde697,YKKSWKKDYEKKNVNAKKRANWRKNK,53a40ef9783a7dfde69715e9a5673ff3a2ca98db7bb8a50594de68ee30065558,24.373077,1,0.269231,9.981,false,pending,seqfam80_53a40ef9783a7dfde697,YKKSWKKDYEKKNVNAKKRANWRKNK,1,true,true,3339.86,11.05029296875,0.11538461538461539,0.0397695427548297,0.228,0.287,low,0.48,0.0,Non-Toxin,1.2544264793395996,17.96496929818047,2.1173206328593697,131.01488285270446,2.2160773277282715,2.9767138957977295,0.8841348886489868,2.392390251159668,12,true,true,0,false,not_started
fgf2,2,114,38,20297924,autoresearch-rule-de-novo-v4,de_novo,b9212c412a85714036bb9cb4dd1832749c4552f13b5edbabd027800ba36ddc99,,,proposal-047ae5f121d744edc05f,VNGRERKYKRGQTDVKKKKKGVDRKK,047ae5f121d744edc05fd201c28ab2d8a277dbd667dcc753ab02998568cec257,0.053846,1,0.153846,9.984,false,pending,seqfam80_047ae5f121d744edc05f,VNGRERKYKRGQTDVKKKKKGVDRKK,1,true,true,3130.66,11.353515625,0.11538461538461539,0.2898705554114071,0.238,0.396,low,0.28,0.28,Non-Toxin,1.699454426765442,50.05580230906306,2.1569133294188894,143.5202986495867,2.3198695182800293,2.992246389389038,1.0015677213668823,2.3139913082122803,12,true,true,0,false,not_started
fgf2,2,98,33,20292923,autoresearch-rule-crossover-v3,controlled_crossover,25b002f5762dcbfd37fbe38d900dd8f6c586f4851fd01cb8c95439fce0a2fb35,f0056ec38ef40c379a209a83210758af8917f2fcbea60d20d49eac57c6bf76e2,f30033efe00bb95aa867ec2dd0d741409e5ed23a1c3fb39c7636c1b592c42b3f,proposal-e8af7c23b08dfd48c6b6,KGKNEQTRKDNTGGRQQRYQ,e8af7c23b08dfd48c6b605a275939cdf45d325174f188bce25b6843c5ba84248,23.810000,1,0.050000,3.987,false,pending,seqfam80_034d54739bc84d207fca,KGKNEQTNGKKKGGRQQRYQ,6,true,true,2392.55,10.943115234375,0.0,0.2403586496665616,0.307,0.188,low,0.23,0.23,Non-Toxin,1.1683939695358276,14.736487143141714,2.1977234518931112,157.66070051973696,2.995957851409912,2.2162320613861084,1.123677372932434,2.455052375793457,12,true,true,0,false,not_started
fgf2,2,57,19,20278924,autoresearch-rule-de-novo-v4,de_novo,7fd492c19200aa8eee299fd726a9ab11b04caa99300af0067fc35e405536af0b,,,proposal-d1969ec3fedb2d099315,QKKSKHYRGTNGTKKVKVKKRSS,d1969ec3fedb2d0993151dc0c97d4dd5cb0efe5e809ba1a5f8715959deed7605,28.939130,1,0.130435,10.025,false,pending,seqfam80_d1969ec3fedb2d099315,QKKSKHYRGTNGTKKVKVKKRSS,1,true,true,2674.12,11.759765625,0.08695652173913043,0.03702862230433381,0.248,0.347,low,0.3,0.3,Non-Toxin,1.0719242095947266,11.801146713170013,2.211254973534783,162.65033928024718,2.1779961585998535,2.781376361846924,1.990207314491272,1.8954064846038818,12,true,true,0,false,not_started
fgf2,2,77,26,20285923,autoresearch-rule-crossover-v3,controlled_crossover,e15aff5f9099624b6ff9a4e62ac424204264f16e0d5fde06d82d2147d1181fc2,f0056ec38ef40c379a209a83210758af8917f2fcbea60d20d49eac57c6bf76e2,51e8cd400c438e1b9c29159eaf3c8aafd29b8a8bf8478f4dd43f98c61f2b0c3f,proposal-1e522430d4616acf044a,KGKNEQTRKDNTNDQWKRKN,1e522430d4616acf044a6bd4458f5c516977146abf0da0ed0776ee18ded7f8cf,15.180000,1,0.050000,3.988,false,pending,seqfam80_1e522430d4616acf044a,KGKNEQTRKDNTNDQWKRKN,1,true,true,2488.68,10.822509765625,0.0,0.1654445125494888,0.287,0.248,low,0.24,0.24,Non-Toxin,1.3937876224517822,24.7621085137249,2.227001938633217,168.65605539555338,3.1216678619384766,2.4595627784729004,1.4550825357437134,1.8716604709625244,12,true,true,0,false,not_started
fgf2,2,72,24,20283924,autoresearch-rule-de-novo-v4,de_novo,d53059027de35544d920531a93bb739bcda3a6fc79dbaf9ff98be9c1b7f018c9,,,proposal-fd3534fafc71a1097b27,NNHKHNKDQKKTKKKTSGKTK,fd3534fafc71a1097b27ea5061d1d3964f76255d55d6a77723b7f98570fece08,39.309524,0,0.000000,8.069,false,pending,seqfam80_fd3534fafc71a1097b27,NNHKHNKDQKKTKKKTSGKTK,1,true,true,2478.82,11.218017578125,0.0,0.13427217330126584,0.356,0.218,low,0.295,0.295,Non-Toxin,1.3461112976074219,22.18764954749528,2.268843747327411,185.71361650047578,1.9209693670272827,2.288649797439575,2.5592739582061768,2.306473970413208,12,true,true,0,false,not_started
fgf2,2,54,18,20277924,autoresearch-rule-de-novo-v4,de_novo,5479a19789ea20c6b6e49f1f83cadb8d3bcfb15eb68d76e6be50fc94d41878b9,,,proposal-cdf5118283f4b41dc65f,KKEKSRQVARAKYQQGKKNKGV,cdf5118283f4b41dc65f9f6b95c9e4b391a606cc11fd9c94c921df7b3a3c631a,35.427273,2,0.227273,7.984,false,pending,seqfam80_cdf5118283f4b41dc65f,KKEKSRQVARAKYQQGKKNKGV,1,true,true,2559.98,11.3408203125,0.18181818181818182,0.22316344670044333,0.208,0.287,low,0.43,0.0,Non-Toxin,1.959673523902893,91.13255028739879,2.539276738327054,346.1598853316759,3.768218755722046,2.718871593475342,2.488558292388916,1.1813207864761353,12,true,true,0,false,not_started
fgf2,2,18,6,20265924,autoresearch-rule-de-novo-v4,de_novo,979ef62ba889aa8967082f25ee1f5550654deadb1bcdf1a72035917de8ac1395,,,proposal-98b23cdba64fae46b17c,KRGHKNKNEKENLNQGNKKKEGFNLG,98b23cdba64fae46b17c955dfb89943061b54ca835a53a13f5483d90af62305a,40.046154,1,0.115385,5.029,false,pending,seqfam80_98b23cdba64fae46b17c,KRGHKNKNEKENLNQGNKKKEGFNLG,1,true,true,3010.34,10.79248046875,0.11538461538461539,0.05024746346824754,0.188,0.188,low,0.32,0.0,Non-Toxin,1.5379481315612793,34.510252076494005,2.572575721951356,373.74528452268294,2.4130611419677734,3.3389296531677246,2.425462245941162,2.1128015518188477,12,true,true,0,false,not_started
fgf2,2,45,15,20274924,autoresearch-rule-de-novo-v4,de_novo,a5fdec06d4e3120c61282118495efd0c3109993cc17cf6cb26ffdc412f71b459,,,proposal-f2ae21e180b652bfebf3,DKKAREFKRKKGRSEKKKDKYNGTER,f2ae21e180b652bfebf3d5ddadc548e5a203bc160d1132ebb1cdf640bbc3b27f,29.246154,1,0.115385,7.985,false,pending,seqfam80_f2ae21e180b652bfebf3,DKKAREFKRKKGRSEKKKDKYNGTER,1,true,true,3211.64,10.947021484375,0.07692307692307693,0.24330416982349223,0.396,0.416,low,0.32,0.0,Non-Toxin,1.645182728767395,44.17562765634602,2.597941786798904,396.2249203710589,3.038943290710449,3.3886265754699707,0.9873147010803223,2.9769275188446045,12,true,true,0,false,not_started
fgf2,2,90,30,20289924,autoresearch-rule-de-novo-v4,de_novo,fbf0bb3513b62e305667e4dfe1f568578971f70e0eeb9067faa20b5ad4fe375b,,,proposal-227ed8751650c5ca1e44,ERATRGKNKHKQKHKGDHKSGERAI,227ed8751650c5ca1e448350587ba073f963cb4f322765c020a511c040cabb68,43.740000,2,0.120000,6.113,false,pending,seqfam80_227ed8751650c5ca1e44,ERATRGKNKHKQKHKGDHKSGERAI,1,true,true,2897.23,11.21484375,0.12,0.37898621809018995,0.208,0.257,low,0.365,0.0,Non-Toxin,1.3676220178604126,23.314280531546903,2.6060003859285366,403.6457516605,2.8471546173095703,2.830195426940918,1.379287838935852,3.367438316345215,12,true,true,0,false,not_started
fgf2,2,105,35,20294924,autoresearch-rule-de-novo-v4,de_novo,b3da171deb5ea5de34b7321379fb8e5e86cddfaeb3a5730678d5ba0dc48a0ca3,,,proposal-d62cc7006a4bff46f7bf,DHFKVAKDKKKREVRGDQSYIKKEYR,d62cc7006a4bff46f7bf3b99e5b4f781af6c9d2f3a67eca4ac806478ac98c4c2,9.719231,2,0.269231,5.025,false,pending,seqfam80_d62cc7006a4bff46f7bf,DHFKVAKDKKKREVRGDQSYIKKEYR,1,true,true,3252.69,10.44970703125,0.19230769230769232,0.4230203234647561,0.257,0.307,low,0.35,0.35,Non-Toxin,1.5938230752944946,39.24850106384604,2.6442296140727697,440.78784906526755,2.9376587867736816,2.8482818603515625,1.6991263628005981,3.091893434524536,12,true,true,0,false,not_started
fgf2,2,60,20,20279924,autoresearch-rule-de-novo-v4,de_novo,e3ebc5c9f0cb8411ab515d80975347a506caf8d6d678fe7f0b1a2bb808f26ed4,,,proposal-bfabbd78e0b67a9fe17e,KNSFKDARKRFRVNKSKNRKNNE,bfabbd78e0b67a9fe17e4fc57f8882463256dc58e59f2cbb2915820699ae6e46,27.500000,1,0.173913,7.987,false,pending,seqfam80_bfabbd78e0b67a9fe17e,KNSFKDARKRFRVNKSKNRKNNE,1,true,true,2865.22,11.828125,0.17391304347826086,0.3298595001884648,0.218,0.248,low,0.335,0.335,Non-Toxin,1.547468662261963,35.27513319374667,2.656492752197788,453.4117308719855,1.8124998807907104,3.4176154136657715,2.8020880222320557,2.5937540531158447,12,true,true,0,false,not_started
fgf2,2,96,32,20291924,autoresearch-rule-de-novo-v4,de_novo,fd5034798829c79c5b61e714c6a8ba42e163dc60ece03b3f91e2a823719f2cf1,,,proposal-d6a740f83f5fd5217a8f,DRKKNRNRKKEKSKKDGQYEGKKVVN,d6a740f83f5fd5217a8fb5485b1b53614d33d0a05df7db421d780a544ce63e20,-0.869231,2,0.115385,7.984,false,pending,seqfam80_d6a740f83f5fd5217a8f,DRKKNRNRKKEKSKKDGQYEGKKVVN,1,true,true,3161.59,10.9591064453125,0.07692307692307693,0.21512139739469374,0.297,0.337,low,0.23,0.0,Non-Toxin,1.982228398323059,95.99053193127732,2.8279421118035746,672.8869595226909,3.266178607940674,3.4060420989990234,1.5498180389404297,3.0897583961486816,12,true,true,0,false,not_started
fgf2,2,81,27,20286924,autoresearch-rule-de-novo-v4,de_novo,19beddb7b6564d0333ff8101bce7a43268caa382f06e74dd3c337477420d970a,,,proposal-b3a46b2addc890a7a239,EGWHRRQGSEKTNVEKTGKKWKNRKH,b3a46b2addc890a7a2399d0a597e6fd0b99b7568ce3ecbb20abffcde8a93cf72,48.003846,1,0.115385,6.072,false,pending,seqfam80_b3a46b2addc890a7a239,EGWHRRQGSEKTNVEKTGKKWKNRKH,1,true,true,3205.56,11.21484375,0.038461538461538464,0.22062596315641428,0.188,0.347,low,0.315,0.315,Non-Toxin,1.371991753578186,23.55004566437656,2.835653581196289,684.9416587710314,2.4441771507263184,3.3598079681396484,3.1579458713531494,2.380628824234009,12,true,true,0,false,not_started
fgf2,2,48,16,20275924,autoresearch-rule-de-novo-v4,de_novo,0dcaa2428f6c0b4c597d03713595fd10db84c8cbacac254a83ce98cc1e1480d5,,,proposal-fef9246bf522c2c2d9e0,EKVVKGYKGKKRTNKQHTKQTQ,fef9246bf522c2c2d9e06f76c1f0b40a34eea229868bdcf78b51c159154681ae,22.327273,2,0.136364,7.026,false,pending,seqfam80_fef9246bf522c2c2d9e0,EKVVKGYKGKKRTNKQHTKQTQ,1,true,true,2615.01,11.07666015625,0.09090909090909091,0.34127361170072296,0.228,0.376,low,0.235,0.235,Non-Toxin,1.6722277402877808,47.01405816493103,2.915548413288972,823.2816077141102,2.006401777267456,2.8707823753356934,3.328734874725342,3.456310510635376,12,true,true,0,false,not_started
fgf2,2,93,31,20290924,autoresearch-rule-de-novo-v4,de_novo,fb7a42e36f021886150bab6d03fbb7acb0c4285a1dca7b58cc20bbfe96e0a0cd,,,proposal-f561a4aea851070139c8,SHERKYLRTNKSRNHHNKSNKKGNWS,f561a4aea851070139c8138b23c0b74272139dc969405616f497eb5a54313eea,49.307692,2,0.115385,7.111,false,pending,seqfam80_f561a4aea851070139c8,SHERKYLRTNKSRNHHNKSNKKGNWS,1,true,true,3207.49,11.53515625,0.038461538461538464,0.0957635867417359,0.238,0.327,low,0.32,0.32,Non-Toxin,1.359686017036438,22.892120170351543,3.3895163642952655,2451.9768430034096,3.8124072551727295,3.306861400604248,3.121950387954712,3.3168282508850098,12,true,true,0,false,not_started
