branch_key,generation,proposal_rank,replicate,seed,operator_id,action_type,action_sha256,parent_candidate_id,donor_candidate_id,candidate_id,sequence,sequence_sha256,guruprasad_instability_index,maximum_hydrophobic_run,hydrophobic_fraction,net_charge_ph7_4,historical_exact_replay,score_all_status,family_key_80_80,family_representative_sequence,combined_family_size,new_family_relative_to_all_references,diversity_qualified
acea,7,1,1,20261011,autoresearch-rule-substitution-v3,masked_substitution,28e1d273f5f8b2e85304c7be3375c29b35767d47f4728fda722fa8352b884e6f,01f3740d9c4af742501af433688119fd823b76521926ddd785c6ec8827f4be66,,lineage-1f582554c4429a2fdb55,WETRKKFKGKGGKKFDVRKVG,1f582554c4429a2fdb555762fe7b43a59d389d764208ad2426b0531ef13d9de9,-10.138095,1,0.238095,6.541431,false,pending,seqfam80_00bd6c9b17653b40c0c5,WETRKKKSGKGGKKFDVRRVG,278,false,false
acea,7,2,1,20261012,autoresearch-rule-crossover-v3,controlled_crossover,a5fee15c143cf4c98e21f619b294021d99a2c2d5c9aa6bcb44f914c3f5fb39c5,a869ee1759c5642f122588b03b247f75788514568589ff71e18de30546e76fee,32c555bc75b765cde852ac4cbabaa3ba4e7297a97a2fb0aec69c883d5efb6e0b,lineage-e269191c7529d5ee92b2,WETRKGKKGKGGKKNQERNQK,e269191c7529d5ee92b2c3c7549060bbdad781e1a327160684175948ece3d867,-0.990476,1,0.047619,6.542105,false,pending,seqfam80_a00148e5a3ee13bb6db1,WETRKKKKGKGGGRNQERNQK,4,true,true
acea,7,3,1,20261013,autoresearch-rule-de-novo-v4,de_novo,ceb1d4c277c37e8f2e57693a2c4c2dd547e632fb8883b37b87b6fd9050413cb8,,,lineage-ef22d992ac5f679e8c0c,RTRKNRGKDSDKWKFGRKRK,ef22d992ac5f679e8c0c95b6f73564bf9ed05c266bccbf67f93eed1d64d841d4,22.695000,1,0.100000,8.543187,false,pending,seqfam80_ef22d992ac5f679e8c0c,RTRKNRGKDSDKWKFGRKRK,1,true,true
acea,7,4,1,20261015,autoresearch-rule-de-novo-v4,de_novo,6e7dc736c0f1a7e3aea03451dd78db297d646ad441d4819977e99e85eb5ba5c0,,,lineage-9b072558ccecd1861d89,RFAGYKNKKKRGKKRVGGDR,9b072558ccecd1861d8940a126c82ccaeb00a62f579fd9703181764c584b77f8,39.360000,2,0.200000,8.540260,false,pending,seqfam80_9b072558ccecd1861d89,RFAGYKNKKKRGKKRVGGDR,1,true,true
acea,7,5,2,20262011,autoresearch-rule-substitution-v3,masked_substitution,7069e2d46b56004abcdb829800ad64954b8e35032abb6b3449e0867624c97ab0,01f3740d9c4af742501af433688119fd823b76521926ddd785c6ec8827f4be66,,lineage-f427a2ae9c71766131b2,WETRKKFKGKGGKKFDVRANG,f427a2ae9c71766131b23bb51b714dcd3b3b0defb08be71e790a48926dbe3f14,-9.209524,1,0.238095,5.543936,false,pending,seqfam80_00bd6c9b17653b40c0c5,WETRKKKSGKGGKKFDVRRVG,278,false,false
acea,7,6,2,20262012,autoresearch-rule-crossover-v3,controlled_crossover,0dc34af366a3bab7fc7525b69669b91491d73ff16c224e30d40b4079607c9eab,47a746b76cdbbf0127a51172efebb48e247ca17be50ff62fe9bdecf67c1acbba,8898f7efe96c1f3500400e1857d2dd7dc467aaf99128c4c3cc32eb26d42c1855,lineage-a8f566edfd3d77997635,WETRKGKKGKGGKGRKRKDRD,a8f566edfd3d77997635773ebe09f2d26ada3515df9f600d3bff989f83515129,-0.966667,1,0.047619,7.543096,false,pending,seqfam80_04478975a3305a80b419,WETRKGKKGKGGKKRKRKDRD,2,true,true
acea,7,7,2,20262013,autoresearch-rule-de-novo-v4,de_novo,c9ff1b6a9d6f83c6290c33bf91f77f10e2bf1b043d1b7b33f81bc63011eb0c0d,,,lineage-939e614d251c25a957b7,KGKTGIKSKIHKFRKKFWKTVFEK,939e614d251c25a957b7604dd6ff04a26dc8f974989fb5ade24ca61e67bd5960,3.366667,2,0.291667,8.572625,false,pending,seqfam80_939e614d251c25a957b7,KGKTGIKSKIHKFRKKFWKTVFEK,1,true,true
acea,7,8,2,20262015,autoresearch-rule-de-novo-v4,de_novo,4a285b9be1c1133389018fa460957d3bf943c5e52dd5958631e9416df6372360,,,lineage-7e074f6902b0bb7be460,KKKSRHKWHGWRERKKERKLG,7e074f6902b0bb7be4602d8856c40e0fda1fb9c87424e258b549f66ee4fc0e17,47.314286,1,0.142857,8.615308,false,pending,seqfam80_7e074f6902b0bb7be460,KKKSRHKWHGWRERKKERKLG,1,true,true
acea,7,9,3,20263011,autoresearch-rule-substitution-v3,masked_substitution,d18a293632cbab1f76376b0761329978d6860131c4e30ec77e14d7f9432923c9,01f3740d9c4af742501af433688119fd823b76521926ddd785c6ec8827f4be66,,lineage-f3a1d56ad355656e5399,WETRKKFKGKGGKKFDVRAKG,f3a1d56ad355656e539938571d6b01c6f437bccae2f79bd2cffdd4afb5ab05e5,-6.095238,1,0.238095,6.541431,false,pending,seqfam80_00bd6c9b17653b40c0c5,WETRKKKSGKGGKKFDVRRVG,278,false,false
acea,7,10,3,20263012,autoresearch-rule-crossover-v3,controlled_crossover,93d5cc3989eaf31d2a70f18b093d6583e187639de947d823ac137d17ae9ee457,a869ee1759c5642f122588b03b247f75788514568589ff71e18de30546e76fee,b1a9602ac0d96ff3bfea0b193465c634f8bf2a7513aa28b3788638fbf7e54f25,lineage-7ee071b19ff52b36db7e,WETRKGKKGKGGKKSHKHKKG,7ee071b19ff52b36db7ee0237821f89905258a36548fb3c4c1a567c4e8a7fd92,9.652381,1,0.047619,8.609251,false,pending,seqfam80_230cea4428857db9dc5a,WETRKGKKGKGGKSSHKHKKG,2,true,true
acea,7,11,3,20263013,autoresearch-rule-de-novo-v4,de_novo,80dd789e76f3e2982051f1bfabfc03db091b34564a6142b368f63370d8befcc4,,,lineage-f8675a0bb8d78be7f603,KNKKTVWHKGQWGARKEKKEKKK,f8675a0bb8d78be7f603199908ebe4aed798920a8763f9fc58859cc7648ee629,28.560870,2,0.173913,8.571240,false,pending,seqfam80_f8675a0bb8d78be7f603,KNKKTVWHKGQWGARKEKKEKKK,1,true,true
acea,7,12,3,20263015,autoresearch-rule-de-novo-v4,de_novo,76bb550eebc91e5ac8cd2b54b81d70a3184def645de3b28f3c32a89435ad7afe,,,lineage-1425d541817c893354d1,GDKKDEKGKRVRKVGSYRRK,1425d541817c893354d175c456cdb6e2514abc81c5faca558c393f561128f29d,24.760000,1,0.150000,6.541827,false,pending,seqfam80_1425d541817c893354d1,GDKKDEKGKRVRKVGSYRRK,1,true,true
acea,7,13,4,20264011,autoresearch-rule-substitution-v3,masked_substitution,7ee38ddec7f166e5963118aa9573cf613e65ad653546dda34abc9e1a8e2ea3ef,01f3740d9c4af742501af433688119fd823b76521926ddd785c6ec8827f4be66,,lineage-3660f989c1473ec6cb76,WETRKKFKGKGGKKFDVRASG,3660f989c1473ec6cb76196c48e366c8b70c3e516c0d15189b4beca5d5b5dc6b,-2.052381,1,0.238095,5.543936,false,pending,seqfam80_00bd6c9b17653b40c0c5,WETRKKKSGKGGKKFDVRRVG,278,false,false
acea,7,14,4,20264012,autoresearch-rule-crossover-v3,controlled_crossover,c81f12f5387ee95d53c95595320104e54c760f2572246fb445be547c9f461b3d,47a746b76cdbbf0127a51172efebb48e247ca17be50ff62fe9bdecf67c1acbba,32c555bc75b765cde852ac4cbabaa3ba4e7297a97a2fb0aec69c883d5efb6e0b,lineage-bf14a0beb5a02e2ff8b6,WETRKGKKGKGGGRNQERNQK,bf14a0beb5a02e2ff8b62083cfed0ccebdef2b2e8d67d6724fac80c57788407a,14.804762,1,0.047619,5.547091,false,pending,seqfam80_a00148e5a3ee13bb6db1,WETRKKKKGKGGGRNQERNQK,4,true,true
acea,7,15,4,20264013,autoresearch-rule-de-novo-v4,de_novo,f1e0bc37aafa6fbc22b95225f220e7cb20d2a9b549b8d442285f0c0099ddef19,,,lineage-ac04daabd76962bf8b82,KVRTRKDKRVKSKKTKTRNSKR,ac04daabd76962bf8b8298a6b2a2cb5a8f633cf52cb6dc746849e394436fe737,35.763636,1,0.090909,11.537729,false,pending,seqfam80_ac04daabd76962bf8b82,KVRTRKDKRVKSKKTKTRNSKR,1,true,true
acea,7,16,4,20264015,autoresearch-rule-de-novo-v4,de_novo,634309b2e887f0984b4fcb0bab99e741c5e9a56b7777d1187fdd7551fdfeca39,,,lineage-824db8c3911b7b5bce97,WRGGGHKKREKKRGKKKNGGKKGSGK,824db8c3911b7b5bce9789176a2c6ba91dcb6c8fea8c8b8f532fe49fdf498bf8,32.665385,1,0.038462,11.570069,false,pending,seqfam80_824db8c3911b7b5bce97,WRGGGHKKREKKRGKKKNGGKKGSGK,1,true,true
acea,7,17,5,20265011,autoresearch-rule-substitution-v3,masked_substitution,80fb7eedf1b1be300f879804675cb80e487a24e72483d5f62a0db2d8c7df85e2,01f3740d9c4af742501af433688119fd823b76521926ddd785c6ec8827f4be66,,lineage-6ebed9e5c51c38c4e92d,WETRKKFKGKGGKKFDVRAQG,6ebed9e5c51c38c4e92d3b5e20cf89138068c1c888f22628c0f8bfa2de804367,-2.052381,1,0.238095,5.543936,false,pending,seqfam80_00bd6c9b17653b40c0c5,WETRKKKSGKGGKKFDVRRVG,278,false,false
acea,7,18,5,20265012,autoresearch-rule-crossover-v3,controlled_crossover,49a74b1e8d857429c378d440935f62517c3a38c863459219683301b36fd6aa7f,a869ee1759c5642f122588b03b247f75788514568589ff71e18de30546e76fee,8898f7efe96c1f3500400e1857d2dd7dc467aaf99128c4c3cc32eb26d42c1855,lineage-04478975a3305a80b419,WETRKGKKGKGGKKRKRKDRD,04478975a3305a80b41913567830bf4adea3c6ad3dfa76e2b06ff2fa4b9fa357,18.600000,1,0.047619,8.540591,false,pending,seqfam80_04478975a3305a80b419,WETRKGKKGKGGKKRKRKDRD,2,true,true
acea,7,19,5,20265013,autoresearch-rule-de-novo-v4,de_novo,98899025e1b27da21d07100e2d320b75ed0cd945ea6d1992ac3e23f9ee297438,,,lineage-876f5116c3297a636d58,RKVDSRKNRSRKGRKSNKKVEK,876f5116c3297a636d58727f49127fac39bbd6d2406ce4c07f189ca1d87974cb,48.136364,1,0.090909,9.541355,false,pending,seqfam80_876f5116c3297a636d58,RKVDSRKNRSRKGRKSNKKVEK,1,true,true
acea,7,20,5,20265015,autoresearch-rule-de-novo-v4,de_novo,65bedbfea3f24bf3546068d44b828da85b9794fe9940d6de61953e4a8475f3c5,,,lineage-649b49d919a7bb16fd3b,RKNGKKRGRFKKRFGYKKQKD,649b49d919a7bb16fd3bbcbd5696fa5c9edc079da1c3f2f655338c671f3c05f8,25.385714,1,0.142857,10.536518,false,pending,seqfam80_649b49d919a7bb16fd3b,RKNGKKRGRFKKRFGYKKQKD,1,true,true
acea,7,21,6,20266011,autoresearch-rule-substitution-v3,masked_substitution,0b6ed6192481f78cee16fdae49d242084583a15da376b4f84e7380ca7a8271d3,01f3740d9c4af742501af433688119fd823b76521926ddd785c6ec8827f4be66,,lineage-487577d10c03f791ec8a,WETRKKFKGKGGKKFDVRQVG,487577d10c03f791ec8a9461e1e9ed22c725c0826f2e74c69d086e40b89dcb1c,-0.514286,1,0.238095,5.543936,false,pending,seqfam80_00bd6c9b17653b40c0c5,WETRKKKSGKGGKKFDVRRVG,278,false,false
acea,7,22,6,20266012,autoresearch-rule-crossover-v3,controlled_crossover,b4075bf302439bbaf78eb8b724dee85265b4039125edc7023daee6b356b3746b,47a746b76cdbbf0127a51172efebb48e247ca17be50ff62fe9bdecf67c1acbba,b1a9602ac0d96ff3bfea0b193465c634f8bf2a7513aa28b3788638fbf7e54f25,lineage-230cea4428857db9dc5a,WETRKGKKGKGGKSSHKHKKG,230cea4428857db9dc5a31b22675f8226f2773f0ff153f6d99a6c92b65141bb4,18.823810,1,0.047619,7.611757,false,pending,seqfam80_230cea4428857db9dc5a,WETRKGKKGKGGKSSHKHKKG,2,true,true
acea,7,23,6,20266013,autoresearch-rule-de-novo-v4,de_novo,33016b1724b32808955e3e0fcaecb4a8aabfea5251e176857d867e0f2de6c673,,,lineage-498c83cb0e490c22737b,TRTKRKKKKKRVQNFKKKQG,498c83cb0e490c22737b2328c8770dd802bdbd05200b3eac6c989e4527a860c5,38.890000,1,0.100000,11.185767,false,pending,seqfam80_498c83cb0e490c22737b,TRTKRKKKKKRVQNFKKKQG,1,true,true
acea,7,24,6,20266015,autoresearch-rule-de-novo-v4,de_novo,b1537ac5e6b4fbb4af67619f585fdb069c82ccf619fbaff194e20117b75291b9,,,lineage-fae8cc14042bbfc77b12,KVKKRKRKKKSKKVTGKNKQFNG,fae8cc14042bbfc77b128f98ca13484cb9ac31b99b4f7328ac8a3a15e2fc664b,28.965217,1,0.130435,12.529841,false,pending,seqfam80_fae8cc14042bbfc77b12,KVKKRKRKKKSKKVTGKNKQFNG,1,true,true
acea,7,25,7,20267011,autoresearch-rule-substitution-v3,masked_substitution,7e31306152c1933e3380075dd551142dc5884232d1468a321efd953b780ae342,01f3740d9c4af742501af433688119fd823b76521926ddd785c6ec8827f4be66,,lineage-51e31bd65a0872a6ca23,WETRKKFKGKGGKKFDVRNVG,51e31bd65a0872a6ca2377e12050d0873b1d09a7ba27de6a499881a16f83a314,-0.219048,1,0.238095,5.543936,false,pending,seqfam80_00bd6c9b17653b40c0c5,WETRKKKSGKGGKKFDVRRVG,278,false,false
acea,7,26,7,20267012,autoresearch-rule-crossover-v3,controlled_crossover,c4be024abce59184aa8cf7294c23be0915c4a6d1dbd37f5f920eaf9b5cf266ac,47a746b76cdbbf0127a51172efebb48e247ca17be50ff62fe9bdecf67c1acbba,32c555bc75b765cde852ac4cbabaa3ba4e7297a97a2fb0aec69c883d5efb6e0b,lineage-d964d2e545aedd814668,WETRKGKKGKGGKRNQERNQK,d964d2e545aedd814668619c1d53f7fcce84221a34b9b336a43b7ab9a0ea7dd2,20.409524,1,0.047619,6.544585,false,pending,seqfam80_a00148e5a3ee13bb6db1,WETRKKKKGKGGGRNQERNQK,4,true,true
acea,7,27,7,20267013,autoresearch-rule-de-novo-v4,de_novo,c214dd48a8743d77d5e5c04d0d3d3755aba639383bc33cec8c8e607aea6b86b7,,,lineage-19387ad41cf5d0e6c61a,FGHEDKAKKGEVRVNKKTRGHGN,19387ad41cf5d0e6c61a9e349097fbc10739f94c02e119fb45cbc1c0a5f027f0,5.682609,1,0.173913,3.620816,false,pending,seqfam80_19387ad41cf5d0e6c61a,FGHEDKAKKGEVRVNKKTRGHGN,1,true,true
acea,7,28,7,20267015,autoresearch-rule-de-novo-v4,de_novo,4e479a319d70842715ef281f11f87ca90cde5278d97098d5e6ae593bc97a14aa,,,lineage-c6cb4b35f22579a6447a,KKTVQNTHVKQNKVKRTKGRFKKKGK,c6cb4b35f22579a6447a878e22af2261bccd7e7374ac660eb657414ddc548b0c,16.030769,1,0.153846,11.568973,false,pending,seqfam80_c6cb4b35f22579a6447a,KKTVQNTHVKQNKVKRTKGRFKKKGK,1,true,true
acea,7,29,8,20268011,autoresearch-rule-substitution-v3,masked_substitution,1d9c50f359e97c6a055bd4c8cd8adeb8b9f81349c5f3d4a4df841f38b615776c,01f3740d9c4af742501af433688119fd823b76521926ddd785c6ec8827f4be66,,lineage-5cb1c07469f8939e0630,WETRKKFKGKGGKKFDVRSVG,5cb1c07469f8939e0630ecf4436d36920fc8bd5a0384bf117a3370b2f01fd1db,14.828571,1,0.238095,5.543936,false,pending,seqfam80_00bd6c9b17653b40c0c5,WETRKKKSGKGGKKFDVRRVG,278,false,false
acea,7,30,8,20268012,autoresearch-rule-crossover-v3,controlled_crossover,9be8b92cc5e4494eabe5c9c883730d488b34e2346738e2095b678178dfbee7b0,1af370f324139ec9b30f3207729fd12b90a23548310d2556c57d7e00d7a6a3f4,32c555bc75b765cde852ac4cbabaa3ba4e7297a97a2fb0aec69c883d5efb6e0b,lineage-a00148e5a3ee13bb6db1,WETRKKKKGKGGGRNQERNQK,a00148e5a3ee13bb6db128a57c03fa77804446319ad74600f134a9e12874e97d,22.890476,1,0.047619,6.544585,false,pending,seqfam80_a00148e5a3ee13bb6db1,WETRKKKKGKGGGRNQERNQK,4,true,true
acea,7,31,8,20268013,autoresearch-rule-de-novo-v4,de_novo,11d31802986dd57ff744deaa5820f0a10baa178734584e1141b4afcabb83bf9b,,,lineage-ae263b4686710db1a592,TKIKGKVKKKVFKKKRWHGYRKKKG,ae263b4686710db1a592233bd74ac43f452d34004be645c535060a9df0f20469,9.780000,2,0.240000,13.212396,false,pending,seqfam80_ae263b4686710db1a592,TKIKGKVKKKVFKKKRWHGYRKKKG,1,true,true
acea,7,32,8,20268015,autoresearch-rule-de-novo-v4,de_novo,fe2cd26ff9e77b2b9998bb35025aaf1db88c522b129942ac3544171c0b627371,,,lineage-f94974c8c809e7a629ae,RKKKRGVNRKYEGFGKKKVG,f94974c8c809e7a629aecc3a14106b0a6e86017d6838ec009606a1216fc52a16,5.050000,1,0.200000,8.538454,false,pending,seqfam80_f94974c8c809e7a629ae,RKKKRGVNRKYEGFGKKKVG,1,true,true
acea,7,33,9,20269011,autoresearch-rule-substitution-v3,masked_substitution,7f4ca9e8e65123b0fb18e602ba8b2545a35e4b319838d62a8801cbe17131b6b9,01f3740d9c4af742501af433688119fd823b76521926ddd785c6ec8827f4be66,,lineage-bad92acff99bef759d62,WETRKKFKGKGGKKSDVRAVG,bad92acff99bef759d62d65b5f6fb39a42e99792912f17b8e4f275da04bc942a,-11.971429,2,0.238095,5.543936,false,pending,seqfam80_00bd6c9b17653b40c0c5,WETRKKKSGKGGKKFDVRRVG,278,false,false
acea,7,34,9,20269012,autoresearch-rule-crossover-v3,controlled_crossover,a77e0ae70ff3aaef4819b979c7fe0b2d09a9fb081b217dfc41b3dbf8ad41da55,47a746b76cdbbf0127a51172efebb48e247ca17be50ff62fe9bdecf67c1acbba,219440fc8c44d1d84d318195d5ab0dae9cf27b631e561048f5b91ad401387e3c,lineage-42a4437279c1ce381563,WETRKGKKGKGGKKKRHKKKH,42a4437279c1ce3815637544a6039433bdd9b1598c13adff358c7e2534342063,27.114286,1,0.047619,10.606720,false,pending,seqfam80_42a4437279c1ce381563,WETRKGKKGKGGKKKRHKKKH,1,true,true
acea,7,35,9,20269013,autoresearch-rule-de-novo-v4,de_novo,68cba65b2982ec63e4123f82884b3c32c42129e582c387b81fe83838750a5877,,,lineage-472a26e380e7e08478e5,KNKWTKVKGFKWNKKKWTRET,472a26e380e7e08478e5f01444b68e532a401595c8cfe072af3be22c5e006184,7.023810,1,0.238095,7.538504,false,pending,seqfam80_472a26e380e7e08478e5,KNKWTKVKGFKWNKKKWTRET,1,true,true
acea,7,36,9,20269015,autoresearch-rule-de-novo-v4,de_novo,21e0d306aec2781b34152573eb22c290c43197588238cf23112f3f34872b44cd,,,lineage-16de11bba5249eceaa28,YTWRNGWNRRKVRKAQDRGGDVL,16de11bba5249eceaa28ebaf18bdecca0491d818c9a5f619b5714265df58a8cd,36.882609,2,0.304348,4.550703,false,pending,seqfam80_16de11bba5249eceaa28,YTWRNGWNRRKVRKAQDRGGDVL,1,true,true
acea,7,37,10,20270011,autoresearch-rule-substitution-v3,masked_substitution,eff62d0c2f20141d1fba05ebfbe5419e97b3c098b24d79239b38fc66500a83dd,01f3740d9c4af742501af433688119fd823b76521926ddd785c6ec8827f4be66,,lineage-4ba0fbda1209857d20f1,WETRKKFKGKGGKKNDVRAVG,4ba0fbda1209857d20f1225ce82ac6028eab2bf8f21b5e127c07d54fb6d143ab,-11.971429,2,0.238095,5.543936,false,pending,seqfam80_00bd6c9b17653b40c0c5,WETRKKKSGKGGKKFDVRRVG,278,false,false
acea,7,38,10,20270012,autoresearch-rule-crossover-v3,controlled_crossover,9ebe5a4711456010269f1949fa13bcb5ad531d7d5ee74b8815b2c6bb07318ec7,3ca9cdfa163ea9be30d84d139240a1bdb9ea97f96dd61ad15491b1abc88cf4b5,bccb6631a82262cd5644b20cea9050dab814a440c9dfc5378b0d5fa935d896e1,lineage-592e5e15cef5fc7a059e,HRYRKKRQEKHFDEKTEKKSNGRD,592e5e15cef5fc7a059eeb21b22c8ce9aebcd3898f6c82b0b662d3c5ce2b7a57,31.612500,1,0.083333,4.618591,false,pending,seqfam80_592e5e15cef5fc7a059e,HRYRKKRQEKHFDEKTEKKSNGRD,1,true,true
acea,7,39,10,20270013,autoresearch-rule-de-novo-v4,de_novo,86869136240f2c6e7ed82af1d1f5088346c26716813306fc10f533e9ae42e538,,,lineage-219869b28c24f26ae349,KGKKKKKKVYGNDKQRRVKRSFRKGN,219869b28c24f26ae349c00ec5fc64a0dc05e9d7a2615b099955b6b58f856c36,40.046154,2,0.153846,12.530237,false,pending,seqfam80_219869b28c24f26ae349,KGKKKKKKVYGNDKQRRVKRSFRKGN,1,true,true
acea,7,40,10,20270015,autoresearch-rule-de-novo-v4,de_novo,ae5e32bd2988b90e2be2329e1fea15a846af37502ab8bba6648ebb3b3b1da4ef,,,lineage-448d1052ebfc55071ab5,KKKGGGGRRKGHRKHKNTGKKD,448d1052ebfc55071ab5b15a0f9e50d118a70edf0b8fcd278d1663836962ec0c,43.877273,0,0.000000,9.612301,false,pending,seqfam80_448d1052ebfc55071ab5,KKKGGGGRRKGHRKHKNTGKKD,1,true,true
acea,7,41,11,20271011,autoresearch-rule-substitution-v3,masked_substitution,10e24e14e2d71747b7dd11afdcef2a5993262c19797595c5fc98a77a7e9c1f22,01f3740d9c4af742501af433688119fd823b76521926ddd785c6ec8827f4be66,,lineage-4dc09abf9dac450f2043,WETRKKFKGKGGKKKDVRAVG,4dc09abf9dac450f204349b4eb6fd6a551cc8e6e3e228e38156f002785645b1b,-11.971429,2,0.238095,6.541431,false,pending,seqfam80_00bd6c9b17653b40c0c5,WETRKKKSGKGGKKFDVRRVG,278,false,false
acea,7,42,11,20271012,autoresearch-rule-crossover-v3,controlled_crossover,cbc2bef26f50fda17b4c16816890f44c85f0643c1c760b84a83e3bf4f07e098e,3ca9cdfa163ea9be30d84d139240a1bdb9ea97f96dd61ad15491b1abc88cf4b5,8898f7efe96c1f3500400e1857d2dd7dc467aaf99128c4c3cc32eb26d42c1855,lineage-e6abaece62ac5e40c5b3,HRYRKKRQEKHFDEKTGRKRKDRD,e6abaece62ac5e40c5b34ba3637735967437b21e92580ba466be62d549b3189b,36.754167,1,0.083333,6.617866,false,pending,seqfam80_e6abaece62ac5e40c5b3,HRYRKKRQEKHFDEKTGRKRKDRD,1,true,true
acea,7,43,11,20271013,autoresearch-rule-de-novo-v4,de_novo,7e9de30d1d8591f06908474fd2f78148f8016f6a6643b22c893c964d6da898af,,,lineage-ece72285a7209ffba6f9,TWGKTRGDKRKKRVDKVRKTRL,ece72285a7209ffba6f95d36bbf1147b4a0fed62e4711f2689f2d721048788b4,1.509091,1,0.181818,8.194126,false,pending,seqfam80_ece72285a7209ffba6f9,TWGKTRGDKRKKRVDKVRKTRL,1,true,true
acea,7,44,11,20271015,autoresearch-rule-de-novo-v4,de_novo,815e9472011dc75795ca7d07f5461c0f2db2c767dc24209504aaf757436d1203,,,lineage-c05db005110cbf9083f6,KWKKVFKKTKKGKKGKNKKKLRKG,c05db005110cbf9083f6a1c1475879e34b1ba482755ccab5d0d874c55e768af4,-3.550000,2,0.166667,14.522349,false,pending,seqfam80_c05db005110cbf9083f6,KWKKVFKKTKKGKKGKNKKKLRKG,1,true,true
acea,7,45,12,20272011,autoresearch-rule-substitution-v3,masked_substitution,3bdf29e3404efab84d96a7738bfb8fef26690fa33ec8cf681356e9bce07bbb88,01f3740d9c4af742501af433688119fd823b76521926ddd785c6ec8827f4be66,,lineage-b129239300dc84f5f043,NETRKKFKGKGGKKFDVRAVG,b129239300dc84f5f0439e6d3c8d6f5755fd9e3fd2f3837ebceedf65375a9d3f,-6.095238,2,0.238095,5.543936,false,pending,seqfam80_00bd6c9b17653b40c0c5,WETRKKKSGKGGKKFDVRRVG,278,false,false
acea,7,46,12,20272012,autoresearch-rule-crossover-v3,controlled_crossover,8106828a1d4f5b19722322a2f704ab01c72662a50df5b5a9648f9b3f2e5996b3,3ca9cdfa163ea9be30d84d139240a1bdb9ea97f96dd61ad15491b1abc88cf4b5,fc0367ea44a5a1b2ae4f35973ad92355b9461b78ecd0dc08efb2f0cc9d2381e7,lineage-cc6e99652f536642446a,HRYRKKRQEKHFDEKTEKKNRKKK,cc6e99652f536642446a384092a9ac616cf504f8eeafa6491dfd6d6ee7876fe2,37.875000,1,0.083333,8.609358,false,pending,seqfam80_3ca9cdfa163ea9be30d8,HRYRKKRQEKHFDEKTEKKYFRKG,2,false,false
acea,7,47,12,20272013,autoresearch-rule-de-novo-v4,de_novo,6766ad827923a79bf3b98b2211a83e5fb29b676c97df337077c206738ee3be1f,,,lineage-fc586f3ef84788fc05ed,SAKGNKSRKKKRQKKKRDGKAKKKDT,fc586f3ef84788fc05edd61abb4f215ec170a14b779fc2796ebf9d83735f5c60,43.038462,1,0.076923,12.223979,false,pending,seqfam80_fc586f3ef84788fc05ed,SAKGNKSRKKKRQKKKRDGKAKKKDT,1,true,true
acea,7,48,12,20272015,autoresearch-rule-de-novo-v4,de_novo,b365e9b785c81d1c779b917a16cdbc84929d4f7b91dadd40cc72bfdf4fe4ea2b,,,lineage-07a23e7517fa142d2b5d,RTKKKKTTLRREGNRGKWGK,07a23e7517fa142d2b5d334a073571f66c9c18b623055974ef850bd68c5a0f18,25.605000,1,0.100000,8.543440,false,pending,seqfam80_07a23e7517fa142d2b5d,RTKKKKTTLRREGNRGKWGK,1,true,true
